molecule,mode_index,kind,freq,ref_label,ideal,V_Stretch,delta_b_mean,s_AB,rel_db,has_geometry,predicted_label,predicted_annotation,Tx,Ty,Tz,Rx,Ry,Rz,ref_key,reduced_mass,force_constant,irrep,d_CA
TeH2,Tx,external,0.0,translation,,0.0,,,,True,Tx,,1.0,0.0,0.0,0.0,0.0,0.12990865448147612,,,,,
TeH2,Ty,external,0.0,translation,,0.0,,,,True,Ty,,0.0,1.0,0.0,0.0,0.0,0.0,,,,,
TeH2,Tz,external,0.0,translation,,0.0,,,,True,Tz,,0.0,0.0,1.0,-0.3333333333333333,0.0,0.0,,,,,
TeH2,Rx,external,0.0,rotation,,0.0,,,,True,Rx,,0.0,0.0,-0.3333333333333333,1.0,0.0,0.0,,,,,
TeH2,Ry,external,0.0,rotation,,0.0,,,,True,Ry,,0.0,0.0,0.0,0.0,1.0,0.0,,,,,
TeH2,Rz,external,0.0,rotation,,0.0,,,,True,Rz,,0.1299086544814761,0.0,0.0,0.0,0.0,0.9999999999999999,,,,,
TeH2,1,internal,892.9572,bend,yes,0.026050807749450296,0.07462728255085084,Te1-H2:-0.0130;Te1-H3:-0.0130,Te1-H2:0.0746;Te1-H3:0.0746,True,B,,0.0,0.15094866646180277,0.0,0.0,0.0,0.0,Shi1972,1.016,0.4773,A1,0.00797
TeH2,2,internal,2062.3274,stretch,yes,0.9998312809551272,0.41993244944229624,Te1-H2:0.4999;Te1-H3:0.4999,Te1-H2:0.4199;Te1-H3:0.4199,True,S,,0.0,-0.12109717852832776,0.0,0.0,0.0,0.0,Shi1972,1.015,2.5436,A1,0.00748
TeH2,3,internal,2070.5516,stretch,yes,0.999970416378891,0.4202589663409906,Te1-H2:0.5000;Te1-H3:-0.5000,Te1-H2:0.4203;Te1-H3:-0.4203,True,S,,0.142448988919943,0.0,0.0,0.0,0.0,0.32810776822427484,Shi1972,1.0157,2.5657,B2,0.00783
IH3,Tx,external,0.0,translation,,0.0,,,,True,Tx,,1.0,0.0,0.0,0.0,0.0,0.07409793750009708,,,,,
IH3,Ty,external,0.0,translation,,0.0,,,,True,Ty,,0.0,1.0,0.0,0.0,0.0,0.0,,,,,
IH3,Tz,external,0.0,translation,,0.0,,,,True,Tz,,0.0,0.0,1.0,-0.5,0.0,0.0,,,,,
IH3,Rx,external,0.0,rotation,,0.0,,,,True,Rx,,0.0,0.0,-0.5,1.0,0.0,0.0,,,,,
IH3,Ry,external,0.0,rotation,,0.0,,,,True,Ry,,0.0,0.0,0.0,0.0,1.0,0.0,,,,,
IH3,Rz,external,0.0,rotation,,1.747758038572825e-17,,,,True,Rz,,0.07409793750009706,0.0,0.0,0.0,0.0,1.0,,,,,
IH3,1,internal,827.3858,bend,yes,0.0,0.046407675315575464,I1-H2:0.0000;I1-H3:0.0000;I1-H4:0.0000,I1-H2:0.0100;I1-H3:0.0646;I1-H4:0.0646,True,B,,0.0,0.0,0.0,-0.5,0.0,0.0,Sch1974,1.0179,0.4105,B1,0.00893
IH3,2,internal,950.6014,bend,yes,0.11952371350643608,0.08478443967470028,I1-H2:-0.0035;I1-H3:0.0580;I1-H4:0.0580,I1-H2:-0.0363;I1-H3:0.1090;I1-H4:0.1090,True,B,,0.0,0.48068896769356484,0.0,0.0,0.0,0.0,Sch1974,1.0235,0.5449,A1,0.01118
IH3,3,internal,1203.9765,bend,yes,0.17326891344050538,0.11182286451329017,I1-H2:0.0000;I1-H3:0.0866;I1-H4:-0.0866,I1-H2:0.1151;I1-H3:0.1277;I1-H4:-0.0927,True,B,,0.17745689807007034,0.0,0.0,0.0,0.0,0.06401042912058477,Sch1974,1.0175,0.869,B2,0.00878
IH3,4,internal,1254.6499,stretch,yes,0.9286558483385356,0.24277338439952914,I1-H2:0.0000;I1-H3:0.4643;I1-H4:-0.4643,I1-H2:0.0107;I1-H3:0.3608;I1-H4:-0.3568,True,S,,-7.556057351809642e-06,0.0,0.0,0.0,0.0,0.07681528332917655,Sch1974,1.0177,0.9439,B2,0.00885
IH3,5,internal,1355.7306,stretch,yes,0.9919121455107018,0.2752515712526846,I1-H2:-0.0254;I1-H3:0.4833;I1-H4:0.4833,I1-H2:-0.0956;I1-H3:0.3651;I1-H4:0.3651,True,S,,0.0,0.35976423337255126,0.0,0.0,0.0,0.0,Sch1974,1.0082,1.0919,A1,0.00183
IH3,6,internal,1966.1601,stretch,yes,0.9995815213597394,0.23999457350976094,I1-H2:-0.9716;I1-H3:-0.0140;I1-H4:-0.0140,I1-H2:-0.5958;I1-H3:-0.0621;I1-H4:-0.0621,True,S,,0.0,-0.038929638453414864,0.0,0.0,0.0,0.0,Sch1974,1.0152,2.3124,A1,0.00768
SbH3,Tx,external,0.0,translation,,0.0,,,,True,Tx,,1.0,0.0,0.0,0.0,-0.27504363058448095,0.0,,,,,
SbH3,Ty,external,0.0,translation,,0.0,,,,True,Ty,,0.0,1.0,0.0,0.2942446357922011,0.0,6.360624697313947e-07,,,,,
SbH3,Tz,external,0.0,translation,,0.0,,,,True,Tz,,0.0,0.0,1.0,0.0,-0.09923239857443486,0.0,,,,,
SbH3,Rx,external,0.0,rotation,,4.106788801809088e-17,,,,True,Rx,,0.0,0.29424463579220117,0.0,1.0,0.0,-0.13716986848925972,,,,,
SbH3,Ry,external,0.0,rotation,,3.10510536317922e-17,,,,True,Ry,,-0.27504363058448095,0.0,-0.09923239857443478,0.0,1.0,0.0,,,,,
SbH3,Rz,external,0.0,rotation,,0.0,,,,True,Rz,,0.0,4.770468523540572e-07,0.0,-0.10287740136694479,0.0,1.0,,,,,
SbH3,1,internal,819.1607,bend,yes,0.05405871484275662,0.03803887722986909,Sb1-H2:-0.0180;Sb1-H3:-0.0180;Sb1-H4:-0.0180,Sb1-H2:0.0380;Sb1-H3:0.0380;Sb1-H4:0.0380,True,B,,-8.586249184983075e-07,0.0,0.39703417620794856,0.0,-0.11724010472767027,0.0,Har2011,1.0264,0.4058,A1,0.01245
SbH3,2,internal,832.9185,bend,yes,0.006423582861070023,0.05382574029981229,Sb1-H2:0.0000;Sb1-H3:0.0032;Sb1-H4:-0.0032,Sb1-H2:0.0830;Sb1-H3:0.0429;Sb1-H4:0.0356,True,B,,1.7486651760767469e-06,0.022698804878497125,-5.079178285766206e-06,0.279935717442231,6.0267241596689836e-06,0.15244693598515258,Har2011,1.0127,0.4139,E,0.00635
SbH3,3,internal,832.9185,bend,yes,0.007838568949711825,0.053880997748709435,Sb1-H2:0.0029;Sb1-H3:-0.0025;Sb1-H4:-0.0025,Sb1-H2:0.0285;Sb1-H3:0.0666;Sb1-H4:0.0666,True,B,,0.011417517397606741,1.0502379035964848e-05,-0.08474869184046274,4.484297529167014e-06,0.21392623552953924,-1.3080063754740875e-05,Har2011,1.0127,0.4139,E,0.006350000000000001
SbH3,4,internal,1929.8925,stretch,yes,0.9999474405690693,0.31528384451954,Sb1-H2:0.6666;Sb1-H3:-0.1667;Sb1-H4:-0.1666,Sb1-H2:0.4729;Sb1-H3:-0.2365;Sb1-H4:-0.2364,True,S,,-0.1650546587008385,-2.2921346265469822e-07,0.13469999195987944,3.6393471729875664e-07,0.2410800783223708,-1.568258363553755e-06,Har2011,1.0165,2.2307,E,0.00852
SbH3,5,internal,1929.8925,stretch,yes,0.99994584346182,0.2730453770715624,Sb1-H2:0.0000;Sb1-H3:0.5000;Sb1-H4:-0.5000,Sb1-H2:0.0000;Sb1-H3:0.4096;Sb1-H4:-0.4096,True,S,,-0.0007517712098134149,-0.13642429309461968,-0.0007529465541780134,-0.0038945152041817374,-0.0002345235326224474,0.3301980803330541,Har2011,1.0165,2.2307,E,0.00852
SbH3,6,internal,1938.4418,stretch,yes,0.9990593200645597,0.3333478755646844,Sb1-H2:0.3330;Sb1-H3:0.3330;Sb1-H4:0.3330,Sb1-H2:0.3333;Sb1-H3:0.3333;Sb1-H4:0.3333,True,S,,4.425846840183656e-06,0.0,-0.12231785520581892,0.0,-0.005045718469653087,0.0,Har2011,1.014,2.2448,A1,0.007170000000000001
InH3,Tx,external,0.0,translation,,0.0,,,,True,Tx,,1.0,0.0,0.0,0.0,0.0,0.0,,,,,
InH3,Ty,external,0.0,translation,,0.0,,,,True,Ty,,0.0,1.0,0.0,0.0,0.0,-9.332618404004715e-08,,,,,
InH3,Tz,external,0.0,translation,,0.0,,,,True,Tz,,0.0,0.0,1.0,0.0,0.3333333333333333,0.0,,,,,
InH3,Rx,external,0.0,rotation,,0.0,,,,True,Rx,,0.0,0.0,0.0,1.0,0.0,0.0,,,,,
InH3,Ry,external,0.0,rotation,,0.0,,,,True,Ry,,0.0,0.0,0.25,0.0,1.0,0.0,,,,,
InH3,Rz,external,0.0,rotation,,3.600124714136618e-17,,,,True,Rz,,0.0,-6.999463797452421e-08,0.0,0.0,0.0,1.0,,,,,
InH3,1,internal,609.5399,bend,yes,0.0,0.053912162076918624,In1-H2:0.0000;In1-H3:0.0000;In1-H4:0.0000,In1-H2:0.0539;In1-H3:0.0539;In1-H4:0.0539,True,B,,0.0,0.0,0.5,0.0,0.3333333333333333,0.0,Shi1977,1.0341,0.2264,"A2""",0.01519
InH3,2,internal,653.4335,bend,yes,0.03178155777137806,0.05249881987260203,In1-H2:0.0018;In1-H3:-0.0148;In1-H4:-0.0151,In1-H2:0.0242;In1-H3:0.0677;In1-H4:0.0656,True,B,,0.431108286192176,0.058299694681330685,0.0,0.0,0.0,0.0807181467110244,Shi1977,1.022,0.2571,E',0.011150542587695005
InH3,3,internal,653.4335,bend,yes,0.03039606729065863,0.05196844762658928,In1-H2:-0.0003;In1-H3:0.0149;In1-H4:-0.0152,In1-H2:0.1024;In1-H3:0.0462;In1-H4:0.0073,True,B,,0.0019472407609416598,0.27867086597480706,0.0,0.0,0.0,-0.3318120169446559,Shi1977,1.022,0.2571,E',0.011150542587695005
InH3,4,internal,1774.5433,stretch,yes,0.9991613747408893,0.27402025624913784,In1-H2:0.0016;In1-H3:0.4745;In1-H4:-0.5231,In1-H2:0.0197;In1-H3:0.3914;In1-H4:-0.4109,True,S,,0.14578466937992646,-0.01855023587725166,0.0,0.0,0.0,-0.23870118019692463,Shi1977,1.0196,1.8917,E',0.010169095338327792
InH3,5,internal,1774.5433,stretch,yes,0.9992381339761599,0.3087227872949661,In1-H2:0.6645;In1-H3:-0.1917;In1-H4:-0.1431,In1-H2:0.4632;In1-H3:-0.2484;In1-H4:-0.2145,True,S,,0.2100758282812314,0.012960382281897137,0.0,0.0,0.0,-0.005088202070887629,Shi1977,1.0196,1.8917,E',0.010169095338327792
InH3,6,internal,1791.3598,stretch,yes,0.9999999999830435,0.32427126691545655,In1-H2:0.3333;In1-H3:0.3333;In1-H4:0.3333,In1-H2:0.3243;In1-H3:0.3243;In1-H4:0.3243,True,S,,-3.1601533954095373e-06,0.0,0.0,0.0,0.0,0.0,Shi1977,1.0078,1.9055,A1',0.0
TeH4,Tx,external,0.0,translation,,0.0,,,,True,Tx,,1.0,0.0,0.0,0.0,-0.33026624739072574,0.0,,,,,
TeH4,Ty,external,0.0,translation,,0.0,,,,True,Ty,,0.0,1.0,0.0,0.33015893575672106,0.0,0.0,,,,,
TeH4,Tz,external,0.0,translation,,0.0,,,,True,Tz,,0.0,0.0,1.0,0.0,0.0,0.0,,,,,
TeH4,Rx,external,0.0,rotation,,4.216257905701589e-17,,,,True,Rx,,0.0,0.33015893575672106,0.0,1.0,0.0,0.0,,,,,
TeH4,Ry,external,0.0,rotation,,8.432338852651735e-17,,,,True,Ry,,-0.33026624739072574,0.0,0.0,0.0,1.0,0.0,,,,,
TeH4,Rz,external,0.0,rotation,,0.0,,,,True,Rz,,0.0,0.0,0.0,0.0,0.0,1.0,,,,,
TeH4,1,internal,485.3179,bend,yes,0.17293737392308323,0.04743486646917301,Te1-H2:0.0432;Te1-H3:-0.0432;Te1-H4:-0.0432;Te1-H5:0.0432,Te1-H2:0.0861;Te1-H3:-0.0087;Te1-H4:-0.0087;Te1-H5:0.0861,True,B,,0.0,0.0,6.0696338621335503e-05,0.0,0.0,0.0,Raf2013,1.0078,0.1399,A1,0.0
TeH4,2,internal,822.671,bend,yes,0.06992482505789864,0.02220068691838802,Te1-H2:-0.0174;Te1-H3:-0.0175;Te1-H4:-0.0175;Te1-H5:-0.0174,Te1-H2:0.0222;Te1-H3:0.0222;Te1-H4:0.0222;Te1-H5:0.0222,True,B,,0.0,0.0,0.5690041261942403,0.0,0.0,0.0,Raf2013,1.0365,0.4133,A1,0.01491
TeH4,3,internal,1128.9399,bend,yes,0.03355258305029342,0.05698476370026288,Te1-H2:0.0000;Te1-H3:-0.0168;Te1-H4:0.0168;Te1-H5:0.0000,Te1-H2:0.0720;Te1-H3:-0.0341;Te1-H4:0.0498;Te1-H5:0.0720,True,B,,0.17614010143154016,0.0,0.0,0.0,-0.21470907134247375,0.0,Raf2013,1.0211,0.7668,B1,0.01015
TeH4,4,internal,1129.0557,bend,yes,0.03345403894923033,0.05689759032891701,Te1-H2:0.0167;Te1-H3:0.0000;Te1-H4:0.0000;Te1-H5:-0.0167,Te1-H2:0.0497;Te1-H3:0.0720;Te1-H4:0.0720;Te1-H5:-0.0340,True,B,,0.0,0.1757251557661065,0.0,0.21456722105386733,0.0,0.0,Raf2013,1.0211,0.7669,B2,0.01014
TeH4,5,internal,1286.5674,bend,yes,0.0,0.03979302306593681,Te1-H2:0.0000;Te1-H3:0.0000;Te1-H4:0.0000;Te1-H5:0.0000,Te1-H2:0.0398;Te1-H3:0.0398;Te1-H4:0.0398;Te1-H5:0.0398,True,B,,0.0,0.0,0.0,0.0,0.0,0.0,Raf2013,1.0078,0.9829,A2,0.0
TeH4,6,internal,1657.2033,stretch,yes,0.9849328879114732,0.28024344171231563,Te1-H2:0.2453;Te1-H3:-0.2472;Te1-H4:-0.2472;Te1-H5:0.2453,Te1-H2:0.2810;Te1-H3:-0.2795;Te1-H4:-0.2795;Te1-H5:0.2810,True,S,,0.0,0.0,-0.20033998574382142,0.0,0.0,0.0,Raf2013,1.0078,1.6307,A1,1e-05
TeH4,7,internal,1719.2376,stretch,yes,0.9922547529855351,0.20312224757780345,Te1-H2:0.0000;Te1-H3:-0.4961;Te1-H4:0.4961;Te1-H5:0.0000,Te1-H2:0.0006;Te1-H3:-0.4055;Te1-H4:0.4058;Te1-H5:0.0006,True,S,,-0.21887107007436743,0.0,0.0,0.0,0.19067211186675992,0.0,Raf2013,1.019,1.7746,B1,0.00933
TeH4,8,internal,1720.0947,stretch,yes,0.9923163631603608,0.20315403421962247,Te1-H2:0.4962;Te1-H3:0.0000;Te1-H4:0.0000;Te1-H5:-0.4962,Te1-H2:0.4059;Te1-H3:0.0006;Te1-H4:0.0006;Te1-H5:-0.4056,True,S,,0.0,-0.21884604068293,0.0,-0.1907031088600971,0.0,0.0,Raf2013,1.019,1.7764,B2,0.00933
TeH4,9,internal,1867.6905,stretch,yes,0.9980791393034608,0.28511752441053506,Te1-H2:0.2505;Te1-H3:0.2485;Te1-H4:0.2485;Te1-H5:0.2505,Te1-H2:0.2857;Te1-H3:0.2845;Te1-H4:0.2845;Te1-H5:0.2857,True,S,,0.0,0.0,-0.014369567993595234,0.0,0.0,0.0,Raf2013,1.0101,2.0759,A1,0.00416
XeH4,Tx,external,0.0,translation,,0.0,,,,True,Tx,,1.0,0.0,0.0,0.0,0.0,0.0,,,,,
XeH4,Ty,external,0.0,translation,,0.0,,,,True,Ty,,0.0,1.0,0.0,0.0,0.0,0.0,,,,,
XeH4,Tz,external,0.0,translation,,0.0,,,,True,Tz,,0.0,0.0,1.0,0.0,0.0,0.0,,,,,
XeH4,Rx,external,0.0,rotation,,0.0,,,,True,Rx,,0.0,0.0,0.0,1.0,0.0,0.0,,,,,
XeH4,Ry,external,0.0,rotation,,0.0,,,,True,Ry,,0.0,0.0,0.0,0.0,1.0,0.0,,,,,
XeH4,Rz,external,0.0,rotation,,0.0,,,,True,Rz,,0.0,0.0,0.0,0.0,0.0,1.0,,,,,
XeH4,1,internal,246.7141,bend,yes,0.0,0.03038965089758982,Xe1-H2:0.0000;Xe1-H3:0.0000;Xe1-H4:0.0000;Xe1-H5:0.0000,Xe1-H2:0.0304;Xe1-H3:0.0304;Xe1-H4:0.0304;Xe1-H5:0.0304,True,B,,0.0,0.0,0.0,0.0,0.0,0.0,Tsa1971,1.0078,0.0361,B2G,0.0
XeH4,2,internal,578.6794,bend,yes,0.02411086034061817,0.05738276336973601,Xe1-H2:-0.0120;Xe1-H3:-0.0000;Xe1-H4:0.0120;Xe1-H5:0.0000,Xe1-H2:-0.0551;Xe1-H3:0.0597;Xe1-H4:0.0551;Xe1-H5:0.0597,True,B,,0.00019474452753958445,-0.1999999497986477,0.0,0.0,0.0,0.0,Tsa1971,1.018,0.2009,EU,0.00882
XeH4,3,internal,578.6794,bend,yes,0.02411086034061817,0.057382763369736,Xe1-H2:0.0000;Xe1-H3:-0.0120;Xe1-H4:-0.0000;Xe1-H5:0.0120,Xe1-H2:0.0597;Xe1-H3:-0.0551;Xe1-H4:0.0597;Xe1-H5:0.0551,True,B,,-0.19999994979864774,-0.00019474452753958445,0.0,0.0,0.0,-1.1953328951652686e-17,Tsa1971,1.018,0.2009,EU,0.00882
XeH4,4,internal,699.2541,bend,yes,0.0,0.03038965089758982,Xe1-H2:0.0000;Xe1-H3:0.0000;Xe1-H4:0.0000;Xe1-H5:0.0000,Xe1-H2:0.0304;Xe1-H3:0.0304;Xe1-H4:0.0304;Xe1-H5:0.0304,True,B,,0.0,0.0,0.0,0.0,0.0,0.0,Tsa1971,1.0078,0.2903,B2U,0.0
XeH4,5,internal,721.2911,bend,yes,0.0,0.03223857444879668,Xe1-H2:0.0000;Xe1-H3:0.0000;Xe1-H4:0.0000;Xe1-H5:0.0000,Xe1-H2:0.0322;Xe1-H3:0.0322;Xe1-H4:0.0322;Xe1-H5:0.0322,True,B,,0.0,0.0,0.6000000000000001,0.0,0.0,0.0,Tsa1971,1.0384,0.3183,A2U,0.01528
XeH4,6,internal,1243.3578,stretch,yes,1.0,0.24840054886585275,Xe1-H2:0.2500;Xe1-H3:-0.2500;Xe1-H4:0.2500;Xe1-H5:-0.2500,Xe1-H2:0.2484;Xe1-H3:-0.2484;Xe1-H4:0.2484;Xe1-H5:-0.2484,True,S,,0.0,0.0,0.0,0.0,0.0,0.0,Tsa1971,1.0078,0.918,B1G,0.0
XeH4,7,internal,1253.7117,stretch,yes,0.9713451522315091,0.1774897590374604,Xe1-H2:-0.0000;Xe1-H3:0.4857;Xe1-H4:0.0000;Xe1-H5:-0.4857,Xe1-H2:0.0018;Xe1-H3:0.3531;Xe1-H4:0.0019;Xe1-H5:-0.3531,True,S,,0.5999999733969467,-0.0001514993059511733,0.0,0.0,0.0,1.2181180814464093e-17,Tsa1971,1.0278,0.9518,EU,0.01235
XeH4,8,internal,1253.7117,stretch,yes,0.9713451522315091,0.17748975903746042,Xe1-H2:0.4857;Xe1-H3:0.0000;Xe1-H4:-0.4857;Xe1-H5:-0.0000,Xe1-H2:0.3531;Xe1-H3:0.0019;Xe1-H4:-0.3531;Xe1-H5:0.0018,True,S,,0.00015149930595117334,0.5999999733969468,0.0,0.0,0.0,0.0,Tsa1971,1.0278,0.9518,EU,0.01235
XeH4,9,internal,1268.3514,stretch,yes,1.0,0.24840054886585275,Xe1-H2:0.2500;Xe1-H3:0.2500;Xe1-H4:0.2500;Xe1-H5:0.2500,Xe1-H2:0.2484;Xe1-H3:0.2484;Xe1-H4:0.2484;Xe1-H5:0.2484,True,S,,0.0,0.0,0.0,0.0,0.0,0.0,Tsa1971,1.0078,0.9552,A1G,0.0
SnH4,Tx,external,0.0,translation,,0.0,,,,True,Tx,,1.0,0.0,0.0,0.0,0.0,0.0,,,,,
SnH4,Ty,external,0.0,translation,,0.0,,,,True,Ty,,0.0,1.0,0.0,0.0,0.0,0.0,,,,,
SnH4,Tz,external,0.0,translation,,0.0,,,,True,Tz,,0.0,0.0,1.0,0.0,0.0,0.0,,,,,
SnH4,Rx,external,0.0,rotation,,0.0,,,,True,Rx,,0.0,0.0,0.0,1.0,0.0,0.0,,,,,
SnH4,Ry,external,0.0,rotation,,0.0,,,,True,Ry,,0.0,0.0,0.0,0.0,1.0,0.0,,,,,
SnH4,Rz,external,0.0,rotation,,0.0,,,,True,Rz,,0.0,0.0,0.0,0.0,0.0,1.0,,,,,
SnH4,1,internal,719.7996,bend,yes,0.02212239384929181,0.04172642300303552,Sn1-H2:0.0001;Sn1-H3:0.0000;Sn1-H4:0.0110;Sn1-H5:-0.0110,Sn1-H2:0.0623;Sn1-H3:0.0623;Sn1-H4:0.0392;Sn1-H5:0.0031,True,B,,-0.3170755706149373,0.3181981801321447,0.00031752629957200186,0.1825496528648769,0.18206283695726325,1.051351763302756e-05,Nis2002,1.0315,0.3149,T2,0.014234131515480669
SnH4,2,internal,719.7996,bend,yes,0.03161597884169869,0.04192931794528355,Sn1-H2:0.0091;Sn1-H3:0.0023;Sn1-H4:-0.0102;Sn1-H5:-0.0101,Sn1-H2:0.0315;Sn1-H3:0.0638;Sn1-H4:0.0360;Sn1-H5:0.0364,True,B,,0.102450961509708,0.09998629354105591,0.43600531041219287,0.14272675614180938,-0.14066749870889245,-0.0015541342480225318,Nis2002,1.0315,0.3149,T2,0.014229174255732481
SnH4,3,internal,719.7996,bend,yes,0.024418504307423573,0.05214439766186327,Sn1-H2:0.0090;Sn1-H3:-0.0027;Sn1-H4:0.0064;Sn1-H5:0.0064,Sn1-H2:0.0603;Sn1-H3:-0.0215;Sn1-H4:0.0634;Sn1-H5:0.0634,True,B,,0.33600979862662833,0.33677006920929203,-0.0940415653354613,-0.19070503665233196,0.19008330889308866,-0.0006256538695772751,Nis2002,1.0315,0.3149,T2,0.014233077671396303
SnH4,4,internal,746.8862,bend,yes,0.0,0.04012114135741753,Sn1-H2:0.0000;Sn1-H3:0.0000;Sn1-H4:0.0000;Sn1-H5:0.0000,Sn1-H2:0.0401;Sn1-H3:0.0401;Sn1-H4:0.0401;Sn1-H5:0.0401,True,B,,0.0,0.0,0.0,0.0,0.0,0.0,Nis2002,1.0078,0.3312,E,0.0
SnH4,5,internal,746.8862,bend,yes,6.352626460991506e-17,0.0401210037683731,Sn1-H2:0.0000;Sn1-H3:0.0000;Sn1-H4:0.0000;Sn1-H5:0.0000,Sn1-H2:0.0401;Sn1-H3:0.0401;Sn1-H4:0.0401;Sn1-H5:0.0401,True,B,,0.0,0.0,0.0,0.0,0.0,0.0,Nis2002,1.0078,0.3312,E,0.0
SnH4,6,internal,1928.0926,stretch,yes,0.9992972554380501,0.20437660806493962,Sn1-H2:0.0000;Sn1-H3:0.0000;Sn1-H4:-0.5001;Sn1-H5:0.4992,Sn1-H2:0.0004;Sn1-H3:0.0001;Sn1-H4:-0.4087;Sn1-H5:0.4083,True,S,,-0.19478994244508188,0.19908653232424328,0.002447028293713083,-0.24038149213299262,-0.24050286704111748,-5.863125939944209e-05,Nis2002,1.0178,2.2293,T2,0.009248962103933608
SnH4,7,internal,1928.0926,stretch,yes,0.9995898468778787,0.2514364772806717,Sn1-H2:0.6131;Sn1-H3:0.0077;Sn1-H4:-0.1889;Sn1-H5:-0.1899,Sn1-H2:0.4525;Sn1-H3:0.0504;Sn1-H4:-0.2511;Sn1-H5:-0.2517,True,S,,-0.0957183281460934,-0.09603429812099691,0.21752652265911762,0.05286478756159531,-0.052875541838829074,7.439834978425867e-05,Nis2002,1.0178,2.2293,T2,0.009245269060443834
SnH4,8,internal,1928.0926,stretch,yes,0.9995911735956814,0.2488507774710177,Sn1-H2:-0.1365;Sn1-H3:0.7418;Sn1-H4:-0.0607;Sn1-H5:-0.0607,Sn1-H2:-0.2134;Sn1-H3:0.4978;Sn1-H4:-0.1421;Sn1-H5:-0.1421,True,S,,-0.07513894661029628,-0.07513926819561832,0.10695504624432871,0.008757009287329202,-0.008758329699968957,-1.6512632031173702e-06,Nis2002,1.0178,2.2293,T2,0.009244171136451337
SnH4,9,internal,1945.6113,stretch,yes,1.0,0.28610193545957374,Sn1-H2:0.2500;Sn1-H3:0.2500;Sn1-H4:0.2500;Sn1-H5:0.2500,Sn1-H2:0.2861;Sn1-H3:0.2861;Sn1-H4:0.2861;Sn1-H5:0.2861,True,S,,0.0,0.0,0.0,0.0,0.0,0.0,Nis2002,1.0078,2.2477,A1,0.0
SbH5,Tx,external,0.0,translation,,0.0,,,,True,Tx,,1.0,0.0,0.0,0.0,-0.2,0.0,,,,,
SbH5,Ty,external,0.0,translation,,0.0,,,,True,Ty,,0.0,1.0,0.0,-3.892246099497972e-09,0.0,0.0,,,,,
SbH5,Tz,external,0.0,translation,,0.0,,,,True,Tz,,0.0,0.0,1.0,0.0,0.0,0.0,,,,,
SbH5,Rx,external,0.0,rotation,,0.0,,,,True,Rx,,0.0,-1.946123049748986e-09,0.0,1.0,0.0,0.0,,,,,
SbH5,Ry,external,0.0,rotation,,0.0,,,,True,Ry,,-0.16666666666666666,0.0,0.0,0.0,1.0,0.0,,,,,
SbH5,Rz,external,0.0,rotation,,0.0,,,,True,Rz,,0.0,0.0,0.0,0.0,0.0,1.0,,,,,
SbH5,1,internal,463.0381,bend,yes,0.03574126719836828,0.04293210393612244,Sb1-H2:-0.0025;Sb1-H3:0.0000;Sb1-H4:0.0000;Sb1-H5:0.0166;Sb1-H6:0.0166,Sb1-H2:-0.0287;Sb1-H3:0.0084;Sb1-H4:0.0084;Sb1-H5:0.0845;Sb1-H6:0.0845,True,B,,0.0,0.0,-0.38512658763587854,0.0,0.0,0.0,Car1963,1.0107,0.1277,E',0.00494
SbH5,2,internal,463.0383,bend,yes,0.03344296327880122,0.03184733280135977,Sb1-H2:0.0000;Sb1-H3:0.0000;Sb1-H4:0.0000;Sb1-H5:-0.0167;Sb1-H6:0.0167,Sb1-H2:0.0938;Sb1-H3:0.0084;Sb1-H4:0.0084;Sb1-H5:-0.0000;Sb1-H6:0.0485,True,B,,0.0,-0.203489076669994,0.0,0.3282578001018832,0.0,0.0,Car1963,1.0107,0.1277,E',0.00494
SbH5,3,internal,878.296,bend,yes,0.015223418460903871,0.04274864674730397,Sb1-H2:0.0000;Sb1-H3:0.0000;Sb1-H4:0.0000;Sb1-H5:0.0076;Sb1-H6:-0.0076,Sb1-H2:0.0134;Sb1-H3:0.0700;Sb1-H4:0.0700;Sb1-H5:0.0335;Sb1-H6:-0.0268,True,B,,0.0,0.5744403183660381,2.8027483509977336e-07,0.30644092854895516,0.0,0.0,Car1963,1.035,0.4704,E',0.01506
SbH5,4,internal,878.296,bend,yes,0.017903341529016174,0.03789453759880509,Sb1-H2:0.0035;Sb1-H3:0.0000;Sb1-H4:0.0000;Sb1-H5:-0.0072;Sb1-H6:-0.0072,Sb1-H2:0.0350;Sb1-H3:0.0700;Sb1-H4:0.0700;Sb1-H5:-0.0072;Sb1-H6:-0.0072,True,B,,0.0,0.0,0.6368425681278813,0.0,0.0,0.0,Car1963,1.035,0.4704,E',0.01506
SbH5,5,internal,954.3193,bend,yes,0.01532948578834906,0.053603938945304366,Sb1-H2:0.0000;Sb1-H3:0.0077;Sb1-H4:-0.0077;Sb1-H5:0.0000;Sb1-H6:0.0000,Sb1-H2:0.0558;Sb1-H3:0.0504;Sb1-H4:-0.0504;Sb1-H5:0.0558;Sb1-H6:0.0558,True,B,,0.6666666666666666,0.0,0.0,0.0,-0.2,0.0,Car1963,1.037,0.5564,"A2""",0.0156
SbH5,6,internal,1097.1062,bend,yes,0.0,0.03161266242422467,Sb1-H2:0.0000;Sb1-H3:0.0000;Sb1-H4:0.0000;Sb1-H5:0.0000;Sb1-H6:0.0000,Sb1-H2:0.0623;Sb1-H3:0.0320;Sb1-H4:0.0320;Sb1-H5:0.0159;Sb1-H6:0.0159,True,B,,-0.16666666666666666,0.0,0.0,0.0,0.20000000009622992,1.0967557960928076e-05,Car1963,1.0078,0.7147,"E""",0.0
SbH5,7,internal,1097.1062,bend,yes,0.0,0.03160799217223827,Sb1-H2:0.0000;Sb1-H3:0.0000;Sb1-H4:0.0000;Sb1-H5:0.0000;Sb1-H6:0.0000,Sb1-H2:0.0000;Sb1-H3:0.0320;Sb1-H4:0.0320;Sb1-H5:0.0470;Sb1-H6:0.0470,True,B,,-0.16666666666666666,0.0,0.0,0.0,-0.19999122595363125,-1.2028739115876874e-10,Car1963,1.0078,0.7147,"E""",0.0
SbH5,8,internal,1641.9277,stretch,yes,0.9999999999979856,0.24021861870340255,Sb1-H2:-0.0961;Sb1-H3:0.3558;Sb1-H4:0.3558;Sb1-H5:-0.0962;Sb1-H6:-0.0962,Sb1-H2:-0.1780;Sb1-H3:0.3335;Sb1-H4:0.3335;Sb1-H5:-0.1780;Sb1-H6:-0.1780,True,S,,0.0,0.0,-1.3232692552915073e-06,0.0,0.0,0.0,Car1963,1.0078,1.6008,A1',0.0
SbH5,9,internal,1694.9504,stretch,yes,0.9888934183474416,0.15951589000375468,Sb1-H2:0.0000;Sb1-H3:0.4944;Sb1-H4:-0.4944;Sb1-H5:0.0000;Sb1-H6:0.0000,Sb1-H2:0.0006;Sb1-H3:0.3979;Sb1-H4:-0.3979;Sb1-H5:0.0006;Sb1-H6:0.0006,True,S,,-0.3333333333333333,0.0,0.0,0.0,0.2,0.0,Car1963,1.0196,1.7258,"A2""",0.00991
SbH5,10,internal,1902.9079,stretch,yes,0.9927178736713564,0.1637319441609753,Sb1-H2:0.0000;Sb1-H3:0.0000;Sb1-H4:0.0000;Sb1-H5:0.4964;Sb1-H6:-0.4964,Sb1-H2:0.0002;Sb1-H3:0.0004;Sb1-H4:0.0004;Sb1-H5:0.4088;Sb1-H6:-0.4087,True,S,,0.0,-0.041483774190027425,0.0,-0.3204189643753419,0.0,0.0,Car1963,1.0185,2.173,E',0.00945
SbH5,11,internal,1902.9079,stretch,yes,0.993376725764097,0.1889079029383727,Sb1-H2:0.6616;Sb1-H3:0.0000;Sb1-H4:0.0000;Sb1-H5:-0.1659;Sb1-H6:-0.1659,Sb1-H2:0.4720;Sb1-H3:0.0004;Sb1-H4:0.0004;Sb1-H5:-0.2358;Sb1-H6:-0.2358,True,S,,0.0,1.879582789539776e-06,-0.1501953669960365,6.830607161228038e-06,0.0,0.0,Car1963,1.0185,2.173,E',0.00945
SbH5,12,internal,1941.3925,stretch,yes,0.9999999999992786,0.25270162774494975,Sb1-H2:0.2372;Sb1-H3:0.1442;Sb1-H4:0.1442;Sb1-H5:0.2372;Sb1-H6:0.2372,Sb1-H2:0.2796;Sb1-H3:0.2123;Sb1-H4:0.2123;Sb1-H5:0.2796;Sb1-H6:0.2796,True,S,,0.0,0.0,-5.015021669052544e-07,0.0,0.0,0.0,Car1963,1.0078,2.238,A1',0.0
XeOH4,Tx,external,0.0,translation,,0.0,,,,True,Tx,,1.0,0.0,0.0,0.0,0.0,0.0,,,,,
XeOH4,Ty,external,0.0,translation,,0.0,,,,True,Ty,,0.0,1.0,0.0,0.0,0.0,0.3653567643443094,,,,,
XeOH4,Tz,external,0.0,translation,,0.0,,,,True,Tz,,0.0,0.0,1.0,0.0,-0.3653567643443094,0.0,,,,,
XeOH4,Rx,external,0.0,rotation,,0.0,,,,True,Rx,,0.0,0.0,0.0,1.0,0.0,0.0,,,,,
XeOH4,Ry,external,0.0,rotation,,3.885475028123043e-18,,,,True,Ry,,0.0,0.0,-0.3653567643443094,0.0,1.0,0.0,,,,,
XeOH4,Rz,external,0.0,rotation,,3.885475028123043e-18,,,,True,Rz,,0.0,0.3653567643443094,0.0,0.0,0.0,1.0,,,,,
XeOH4,1,internal,302.8521,stretch,yes,0.9600158815177968,0.12726832339132474,Xe1-H2:-0.0162;Xe1-H3:-0.0162;Xe1-H4:-0.0162;Xe1-H5:-0.0162;Xe1-O6:-0.8952,Xe1-H2:-0.0530;Xe1-H3:-0.0530;Xe1-H4:-0.0530;Xe1-H5:-0.0530;Xe1-O6:-0.4243,True,S,,-0.6020698054624085,0.0,0.0,0.0,0.0,0.0,Tsa1971,13.4369,0.7261,A1,0.09788
XeOH4,2,internal,332.4204,bend,yes,0.0,0.029420530906996832,Xe1-H2:0.0000;Xe1-H3:0.0000;Xe1-H4:0.0000;Xe1-H5:0.0000;Xe1-O6:0.0000,Xe1-H2:0.0368;Xe1-H3:0.0368;Xe1-H4:0.0368;Xe1-H5:0.0368;Xe1-O6:0.0000,True,B,,0.0,0.0,0.0,0.0,0.0,0.0,Tsa1971,1.0078,0.0656,B1,0.0
XeOH4,3,internal,413.5763,bend,yes,0.13152655998437776,0.0341786002924175,Xe1-H2:-0.0658;Xe1-H3:0.0000;Xe1-H4:0.0658;Xe1-H5:0.0000;Xe1-O6:0.0000,Xe1-H2:-0.0140;Xe1-H3:0.0252;Xe1-H4:0.1061;Xe1-H5:0.0252;Xe1-O6:0.0004,True,B,,0.0,0.27927964759235024,0.0,0.0,0.0,0.334073687580533,Tsa1971,1.0595,0.1068,E,0.00216
XeOH4,4,internal,413.5763,bend,yes,0.13152655998437776,0.0341786002924175,Xe1-H2:0.0000;Xe1-H3:-0.0658;Xe1-H4:0.0000;Xe1-H5:0.0658;Xe1-O6:0.0000,Xe1-H2:0.0252;Xe1-H3:-0.0140;Xe1-H4:0.0252;Xe1-H5:0.1061;Xe1-O6:0.0004,True,B,,0.0,0.0,-0.27927964759235024,0.0,0.334073687580533,0.0,Tsa1971,1.0595,0.1068,E,0.00216
XeOH4,5,internal,485.8658,bend,yes,0.1611478102055768,0.057198821410398615,Xe1-H2:0.0000;Xe1-H3:0.0806;Xe1-H4:0.0000;Xe1-H5:-0.0806;Xe1-O6:0.0000,Xe1-H2:0.0450;Xe1-H3:0.1226;Xe1-H4:0.0450;Xe1-H5:-0.0732;Xe1-O6:0.0002,True,B,,0.0,0.0,0.17978394020975244,0.0,-0.2797409140135228,0.0,Tsa1971,1.044,0.1452,E,0.00992
XeOH4,6,internal,485.8658,bend,yes,0.1611478102055768,0.057198821410398615,Xe1-H2:-0.0806;Xe1-H3:0.0000;Xe1-H4:0.0806;Xe1-H5:0.0000;Xe1-O6:0.0000,Xe1-H2:-0.0732;Xe1-H3:0.0450;Xe1-H4:0.1226;Xe1-H5:0.0450;Xe1-O6:0.0002,True,B,,0.0,0.17978394020975244,0.0,0.0,0.0,0.2797409140135228,Tsa1971,1.044,0.1452,E,0.00992
XeOH4,7,internal,1074.9838,bend,yes,0.021308788344641824,0.02940839548642297,Xe1-H2:0.0053;Xe1-H3:-0.0053;Xe1-H4:0.0053;Xe1-H5:-0.0053;Xe1-O6:0.0000,Xe1-H2:0.0424;Xe1-H3:0.0311;Xe1-H4:0.0424;Xe1-H5:0.0311;Xe1-O6:0.0000,True,B,,0.0,0.0,0.0,0.0,0.0,0.0,Tsa1971,1.0078,0.6862,B2,0.0
XeOH4,8,internal,1164.8689,bend,yes,0.026899746069048148,0.04009745085883792,Xe1-H2:0.0064;Xe1-H3:0.0064;Xe1-H4:0.0064;Xe1-H5:0.0064;Xe1-O6:-0.0011,Xe1-H2:0.0463;Xe1-H3:0.0463;Xe1-H4:0.0463;Xe1-H5:0.0463;Xe1-O6:-0.0153,True,B,,0.6653195683180001,0.0,0.0,0.0,0.0,0.0,Tsa1971,1.0517,0.8408,A1,0.01734
XeOH4,9,internal,1726.3654,stretch,yes,0.999772941991972,0.21889497193542634,Xe1-H2:0.2499;Xe1-H3:-0.2499;Xe1-H4:0.2499;Xe1-H5:-0.2499;Xe1-O6:0.0000,Xe1-H2:0.2736;Xe1-H3:-0.2736;Xe1-H4:0.2736;Xe1-H5:-0.2736;Xe1-O6:0.0000,True,S,,0.0,0.0,0.0,0.0,0.0,0.0,Tsa1971,1.0078,1.7697,B2,0.0
XeOH4,10,internal,1788.4588,stretch,yes,0.9995014863965346,0.22000381094560884,Xe1-H2:0.2498;Xe1-H3:0.2498;Xe1-H4:0.2498;Xe1-H5:0.2498;Xe1-O6:-0.0002,Xe1-H2:0.2735;Xe1-H3:0.2735;Xe1-H4:0.2735;Xe1-H5:0.2735;Xe1-O6:-0.0059,True,S,,-0.045456645597943414,0.0,0.0,0.0,0.0,0.0,Tsa1971,1.0103,1.904,A1,0.00051
XeOH4,11,internal,1817.843,stretch,yes,0.9036818966195127,0.15371429395999797,Xe1-H2:0.4518;Xe1-H3:0.0000;Xe1-H4:-0.4518;Xe1-H5:0.0000;Xe1-O6:0.0000,Xe1-H2:0.3768;Xe1-H3:0.0075;Xe1-H4:-0.3767;Xe1-H5:0.0075;Xe1-O6:0.0000,True,S,,0.0,0.6660745954734384,0.0,0.0,0.0,0.05173328527514146,Tsa1971,1.0321,2.0095,E,0.01362
XeOH4,12,internal,1817.843,stretch,yes,0.9036818966195127,0.15371429395999797,Xe1-H2:0.0000;Xe1-H3:-0.4518;Xe1-H4:0.0000;Xe1-H5:0.4518;Xe1-O6:0.0000,Xe1-H2:0.0075;Xe1-H3:-0.3767;Xe1-H4:0.0075;Xe1-H5:0.3768;Xe1-O6:0.0000,True,S,,0.0,0.0,0.6660745954734384,0.0,-0.05173328527514146,0.0,Tsa1971,1.0321,2.0095,E,0.01362
TeH6,Tx,external,0.0,translation,,0.0,,,,True,Tx,,1.0,0.0,0.0,0.0,0.0,0.0,,,,,
TeH6,Ty,external,0.0,translation,,0.0,,,,True,Ty,,0.0,1.0,0.0,0.0,0.0,0.0,,,,,
TeH6,Tz,external,0.0,translation,,0.0,,,,True,Tz,,0.0,0.0,1.0,0.0,0.0,0.0,,,,,
TeH6,Rx,external,0.0,rotation,,0.0,,,,True,Rx,,0.0,0.0,0.0,1.0,0.0,0.0,,,,,
TeH6,Ry,external,0.0,rotation,,0.0,,,,True,Ry,,0.0,0.0,0.0,0.0,1.0,0.0,,,,,
TeH6,Rz,external,0.0,rotation,,0.0,,,,True,Rz,,0.0,0.0,0.0,0.0,0.0,1.0,,,,,
TeH6,1,internal,880.0325,bend,yes,0.0,0.02653983175221954,Te1-H2:0.0000;Te1-H3:0.0000;Te1-H4:0.0000;Te1-H5:0.0000;Te1-H6:0.0000;Te1-H7:0.0000,Te1-H2:0.0200;Te1-H3:0.0200;Te1-H4:0.0396;Te1-H5:0.0200;Te1-H6:0.0200;Te1-H7:0.0396,True,B,,0.0,0.0836866339538974,0.08368091969419551,0.0,0.0,0.0,Boc2021,1.0078,0.4599,T2U,0.0
TeH6,2,internal,880.0325,bend,yes,0.0,0.026411353755120454,Te1-H2:0.0000;Te1-H3:0.0000;Te1-H4:0.0000;Te1-H5:0.0000;Te1-H6:0.0000;Te1-H7:0.0000,Te1-H2:0.0396;Te1-H3:0.0396;Te1-H4:0.0000;Te1-H5:0.0396;Te1-H6:0.0396;Te1-H7:0.0000,True,B,,0.0,0.0,0.0,0.0,0.0,0.0,Boc2021,1.0078,0.4599,T2U,0.0
TeH6,3,internal,880.0325,bend,yes,0.0,0.02653983175221954,Te1-H2:0.0000;Te1-H3:0.0000;Te1-H4:0.0000;Te1-H5:0.0000;Te1-H6:0.0000;Te1-H7:0.0000,Te1-H2:0.0200;Te1-H3:0.0200;Te1-H4:0.0396;Te1-H5:0.0200;Te1-H6:0.0200;Te1-H7:0.0396,True,B,,0.0,0.08368091969419551,-0.0836866339538974,0.0,0.0,0.0,Boc2021,1.0078,0.4599,T2U,0.0
TeH6,4,internal,975.7808,bend,yes,0.05091852397910992,0.03009730809538429,Te1-H2:0.0127;Te1-H3:0.0127;Te1-H4:-0.0000;Te1-H5:-0.0127;Te1-H6:-0.0127;Te1-H7:0.0000,Te1-H2:0.0441;Te1-H3:0.0403;Te1-H4:0.0420;Te1-H5:0.0064;Te1-H6:-0.0058;Te1-H7:0.0420,True,B,,0.00036436646435528033,0.4212107187296226,0.39299328176119597,0.0,0.0,0.0,Boc2021,1.0411,0.5841,T1U,0.016075229391831397
TeH6,5,internal,975.7808,bend,yes,0.050889570580152275,0.030097304111186746,Te1-H2:0.0127;Te1-H3:-0.0127;Te1-H4:0.0000;Te1-H5:-0.0127;Te1-H6:0.0127;Te1-H7:0.0000,Te1-H2:0.0403;Te1-H3:0.0064;Te1-H4:0.0420;Te1-H5:-0.0058;Te1-H6:0.0441;Te1-H7:0.0420,True,B,,4.908760565361645e-05,-0.39299336928015166,0.4212107756546258,2.7755575615628914e-17,0.0,0.0,Boc2021,1.0411,0.5841,T1U,0.016075226281455576
TeH6,6,internal,975.7808,bend,yes,0.005379274153874599,0.03814003927013774,Te1-H2:-0.0000;Te1-H3:-0.0000;Te1-H4:-0.0027;Te1-H5:0.0000;Te1-H6:0.0000;Te1-H7:0.0027,Te1-H2:0.0420;Te1-H3:0.0420;Te1-H4:-0.0304;Te1-H5:0.0420;Te1-H6:0.0420;Te1-H7:0.0304,True,B,,0.714278326835748,-0.0014797367307218421,-0.0014797367307218424,0.0,8.456776945386935e-18,-8.456776945386935e-18,Boc2021,1.0411,0.5841,T1U,0.01607000622277415
TeH6,7,internal,1088.2223,bend,yes,0.0,0.026539091910185966,Te1-H2:0.0000;Te1-H3:0.0000;Te1-H4:0.0000;Te1-H5:0.0000;Te1-H6:0.0000;Te1-H7:0.0000,Te1-H2:0.0200;Te1-H3:0.0200;Te1-H4:0.0396;Te1-H5:0.0200;Te1-H6:0.0200;Te1-H7:0.0396,True,B,,0.0,0.0,0.0,0.0,0.14644660940672624,0.14644660940672624,Boc2021,1.0078,0.7032,T2G,0.0
TeH6,8,internal,1088.2223,bend,yes,0.0,0.026411353755120454,Te1-H2:0.0000;Te1-H3:0.0000;Te1-H4:0.0000;Te1-H5:0.0000;Te1-H6:0.0000;Te1-H7:0.0000,Te1-H2:0.0396;Te1-H3:0.0396;Te1-H4:0.0000;Te1-H5:0.0396;Te1-H6:0.0396;Te1-H7:0.0000,True,B,,0.0,0.0,0.0,0.0,0.0,0.0,Boc2021,1.0078,0.7032,T2G,0.0
TeH6,9,internal,1088.2223,bend,yes,0.0,0.026539091910185966,Te1-H2:0.0000;Te1-H3:0.0000;Te1-H4:0.0000;Te1-H5:0.0000;Te1-H6:0.0000;Te1-H7:0.0000,Te1-H2:0.0200;Te1-H3:0.0200;Te1-H4:0.0396;Te1-H5:0.0200;Te1-H6:0.0200;Te1-H7:0.0396,True,B,,0.0,0.0,0.0,0.0,0.14644660940672624,-0.14644660940672624,Boc2021,1.0078,0.7032,T2G,0.0
TeH6,10,internal,1674.4523,stretch,yes,1.0,0.1898778915132375,Te1-H2:-0.2510;Te1-H3:0.2490;Te1-H4:0.0000;Te1-H5:-0.2510;Te1-H6:0.2490;Te1-H7:0.0000,Te1-H2:-0.2848;Te1-H3:0.2837;Te1-H4:0.0011;Te1-H5:-0.2848;Te1-H6:0.2837;Te1-H7:0.0011,True,S,,0.0,0.0,0.0,0.0,0.0,0.0,Boc2021,1.0078,1.6649,EG,0.0
TeH6,11,internal,1674.4523,stretch,yes,1.0,0.21882310803857977,Te1-H2:-0.0824;Te1-H3:-0.0843;Te1-H4:0.3333;Te1-H5:-0.0824;Te1-H6:-0.0843;Te1-H7:0.3333,Te1-H2:-0.1631;Te1-H3:-0.1651;Te1-H4:0.3282;Te1-H5:-0.1631;Te1-H6:-0.1651;Te1-H7:0.3282,True,S,,0.0,0.0,0.0,0.0,0.0,0.0,Boc2021,1.0078,1.6649,EG,0.0
TeH6,12,internal,1694.7845,stretch,yes,0.9979295310146563,0.19163772715136695,Te1-H2:0.2388;Te1-H3:0.2601;Te1-H4:-0.0000;Te1-H5:-0.2388;Te1-H6:-0.2601;Te1-H7:0.0000,Te1-H2:0.2813;Te1-H3:0.2935;Te1-H4:-0.0001;Te1-H5:-0.2811;Te1-H6:-0.2934;Te1-H7:0.0003,True,S,,0.002802820371658601,-0.03944262829861492,-0.02542524296554192,0.0,0.0,0.0,Boc2021,1.0202,1.7265,T1U,0.00980971966979689
TeH6,13,internal,1694.7845,stretch,yes,0.9979100127794345,0.1916023083820824,Te1-H2:0.2601;Te1-H3:-0.2388;Te1-H4:-0.0000;Te1-H5:-0.2601;Te1-H6:0.2388;Te1-H7:0.0000,Te1-H2:0.2935;Te1-H3:-0.2811;Te1-H4:0.0001;Te1-H5:-0.2934;Te1-H6:0.2813;Te1-H7:0.0001,True,S,,7.819772246190272e-05,0.025435977197797555,-0.03945382959597156,0.0,0.0,0.0,Boc2021,1.0202,1.7265,T1U,0.009809714572809955
TeH6,14,internal,1694.7845,stretch,yes,0.9972403686290823,0.13559754468436092,Te1-H2:-0.0000;Te1-H3:-0.0000;Te1-H4:-0.4986;Te1-H5:0.0000;Te1-H6:0.0000;Te1-H7:0.4986,Te1-H2:-0.0000;Te1-H3:-0.0000;Te1-H4:-0.4065;Te1-H5:0.0003;Te1-H6:0.0003;Te1-H7:0.4065,True,S,,-0.4285558079493933,-0.0020288898820563683,-0.0020288898820563683,0.0,1.229468322939617e-18,-1.229468322939617e-18,Boc2021,1.0202,1.7265,T1U,0.00981
TeH6,15,internal,1894.9914,stretch,yes,1.0000000000000002,0.2320980354812943,Te1-H2:0.1667;Te1-H3:0.1667;Te1-H4:0.1667;Te1-H5:0.1667;Te1-H6:0.1667;Te1-H7:0.1667,Te1-H2:0.2321;Te1-H3:0.2321;Te1-H4:0.2321;Te1-H5:0.2321;Te1-H6:0.2321;Te1-H7:0.2321,True,S,,0.0,0.0,0.0,0.0,0.0,0.0,Boc2021,1.0078,2.1323,A1G,0.0
H2O,Tx,external,0.0,translation,,0.0,,,,True,Tx,,1.0,0.0,0.0,0.0,0.0,0.04113678945642237,,,,,
H2O,Ty,external,0.0,translation,,0.0,,,,True,Ty,,0.0,1.0,0.0,0.0,0.0,0.0,,,,,
H2O,Tz,external,0.0,translation,,0.0,,,,True,Tz,,0.0,0.0,1.0,-0.3333333333333333,0.0,0.0,,,,,
H2O,Rx,external,0.0,rotation,,0.0,,,,True,Rx,,0.0,0.0,-0.3333333333333333,1.0,0.0,0.0,,,,,
H2O,Ry,external,0.0,rotation,,0.0,,,,True,Ry,,0.0,0.0,0.0,0.0,1.0,0.0,,,,,
H2O,Rz,external,0.0,rotation,,7.629938077561209e-17,,,,True,Rz,,0.041136789456422365,0.0,0.0,0.0,0.0,1.0,,,,,
H2O,1,internal,1722.457,bend,no,0.13427023222601253,0.18139812308852574,O1-H2:-0.0671;O1-H3:-0.0671,O1-H2:0.1814;O1-H3:0.1814,True,B,,0.0,0.22773199778765543,0.0,0.0,0.0,0.0,,1.0916,1.9082,A1,0.07478
H2O,2,internal,3501.5073,stretch,no,0.996628056650409,0.7357578873630878,O1-H2:0.4983;O1-H3:0.4983,O1-H2:0.7358;O1-H3:0.7358,True,S,,0.0,0.003227745198112401,0.0,0.0,0.0,0.0,,1.0369,7.4906,A1,0.04408
H2O,3,internal,3660.7973,stretch,no,0.9984173591387785,0.7679784206866336,O1-H2:0.4992;O1-H3:-0.4992,O1-H2:0.7703;O1-H3:-0.7657,True,S,,0.1962981072310928,0.0,0.0,0.0,0.0,0.295850342427639,,1.0826,8.5478,B2,0.07062
OF2,Tx,external,0.0,translation,,0.0,,,,True,Tx,,1.0,0.0,0.0,0.0,0.0,-0.1748208469894669,,,,,
OF2,Ty,external,0.0,translation,,0.0,,,,True,Ty,,0.0,1.0,0.0,0.0,0.0,0.0,,,,,
OF2,Tz,external,0.0,translation,,0.0,,,,True,Tz,,0.0,0.0,1.0,-0.3333333333333333,0.0,0.0,,,,,
OF2,Rx,external,0.0,rotation,,0.0,,,,True,Rx,,0.0,0.0,-0.3333333333333333,1.0,0.0,0.0,,,,,
OF2,Ry,external,0.0,rotation,,0.0,,,,True,Ry,,0.0,0.0,0.0,0.0,1.0,0.0,,,,,
OF2,Rz,external,0.0,rotation,,8.977864132117558e-17,,,,True,Rz,,-0.1748208469894669,0.0,0.0,0.0,0.0,1.0,,,,,
OF2,1,internal,387.84,bend,no,0.05979245017842269,0.1907219280158671,O1-F2:0.0299;O1-F3:0.0299,O1-F2:0.1907;O1-F3:0.1907,True,B,,0.0,-0.1314180673825455,0.0,0.0,0.0,0.0,,18.3808,1.629,A1,0.45346
OF2,2,internal,945.2852,stretch,no,0.8404915104150286,0.6816259722698176,O1-F2:0.4202;O1-F3:0.4202,O1-F2:0.6816;O1-F3:0.6816,True,SB,,0.0,-0.12123793359372526,0.0,0.0,0.0,0.0,,17.2941,9.1049,A1,0.75329
OF2,3,internal,967.2962,stretch,no,0.9002492570119237,0.638735076349354,O1-F2:-0.4501;O1-F3:0.4501,O1-F2:-0.5469;O1-F3:0.7306,True,SB,,-0.18063030004919903,0.0,0.0,0.0,0.0,-0.04311381483628766,,17.1169,9.4361,B2,0.79149
OCl2,Tx,external,0.0,translation,,0.0,,,,True,Tx,,1.0,0.0,0.0,0.0,0.0,-0.24400133997943563,,,,,
OCl2,Ty,external,0.0,translation,,0.0,,,,True,Ty,,0.0,1.0,0.0,0.0,0.0,0.0,,,,,
OCl2,Tz,external,0.0,translation,,0.0,,,,True,Tz,,0.0,0.0,1.0,-0.3333333333333333,0.0,0.0,,,,,
OCl2,Rx,external,0.0,rotation,,0.0,,,,True,Rx,,0.0,0.0,-0.3333333333333333,1.0,0.0,0.0,,,,,
OCl2,Ry,external,0.0,rotation,,0.0,,,,True,Ry,,0.0,0.0,0.0,0.0,1.0,0.0,,,,,
OCl2,Rz,external,0.0,rotation,,0.0,,,,True,Rz,,-0.24400133997943563,0.0,0.0,0.0,0.0,1.0,,,,,
OCl2,1,internal,254.9886,bend,no,0.10031705489906977,0.14593374114466415,O1-Cl2:0.0502;O1-Cl3:0.0502,O1-Cl2:0.1459;O1-Cl3:0.1459,True,B,,0.0,-0.19861732604553964,0.0,0.0,0.0,0.0,,29.6417,1.1355,A1,0.52987
OCl2,2,internal,539.4137,stretch,no,0.7426135091299858,0.5033246791222977,O1-Cl2:0.3713;O1-Cl3:0.3713,O1-Cl2:0.5033;O1-Cl3:0.5033,True,SB,,0.0,-0.11321785982281403,0.0,0.0,0.0,0.0,,19.5824,3.3571,A1,0.90051
OCl2,3,internal,638.9297,stretch,no,0.8787211272170188,0.5110989748971848,O1-Cl2:-0.4394;O1-Cl3:0.4394,O1-Cl2:-0.4545;O1-Cl3:0.5677,True,SB,,-0.2039801182989187,0.0,0.0,0.0,0.0,-0.014253825180913282,,18.6267,4.4801,B2,0.92806
Br2O,Tx,external,0.0,translation,,0.0,,,,True,Tx,,1.0,0.0,0.0,0.0,0.0,-0.29199508995702855,,,,,
Br2O,Ty,external,0.0,translation,,0.0,,,,True,Ty,,0.0,1.0,0.0,0.0,0.0,0.0,,,,,
Br2O,Tz,external,0.0,translation,,0.0,,,,True,Tz,,0.0,0.0,1.0,-0.3333333333333333,0.0,0.0,,,,,
Br2O,Rx,external,0.0,rotation,,0.0,,,,True,Rx,,0.0,0.0,-0.3333333333333333,1.0,0.0,0.0,,,,,
Br2O,Ry,external,0.0,rotation,,0.0,,,,True,Ry,,0.0,0.0,0.0,0.0,1.0,0.0,,,,,
Br2O,Rz,external,0.0,rotation,,0.0,,,,True,Rz,,-0.29199508995702855,0.0,0.0,0.0,0.0,1.0,,,,,
Br2O,1,internal,176.0192,bend,no,0.16971813307866207,0.1551621422095937,O1-Br2:0.0849;O1-Br3:0.0849,O1-Br2:0.1552;O1-Br3:0.1552,True,B,,0.0,-0.27029517770874645,0.0,0.0,0.0,0.0,,59.8355,1.0923,A1,0.5507
Br2O,2,internal,445.0152,stretch,no,0.6393826157283046,0.4209130538936068,O1-Br2:0.3197;O1-Br3:0.3197,O1-Br2:0.4209;O1-Br3:0.4209,True,SB,,0.0,-0.13053391110488524,0.0,0.0,0.0,0.0,,18.5557,2.1651,A1,0.97944
Br2O,3,internal,604.0941,stretch,no,0.85961919522717,0.4563718505361974,O1-Br2:-0.4298;O1-Br3:0.4298,O1-Br2:-0.4064;O1-Br3:0.5064,True,SB,,-0.21727831405289857,0.0,0.0,0.0,0.0,0.007662107345911033,,17.8342,3.8345,B2,0.98528
H2S,Tx,external,0.0,translation,,0.0,,,,True,Tx,,1.0,0.0,0.0,0.0,0.0,0.1033859880263474,,,,,
H2S,Ty,external,0.0,translation,,0.0,,,,True,Ty,,0.0,1.0,0.0,0.0,0.0,0.0,,,,,
H2S,Tz,external,0.0,translation,,0.0,,,,True,Tz,,0.0,0.0,1.0,-0.3333333333333333,0.0,0.0,,,,,
H2S,Rx,external,0.0,rotation,,0.0,,,,True,Rx,,0.0,0.0,-0.3333333333333333,1.0,0.0,0.0,,,,,
H2S,Ry,external,0.0,rotation,,0.0,,,,True,Ry,,0.0,0.0,0.0,0.0,1.0,0.0,,,,,
H2S,Rz,external,0.0,rotation,,0.0,,,,True,Rz,,0.10338598802634738,0.0,0.0,0.0,0.0,1.0,,,,,
H2S,1,internal,1227.7251,bend,no,0.06316991273044215,0.10389459163271439,S1-H2:-0.0316;S1-H3:-0.0316,S1-H2:0.1039;S1-H3:0.1039,True,B,,0.0,0.17161114541765898,0.0,0.0,0.0,0.0,,1.0431,0.9263,A1,0.03375
H2S,2,internal,2491.1785,stretch,no,0.9994511712684075,0.5290931568591958,S1-H2:0.4997;S1-H3:0.4997,S1-H2:0.5291;S1-H3:0.5291,True,S,,0.0,-0.08656693627139811,0.0,0.0,0.0,0.0,,1.0322,3.7743,A1,0.02807
H2S,3,internal,2517.7452,stretch,no,0.9995388889830895,0.5335483514147221,S1-H2:0.4998;S1-H3:-0.4998,S1-H2:0.5337;S1-H3:-0.5334,True,S,,0.1569173623472712,0.0,0.0,0.0,0.0,0.31314458881601825,,1.0411,3.8882,B2,0.03276
SF2,Tx,external,0.0,translation,,0.0,,,,True,Tx,,1.0,0.0,0.0,0.0,0.0,-0.09111263099809874,,,,,
SF2,Ty,external,0.0,translation,,0.0,,,,True,Ty,,0.0,1.0,0.0,0.0,0.0,0.0,,,,,
SF2,Tz,external,0.0,translation,,0.0,,,,True,Tz,,0.0,0.0,1.0,-0.3333333333333333,0.0,0.0,,,,,
SF2,Rx,external,0.0,rotation,,0.0,,,,True,Rx,,0.0,0.0,-0.3333333333333333,1.0,0.0,0.0,,,,,
SF2,Ry,external,0.0,rotation,,0.0,,,,True,Ry,,0.0,0.0,0.0,0.0,1.0,0.0,,,,,
SF2,Rz,external,0.0,rotation,,0.0,,,,True,Rz,,-0.09111263099809874,0.0,0.0,0.0,0.0,1.0,,,,,
SF2,1,internal,303.6938,bend,no,0.05398977274740633,0.1480014224105338,S1-F2:0.0270;S1-F3:0.0270,S1-F2:0.1480;S1-F3:0.1480,True,B,,0.0,-0.044340762834573035,0.0,0.0,0.0,0.0,,20.5184,1.115,A1,0.34228
SF2,2,internal,780.2933,stretch,no,0.9144217880390489,0.5708102476355897,S1-F2:0.4572;S1-F3:0.4572,S1-F2:0.5708;S1-F3:0.5708,True,S,,0.0,-0.12580778057807246,0.0,0.0,0.0,0.0,,22.2538,7.9831,A1,0.50092
SF2,3,internal,801.2537,stretch,no,0.944605080018597,0.5749278204539885,S1-F2:-0.4723;S1-F3:0.4723,S1-F2:-0.5437;S1-F3:0.6061,True,S,,-0.17410117218735827,0.0,0.0,0.0,0.0,-0.11486647888056156,,22.7652,8.6112,B2,0.53884
SCl2,Tx,external,0.0,translation,,0.0,,,,True,Tx,,1.0,0.0,0.0,0.0,0.0,-0.16640981243057804,,,,,
SCl2,Ty,external,0.0,translation,,0.0,,,,True,Ty,,0.0,1.0,0.0,0.0,0.0,0.0,,,,,
SCl2,Tz,external,0.0,translation,,0.0,,,,True,Tz,,0.0,0.0,1.0,-0.3333333333333333,0.0,0.0,,,,,
SCl2,Rx,external,0.0,rotation,,0.0,,,,True,Rx,,0.0,0.0,-0.3333333333333333,1.0,0.0,0.0,,,,,
SCl2,Ry,external,0.0,rotation,,0.0,,,,True,Ry,,0.0,0.0,0.0,0.0,1.0,0.0,,,,,
SCl2,Rz,external,0.0,rotation,,5.870931328822959e-17,,,,True,Rz,,-0.16640981243057804,0.0,0.0,0.0,0.0,1.0,,,,,
SCl2,1,internal,143.6198,bend,no,0.04126168711641435,0.08802889002696859,S1-Cl2:0.0206;S1-Cl3:0.0206,S1-Cl2:0.0880;S1-Cl3:0.0880,True,B,,0.0,-0.11448732768157979,0.0,0.0,0.0,0.0,,34.3546,0.4175,A1,0.45273
SCl2,2,internal,413.2675,stretch,no,0.8560249095757986,0.4385796531904719,S1-Cl2:0.4280;S1-Cl3:0.4280,S1-Cl2:0.4386;S1-Cl3:0.4386,True,SB,,0.0,-0.11339509996038824,0.0,0.0,0.0,0.0,,33.4168,3.3626,A1,0.71966
SCl2,3,internal,425.1794,stretch,no,0.9055246163773599,0.44485357849420293,S1-Cl2:-0.4528;S1-Cl3:0.4528,S1-Cl2:-0.4166;S1-Cl3:0.4731,True,S,,-0.1795281726313757,0.0,0.0,0.0,0.0,-0.04938244970783338,,33.2125,3.5375,B2,0.76556
SBr2,Tx,external,0.0,translation,,0.0,,,,True,Tx,,1.0,0.0,0.0,0.0,0.0,-0.24441855520923705,,,,,
SBr2,Ty,external,0.0,translation,,0.0,,,,True,Ty,,0.0,1.0,0.0,0.0,0.0,0.0,,,,,
SBr2,Tz,external,0.0,translation,,0.0,,,,True,Tz,,0.0,0.0,1.0,-0.3333333333333333,0.0,0.0,,,,,
SBr2,Rx,external,0.0,rotation,,0.0,,,,True,Rx,,0.0,0.0,-0.3333333333333333,1.0,0.0,0.0,,,,,
SBr2,Ry,external,0.0,rotation,,0.0,,,,True,Ry,,0.0,0.0,0.0,0.0,1.0,0.0,,,,,
SBr2,Rz,external,0.0,rotation,,1.1284735186005141e-16,,,,True,Rz,,-0.24441855520923697,0.0,0.0,0.0,0.0,1.0,,,,,
SBr2,1,internal,99.0193,bend,no,0.06156061861987905,0.08372744092399168,S1-Br2:0.0308;S1-Br3:0.0308,S1-Br2:0.0837;S1-Br3:0.0837,True,B,,0.0,-0.21227627170265295,0.0,0.0,0.0,0.0,,65.463,0.3782,A1,0.53536
SBr2,2,internal,335.1358,stretch,no,0.7581901692518321,0.3867896037774958,S1-Br2:0.3791;S1-Br3:0.3791,S1-Br2:0.3868;S1-Br3:0.3868,True,SB,,0.0,-0.11595665824240223,0.0,0.0,0.0,0.0,,39.1562,2.5911,A1,0.92031
SBr2,3,internal,367.2639,stretch,no,0.8561007773293661,0.39010593330838783,S1-Br2:-0.4281;S1-Br3:0.4281,S1-Br2:-0.3557;S1-Br3:0.4245,True,SB,,-0.18590820737748714,0.0,0.0,0.0,0.0,0.011808698315605085,,37.5661,2.9854,B2,0.93853
H2Se,Tx,external,0.0,translation,,0.0,,,,True,Tx,,1.0,0.0,0.0,0.0,0.0,0.122318343766735,,,,,
H2Se,Ty,external,0.0,translation,,0.0,,,,True,Ty,,0.0,1.0,0.0,0.0,0.0,0.0,,,,,
H2Se,Tz,external,0.0,translation,,0.0,,,,True,Tz,,0.0,0.0,1.0,-0.3333333333333333,0.0,0.0,,,,,
H2Se,Rx,external,0.0,rotation,,0.0,,,,True,Rx,,0.0,0.0,-0.3333333333333333,1.0,0.0,0.0,,,,,
H2Se,Ry,external,0.0,rotation,,0.0,,,,True,Ry,,0.0,0.0,0.0,0.0,1.0,0.0,,,,,
H2Se,Rz,external,0.0,rotation,,0.0,,,,True,Rz,,0.122318343766735,0.0,0.0,0.0,0.0,1.0,,,,,
H2Se,1,internal,1076.7089,bend,no,0.054222001428335255,0.08626352436128408,Se1-H2:-0.0271;Se1-H3:-0.0271,Se1-H2:0.0863;Se1-H3:0.0863,True,B,,0.0,0.16646445329183313,0.0,0.0,0.0,0.0,,1.0219,0.698,A1,0.01337
H2Se,2,internal,2231.4967,stretch,no,0.9991220375877196,0.47998921163825353,Se1-H2:0.4996;Se1-H3:0.4996,Se1-H2:0.4800;Se1-H3:0.4800,True,S,,0.0,-0.10165396615352754,0.0,0.0,0.0,0.0,,1.0185,2.9882,A1,0.01164
H2Se,3,internal,2245.5847,stretch,no,0.9999227308712283,0.4813507738525201,Se1-H2:0.5000;Se1-H3:-0.5000,Se1-H2:0.4814;Se1-H3:-0.4813,True,S,,0.14753972864526116,0.0,0.0,0.0,0.0,0.3249408329716688,,1.0209,3.0331,B2,0.01286
SeF2,Tx,external,0.0,translation,,0.0,,,,True,Tx,,1.0,0.0,0.0,0.0,0.0,0.004595447677184635,,,,,
SeF2,Ty,external,0.0,translation,,0.0,,,,True,Ty,,0.0,1.0,0.0,0.0,0.0,0.0,,,,,
SeF2,Tz,external,0.0,translation,,0.0,,,,True,Tz,,0.0,0.0,1.0,-0.3333333333333333,0.0,0.0,,,,,
SeF2,Rx,external,0.0,rotation,,0.0,,,,True,Rx,,0.0,0.0,-0.3333333333333333,1.0,0.0,0.0,,,,,
SeF2,Ry,external,0.0,rotation,,0.0,,,,True,Ry,,0.0,0.0,0.0,0.0,1.0,0.0,,,,,
SeF2,Rz,external,0.0,rotation,,0.0,,,,True,Rz,,0.004595447677184635,0.0,0.0,0.0,0.0,1.0,,,,,
SeF2,1,internal,264.6802,bend,no,0.01802063614447933,0.11197150265913249,Se1-F2:0.0090;Se1-F3:0.0090,Se1-F2:0.1120;Se1-F3:0.1120,True,B,,0.0,0.06679746033760817,0.0,0.0,0.0,0.0,,21.3818,0.8825,A1,0.1978
SeF2,2,internal,694.4388,stretch,no,0.97792954335969,0.47600088767705157,Se1-F2:0.4890;Se1-F3:0.4890,Se1-F2:0.4760;Se1-F3:0.4760,True,S,,0.0,-0.11352400028895393,0.0,0.0,0.0,0.0,,21.9424,6.2345,A1,0.21983
SeF2,3,internal,695.1476,stretch,no,0.9832517703939048,0.49061148746576766,Se1-F2:0.4916;Se1-F3:-0.4916,Se1-F2:0.4961;Se1-F3:-0.4851,True,S,,0.16937312351876527,0.0,0.0,0.0,0.0,0.21070345688186878,,22.6772,6.4564,B2,0.24574
SeCl2,Tx,external,0.0,translation,,0.0,,,,True,Tx,,1.0,0.0,0.0,0.0,0.0,-0.06548765645094269,,,,,
SeCl2,Ty,external,0.0,translation,,0.0,,,,True,Ty,,0.0,1.0,0.0,0.0,0.0,0.0,,,,,
SeCl2,Tz,external,0.0,translation,,0.0,,,,True,Tz,,0.0,0.0,1.0,-0.3333333333333333,0.0,0.0,,,,,
SeCl2,Rx,external,0.0,rotation,,0.0,,,,True,Rx,,0.0,0.0,-0.3333333333333333,1.0,0.0,0.0,,,,,
SeCl2,Ry,external,0.0,rotation,,0.0,,,,True,Ry,,0.0,0.0,0.0,0.0,1.0,0.0,,,,,
SeCl2,Rz,external,0.0,rotation,,5.759219080318045e-17,,,,True,Rz,,-0.06548765645094273,0.0,0.0,0.0,0.0,1.0,,,,,
SeCl2,1,internal,119.9398,bend,no,0.014681945106491366,0.07181482549954406,Se1-Cl2:0.0073;Se1-Cl3:0.0073,Se1-Cl2:0.0718;Se1-Cl3:0.0718,True,B,,0.0,0.01862526101051968,0.0,0.0,0.0,0.0,,39.3035,0.3331,A1,0.31055
SeCl2,2,internal,351.3412,stretch,no,0.9620294713024335,0.406953995894543,Se1-Cl2:-0.4810;Se1-Cl3:0.4810,Se1-Cl2:-0.3989;Se1-Cl3:0.4150,True,S,,-0.17896989399146968,0.0,0.0,0.0,0.0,-0.14850296232692237,,43.2583,3.1461,B2,0.42945
SeCl2,3,internal,351.9962,stretch,no,0.9491571573685317,0.3847726473569654,Se1-Cl2:0.4746;Se1-Cl3:0.4746,Se1-Cl2:0.3848;Se1-Cl3:0.3848,True,S,,0.0,-0.10074602105296174,0.0,0.0,0.0,0.0,,41.2467,3.011,A1,0.37373
SeBr2,Tx,external,0.0,translation,,0.0,,,,True,Tx,,1.0,0.0,0.0,0.0,0.0,-0.1598006185128337,,,,,
SeBr2,Ty,external,0.0,translation,,0.0,,,,True,Ty,,0.0,1.0,0.0,0.0,0.0,0.0,,,,,
SeBr2,Tz,external,0.0,translation,,0.0,,,,True,Tz,,0.0,0.0,1.0,-0.3333333333333333,0.0,0.0,,,,,
SeBr2,Rx,external,0.0,rotation,,0.0,,,,True,Rx,,0.0,0.0,-0.3333333333333333,1.0,0.0,0.0,,,,,
SeBr2,Ry,external,0.0,rotation,,0.0,,,,True,Ry,,0.0,0.0,0.0,0.0,1.0,0.0,,,,,
SeBr2,Rz,external,0.0,rotation,,1.0743330210115919e-16,,,,True,Rz,,-0.1598006185128337,0.0,0.0,0.0,0.0,1.0,,,,,
SeBr2,1,internal,83.8644,bend,no,0.027653967455933164,0.07191034701531206,Se1-Br2:0.0138;Se1-Br3:0.0138,Se1-Br2:0.0719;Se1-Br3:0.0719,True,B,,0.0,-0.0912153731271485,0.0,0.0,0.0,0.0,,79.1226,0.3279,A1,0.45234
SeBr2,2,internal,258.6877,stretch,no,0.8702116842765691,0.3951926909044786,Se1-Br2:0.4351;Se1-Br3:0.4351,Se1-Br2:0.3952;Se1-Br3:0.3952,True,SB,,0.0,-0.10203572180590936,0.0,0.0,0.0,0.0,,79.3716,3.1294,A1,0.67386
SeBr2,3,internal,271.71,stretch,no,0.9145125572003414,0.41060753956041024,Se1-Br2:-0.4573;Se1-Br3:0.4573,Se1-Br2:-0.3902;Se1-Br3:0.4311,True,S,,-0.18338640783349952,0.0,0.0,0.0,0.0,-0.06111366129128728,,79.4569,3.4562,B2,0.73452
CO2,Tx,external,0.0,translation,,0.0,,,,True,Tx,,1.0,0.0,0.0,0.0,0.0,0.0,,,,,
CO2,Ty,external,0.0,translation,,0.0,,,,True,Ty,,0.0,1.0,0.0,0.0,0.0,0.0,,,,,
CO2,Tz,external,0.0,translation,,0.0,,,,True,Tz,,0.0,0.0,1.0,0.0,0.0,0.0,,,,,
CO2,Ry,external,0.0,rotation,,0.0,,,,True,Ry,,0.0,0.0,0.0,0.0,1.0,0.0,,,,,
CO2,Rz,external,0.0,rotation,,0.0,,,,True,Rz,,0.0,0.0,0.0,0.0,0.0,1.0,,,,,
CO2,1,internal,551.705,bend,no,0.0,0.4250195926245218,C1-O2:0.0000;C1-O3:0.0000,C1-O2:0.4250;C1-O3:0.4250,True,B,,0.0,-0.33333092514817003,-0.0012670640408852475,0.0,0.0,0.0,,12.8774,2.3094,PIU,0.8833863899789265
CO2,2,internal,551.705,bend,no,0.0,0.4250195926245218,C1-O2:0.0000;C1-O3:0.0000,C1-O2:0.4250;C1-O3:0.4250,True,B,,0.0,0.0012670640408852475,-0.33333092514817003,0.0,0.0,0.0,,12.8774,2.3094,PIU,0.8833863899789265
CO2,3,internal,1241.2837,stretch,no,1.0,0.5909612867747226,C1-O2:0.5000;C1-O3:0.5000,C1-O2:0.5910;C1-O3:0.5910,True,S,,0.0,0.0,0.0,0.0,0.0,0.0,,15.9949,14.5203,SGG,0.0
CO2,4,internal,2347.6434,stretch,no,0.9999999999999999,1.0,C1-O2:-0.5000;C1-O3:0.5000,C1-O2:-0.9848;C1-O3:1.0152,True,S,,-0.3333333333333333,0.0,0.0,0.0,0.0,0.0,,12.8774,41.8159,SGU,0.88339
CS2,Tx,external,0.0,translation,,0.0,,,,True,Tx,,1.0,0.0,0.0,0.0,0.0,0.0,,,,,
CS2,Ty,external,0.0,translation,,0.0,,,,True,Ty,,0.0,1.0,0.0,0.0,0.0,0.0,,,,,
CS2,Tz,external,0.0,translation,,0.0,,,,True,Tz,,0.0,0.0,1.0,0.0,0.0,0.0,,,,,
CS2,Ry,external,0.0,rotation,,0.0,,,,True,Ry,,0.0,0.0,0.0,0.0,1.0,0.0,,,,,
CS2,Rz,external,0.0,rotation,,0.0,,,,True,Rz,,0.0,0.0,0.0,0.0,0.0,1.0,,,,,
CS2,1,internal,367.6899,bend,no,0.0,0.22751583047313248,C1-S2:0.0000;C1-S3:0.0000,C1-S2:0.2275;C1-S3:0.2275,True,B,,0.0,1.2614152468638538e-05,-0.3333333331943108,0.0,0.0,0.0,,13.3142,1.0605,PIU,0.9665400025348149
CS2,2,internal,367.6899,bend,no,0.0,0.22751583047313234,C1-S2:0.0000;C1-S3:0.0000,C1-S2:0.2275;C1-S3:0.2275,True,B,,0.0,-0.3333333331943108,-1.2614152468638538e-05,0.0,0.0,0.0,,13.3142,1.0605,PIU,0.9665400025348149
CS2,3,internal,604.6208,stretch,no,1.0,0.43852218068520366,C1-S2:0.5000;C1-S3:0.5000,C1-S2:0.4385;C1-S3:0.4385,True,S,,0.0,0.0,0.0,0.0,0.0,0.0,,31.9721,6.8863,SGG,0.0
CS2,4,internal,1499.1062,stretch,no,0.9999999999999998,0.7118954358616894,C1-S2:-0.5000;C1-S3:0.5000,C1-S2:-0.7119;C1-S3:0.7119,True,S,,-0.3333333333333333,0.0,0.0,0.0,0.0,0.0,,13.3142,17.6291,SGU,0.96654
CSe2,Tx,external,0.0,translation,,0.0,,,,True,Tx,,1.0,0.0,0.0,0.0,0.0,0.0,,,,,
CSe2,Ty,external,0.0,translation,,0.0,,,,True,Ty,,0.0,1.0,0.0,0.0,0.0,0.0,,,,,
CSe2,Tz,external,0.0,translation,,0.0,,,,True,Tz,,0.0,0.0,1.0,0.0,0.0,0.0,,,,,
CSe2,Ry,external,0.0,rotation,,0.0,,,,True,Ry,,0.0,0.0,0.0,0.0,1.0,0.0,,,,,
CSe2,Rz,external,0.0,rotation,,0.0,,,,True,Rz,,0.0,0.0,0.0,0.0,0.0,1.0,,,,,
CSe2,1,internal,327.9949,bend,no,0.0,0.1745725123325292,C1-Se2:0.0000;C1-Se3:0.0000,C1-Se2:0.1746;C1-Se3:0.1746,True,B,,0.0,-0.3333333297803702,4.9068829477898096e-05,0.0,0.0,0.0,,12.7571,0.8086,PIU,0.9944100072404742
CSe2,2,internal,327.9949,bend,no,0.0,0.1745725123325295,C1-Se2:0.0000;C1-Se3:0.0000,C1-Se2:0.1746;C1-Se3:0.1746,True,B,,0.0,-4.9068829477898096e-05,-0.3333333297803702,0.0,0.0,0.0,,12.7571,0.8086,PIU,0.9944100072404742
CSe2,3,internal,360.9933,stretch,no,1.0,0.40752636550523386,C1-Se2:0.5000;C1-Se3:0.5000,C1-Se2:0.4075;C1-Se3:0.4075,True,S,,0.0,0.0,0.0,0.0,0.0,0.0,,79.9165,6.136,SGG,0.0
CSe2,4,internal,1349.7457,stretch,no,1.0,0.6161335740842024,C1-Se2:-0.5000;C1-Se3:0.5000,C1-Se2:-0.6161;C1-Se3:0.6161,True,S,,-0.3333333333333333,0.0,0.0,0.0,0.0,0.0,,12.7571,13.6933,SGU,0.99441
CTe2,Tx,external,0.0,translation,,0.0,,,,True,Tx,,1.0,0.0,0.0,0.0,0.0,0.0,,,,,
CTe2,Ty,external,0.0,translation,,0.0,,,,True,Ty,,0.0,1.0,0.0,0.0,0.0,0.0,,,,,
CTe2,Tz,external,0.0,translation,,0.0,,,,True,Tz,,0.0,0.0,1.0,0.0,0.0,0.0,,,,,
CTe2,Ry,external,0.0,rotation,,0.0,,,,True,Ry,,0.0,0.0,0.0,0.0,1.0,0.0,,,,,
CTe2,Rz,external,0.0,rotation,,0.0,,,,True,Rz,,0.0,0.0,0.0,0.0,0.0,1.0,,,,,
CTe2,1,internal,250.9987,stretch,no,1.0,0.3611319085737866,C1-Te2:0.5000;C1-Te3:0.5000,C1-Te2:0.3611;C1-Te3:0.3611,True,S,,0.0,0.0,0.0,0.0,0.0,0.0,,129.9067,4.822,SGG,0.0
CTe2,2,internal,255.5305,bend,no,0.0,0.1332547688573665,C1-Te2:0.0000;C1-Te3:0.0000,C1-Te2:0.1333;C1-Te3:0.1333,True,B,,0.0,-0.3333333333333333,0.0,0.0,0.0,0.0,,12.5009,0.4809,PIU,0.99787
CTe2,3,internal,255.5305,bend,no,0.0,0.1332547688573665,C1-Te2:0.0000;C1-Te3:0.0000,C1-Te2:0.1333;C1-Te3:0.1333,True,B,,0.0,0.0,-0.3333333333333333,0.0,0.0,0.0,,12.5009,0.4809,PIU,0.99787
CTe2,4,internal,1190.9528,stretch,no,1.0000000000000002,0.5331663634720062,C1-Te2:-0.5000;C1-Te3:0.5000,C1-Te2:-0.5332;C1-Te3:0.5332,True,S,,-0.3333333333333333,0.0,0.0,0.0,0.0,0.0,,12.5009,10.4467,SGU,0.99787
F4,Tx,external,0.0,translation,,0.0,,,,True,Tx,,1.0,0.0,0.0,0.0,0.0,-0.24983061833057307,,,,,
F4,Ty,external,0.0,translation,,0.0,,,,True,Ty,,0.0,1.0,0.0,0.0,0.0,0.0,,,,,
F4,Tz,external,0.0,translation,,0.0,,,,True,Tz,,0.0,0.0,1.0,0.5,0.0,0.0,,,,,
F4,Rx,external,0.0,rotation,,0.0,,,,True,Rx,,0.0,0.0,0.5,1.0,0.0,0.0,,,,,
F4,Ry,external,0.0,rotation,,0.0,,,,True,Ry,,0.0,0.0,0.0,0.0,1.0,0.0,,,,,
F4,Rz,external,0.0,rotation,,0.0,,,,True,Rz,,-0.24983061833057316,0.0,0.0,0.0,0.0,1.0,,,,,
F4,1,internal,146.1496,bend,no,0.0006061784570249171,0.09347244529523675,F1-F2:-0.0003;F1-F3:0.0000;F1-F4:0.0003,F1-F2:0.0482;F1-F3:0.1830;F1-F4:0.0493,True,B,,0.13912977875945423,1.850152494625723e-06,0.0,0.0,0.0,-0.15351260667575622,,18.9984,0.2391,B2,0.3864
F4,2,internal,146.1645,bend,no,0.0036364460580774654,0.09500789096705058,F1-F2:0.0018;F1-F3:-0.0000;F1-F4:0.0018,F1-F2:0.1413;F1-F3:-0.0024;F1-F4:0.1413,True,B,,2.088440361119881e-06,0.17345994334651152,0.0,0.0,0.0,1.0541991263823824e-06,,18.9984,0.2391,A1,0.38467
F4,3,internal,361.8119,bend,no,0.0,0.22481034175424744,F1-F2:0.0000;F1-F3:0.0000;F1-F4:0.0000,F1-F2:0.2249;F1-F3:0.2247;F1-F4:0.2249,True,B,,0.0,0.0,0.5,0.0,0.0,0.0,,18.9984,1.4653,B1,0.86603
F4,4,internal,595.1251,stretch,no,0.9999955052660173,0.3536058341313151,F1-F2:0.3298;F1-F3:0.3404;F1-F4:0.3298,F1-F2:0.3518;F1-F3:0.3573;F1-F4:0.3518,True,S,,0.0,0.25030047273822587,0.0,0.0,0.0,0.0,,18.9984,3.9645,A1,0.00337
F4,5,internal,695.9651,stretch,no,0.7778855819017343,0.47142791867933226,F1-F2:-0.3889;F1-F3:0.0000;F1-F4:0.3889,F1-F2:-0.6056;F1-F3:0.1071;F1-F4:0.7016,True,SB,,0.43333644638299645,0.0,0.0,0.0,0.0,0.4995473461458321,,18.9984,5.4218,B2,0.77505
F4,6,internal,696.4105,stretch,no,0.8423758407205297,0.567322981254684,F1-F2:0.1777;F1-F3:-0.4870;F1-F4:0.1777,F1-F2:0.4565;F1-F3:-0.7889;F1-F4:0.4565,True,SB,,0.0,0.25314811877878735,0.0,0.0,0.0,0.0,,18.9984,5.4287,A1,0.7759
FCl3,Tx,external,0.0,translation,,0.0,,,,True,Tx,,1.0,0.0,0.0,0.0,0.0,0.0,,,,,
FCl3,Ty,external,0.0,translation,,0.0,,,,True,Ty,,0.0,1.0,0.0,0.0,0.0,0.24993855917729577,,,,,
FCl3,Tz,external,0.0,translation,,0.0,,,,True,Tz,,0.0,0.0,1.0,0.0,0.0,0.0,,,,,
FCl3,Rx,external,0.0,rotation,,0.0,,,,True,Rx,,0.0,0.0,0.0,1.0,0.0,0.0,,,,,
FCl3,Ry,external,0.0,rotation,,0.0,,,,True,Ry,,0.0,0.0,0.0,0.0,1.0,0.0,,,,,
FCl3,Rz,external,0.0,rotation,,0.0,,,,True,Rz,,0.0,0.24993855917729577,0.0,0.0,0.0,1.0,,,,,
FCl3,1,internal,73.8329,bend,no,0.27142289628860566,0.1185156174244744,F1-Cl2:-0.1357;F1-Cl3:0.0000;F1-Cl4:0.1357,F1-Cl2:-0.1253;F1-Cl3:0.0689;F1-Cl4:0.1614,True,SB,,2.7711109462091876e-06,-0.2269291587738223,0.0,0.0,0.0,-0.2723222216000283,,34.4292,0.1106,B2,0.18383
FCl3,2,internal,74.1215,bend,no,0.32865724571126825,0.07345470557027566,F1-Cl2:-0.1099;F1-Cl3:0.1088;F1-Cl4:-0.1099,F1-Cl2:-0.0266;F1-Cl3:0.1672;F1-Cl4:-0.0266,True,SB,,0.22866401118993562,-1.95184829407391e-06,0.0,0.0,0.0,-1.6399364339003686e-06,,34.4176,0.1114,A1,0.18578
FCl3,3,internal,180.3555,bend,no,0.0,0.1380025389373307,F1-Cl2:0.0000;F1-Cl3:0.0000;F1-Cl4:0.0000,F1-Cl2:0.1380;F1-Cl3:0.1380;F1-Cl4:0.1380,True,B,,0.0,0.0,-0.5,0.0,-0.5,0.0,,20.429,0.3915,B1,0.95416
FCl3,4,internal,271.4758,stretch,no,0.9836582693361681,0.2764852920373436,F1-Cl2:0.2322;F1-Cl3:0.5192;F1-Cl4:0.2322,F1-Cl2:0.2363;F1-Cl3:0.3569;F1-Cl4:0.2363,True,S,,-0.23974307580016185,0.0,0.0,0.0,0.0,0.0,,34.6767,1.5057,A1,0.13525
FCl3,5,internal,271.9309,stretch,no,0.6277723434769559,0.35743993439150495,F1-Cl2:-0.3139;F1-Cl3:0.0000;F1-Cl4:0.3139,F1-Cl2:-0.4345;F1-Cl3:0.1216;F1-Cl4:0.5162,True,SB,,0.0,-0.4816508521775002,0.0,0.0,0.0,0.12466443843639927,,20.6178,0.8983,B2,0.94795
FCl3,6,internal,272.6751,stretch,no,0.7209002024475756,0.4351762767203225,F1-Cl2:0.1895;F1-Cl3:-0.3419;F1-Cl4:0.1895,F1-Cl2:0.3798;F1-Cl3:-0.5460;F1-Cl4:0.3798,True,SB,,-0.42600655767552703,0.0,0.0,0.0,0.0,0.0,,20.7249,0.9079,A1,0.9444
FBr3,Tx,external,0.0,translation,,0.0,,,,True,Tx,,1.0,0.0,0.0,0.0,0.0,-0.25002703723786324,,,,,
FBr3,Ty,external,0.0,translation,,0.0,,,,True,Ty,,0.0,1.0,0.0,0.0,0.0,0.0,,,,,
FBr3,Tz,external,0.0,translation,,0.0,,,,True,Tz,,0.0,0.0,1.0,0.0,0.0,0.0,,,,,
FBr3,Rx,external,0.0,rotation,,0.0,,,,True,Rx,,0.0,0.0,0.0,1.0,0.0,0.0,,,,,
FBr3,Ry,external,0.0,rotation,,0.0,,,,True,Ry,,0.0,0.0,0.0,0.0,1.0,0.0,,,,,
FBr3,Rz,external,0.0,rotation,,1.18409525380884e-16,,,,True,Rz,,-0.25002703723786324,0.0,0.0,0.0,0.0,1.0,,,,,
FBr3,1,internal,53.0159,bend,no,0.2010415404199466,0.04068116004998792,F1-Br2:-0.0762;F1-Br3:0.0487;F1-Br4:-0.0762,F1-Br2:0.0051;F1-Br3:0.1118;F1-Br4:0.0051,True,SB,,0.0,0.23490817475515888,0.0,0.0,0.0,0.0,,73.9745,0.1225,A1,0.28724
FBr3,2,internal,53.0993,bend,no,0.16572979996494042,0.08848507219435575,F1-Br2:-0.0829;F1-Br3:0.0000;F1-Br4:0.0829,F1-Br2:-0.0745;F1-Br3:0.0767;F1-Br4:0.1143,True,B,,-0.23381584509928138,1.9097737451734265e-06,0.0,0.0,0.0,0.2658685838001009,,73.9324,0.1228,B2,0.28846
FBr3,3,internal,157.8923,bend,no,0.0,0.11542358369248096,F1-Br2:0.0000;F1-Br3:0.0000;F1-Br4:0.0000,F1-Br2:0.1154;F1-Br3:0.1155;F1-Br4:0.1154,True,B,,0.0,0.0,-0.5,0.5,0.0,0.0,,20.134,0.2957,B1,0.99048
FBr3,4,internal,177.9392,stretch,no,0.9999919502322662,0.26663435651003187,F1-Br2:0.3353;F1-Br3:0.3295;F1-Br4:0.3353,F1-Br2:0.2674;F1-Br3:0.2651;F1-Br4:0.2674,True,S,,0.0,0.24986524006067656,0.0,0.0,0.0,0.0,,78.9178,1.4722,A1,0.00305
FBr3,5,internal,236.8721,stretch,no,0.7006571491363417,0.3853094692552583,F1-Br2:0.1696;F1-Br3:-0.3614;F1-Br4:0.1696,F1-Br2:0.3212;F1-Br3:-0.5135;F1-Br4:0.3212,True,SB,,0.0,-0.4149988896924846,0.0,0.0,0.0,0.0,,20.4833,0.6771,A1,0.98753
FBr3,6,internal,237.4532,stretch,no,0.6134723048868412,0.321980700323693,F1-Br2:-0.3067;F1-Br3:0.0000;F1-Br4:0.3067,F1-Br2:-0.3965;F1-Br3:0.1058;F1-Br4:0.4637,True,SB,,-0.46722055160316805,0.0,0.0,0.0,0.0,-0.07937595994742644,,20.4865,0.6806,B2,0.9875
ClH3,Tx,external,0.0,translation,,0.0,,,,True,Tx,,1.0,0.0,0.0,0.0,0.0,0.02378656422693267,,,,,
ClH3,Ty,external,0.0,translation,,0.0,,,,True,Ty,,0.0,1.0,0.0,0.0,0.0,0.0,,,,,
ClH3,Tz,external,0.0,translation,,0.0,,,,True,Tz,,0.0,0.0,1.0,-0.5,0.0,0.0,,,,,
ClH3,Rx,external,0.0,rotation,,0.0,,,,True,Rx,,0.0,0.0,-0.5,1.0,0.0,0.0,,,,,
ClH3,Ry,external,0.0,rotation,,0.0,,,,True,Ry,,0.0,0.0,0.0,0.0,1.0,0.0,,,,,
ClH3,Rz,external,0.0,rotation,,0.0,,,,True,Rz,,0.023786564226932674,0.0,0.0,0.0,0.0,1.0,,,,,
ClH3,1,internal,758.9403,bend,no,0.0,0.054076554289779734,Cl1-H2:0.0000;Cl1-H3:0.0000;Cl1-H4:0.0000,Cl1-H2:0.0029;Cl1-H3:0.0797;Cl1-H4:0.0797,True,B,,0.0,0.0,0.0,-0.5,0.0,0.0,,1.0529,0.3573,B1,0.03645
ClH3,2,internal,798.975,bend,no,0.032712534539607194,0.05140775544360521,Cl1-H2:0.0004;Cl1-H3:-0.0161;Cl1-H4:-0.0161,Cl1-H2:0.0164;Cl1-H3:0.0689;Cl1-H4:0.0689,True,B,,0.0,-0.0004001210800263777,0.0,0.0,0.0,0.0,,1.0592,0.3984,A1,0.03888
ClH3,3,internal,856.3513,bend,no,0.19728213825198918,0.16479065750097086,Cl1-H2:0.0000;Cl1-H3:0.0986;Cl1-H4:-0.0986,Cl1-H2:0.2028;Cl1-H3:0.1599;Cl1-H4:-0.1316,True,SB,,0.2736947769073136,0.0,0.0,0.0,0.0,0.09505532407372749,,1.0525,0.4548,B2,0.03629
ClH3,4,internal,1242.5791,stretch,no,0.9058491345953409,0.26105916862238776,Cl1-H2:0.0000;Cl1-H3:0.4529;Cl1-H4:-0.4529,Cl1-H2:0.0246;Cl1-H3:0.3818;Cl1-H4:-0.3768,True,S,,-0.00275009918471103,0.0,0.0,0.0,0.0,0.07596566768536125,,1.0366,0.943,B2,0.02909
ClH3,5,internal,1251.9086,stretch,no,0.9995604802677525,0.26285737394085357,Cl1-H2:0.0001;Cl1-H3:0.4997;Cl1-H4:0.4997,Cl1-H2:0.0071;Cl1-H3:0.3907;Cl1-H4:0.3907,True,S,,0.0,-0.019035964614086295,0.0,0.0,0.0,0.0,,1.0079,0.9307,A1,0.00177
ClH3,6,internal,2684.3724,stretch,no,0.9966354314315977,0.263214332430942,Cl1-H2:-0.9963;Cl1-H3:0.0002;Cl1-H4:0.0002,Cl1-H2:-0.7845;Cl1-H3:0.0026;Cl1-H4:0.0026,True,S,,0.0,0.4460111197980779,0.0,0.0,0.0,0.0,,1.0376,4.4053,A1,0.02962
ClF3,Tx,external,0.0,translation,,0.0,,,,True,Tx,,1.0,0.0,0.0,0.0,0.0,-0.06462968972554106,,,,,
ClF3,Ty,external,0.0,translation,,0.0,,,,True,Ty,,0.0,1.0,0.0,0.0,0.0,0.0,,,,,
ClF3,Tz,external,0.0,translation,,0.0,,,,True,Tz,,0.0,0.0,1.0,0.5,0.0,0.0,,,,,
ClF3,Rx,external,0.0,rotation,,0.0,,,,True,Rx,,0.0,0.0,0.5,1.0,0.0,0.0,,,,,
ClF3,Ry,external,0.0,rotation,,0.0,,,,True,Ry,,0.0,0.0,0.0,0.0,1.0,0.0,,,,,
ClF3,Rz,external,0.0,rotation,,0.0,,,,True,Rz,,-0.06462968972554106,0.0,0.0,0.0,0.0,1.0,,,,,
ClF3,1,internal,231.6858,bend,no,0.10469377211936046,0.07996003171425146,Cl1-F2:-0.0495;Cl1-F3:0.0057;Cl1-F4:-0.0495,Cl1-F2:0.0894;Cl1-F3:0.0611;Cl1-F4:0.0894,True,B,,0.0,0.03289868216229605,0.0,0.0,0.0,0.0,,21.9552,0.6944,A1,0.43028
ClF3,2,internal,234.1592,bend,no,0.0,0.12365978584158033,Cl1-F2:0.0000;Cl1-F3:0.0000;Cl1-F4:0.0000,Cl1-F2:0.1717;Cl1-F3:0.0276;Cl1-F4:0.1717,True,B,,0.0,0.0,0.0,-0.5,0.0,0.0,,23.9313,0.7731,B1,0.55576
ClF3,3,internal,306.441,bend,no,0.06091685003891315,0.07392492458639503,Cl1-F2:-0.0305;Cl1-F3:0.0000;Cl1-F4:0.0305,Cl1-F2:-0.0302;Cl1-F3:0.1251;Cl1-F4:0.0665,True,B,,-0.30602100494935014,0.0,0.0,0.0,0.0,0.14746064833162564,,19.2875,1.0671,B2,0.13454
ClF3,4,internal,380.4381,stretch,no,0.9909184274191698,0.29444739534182535,Cl1-F2:0.4562;Cl1-F3:-0.0786;Cl1-F4:0.4562,Cl1-F2:0.3625;Cl1-F3:-0.1584;Cl1-F4:0.3625,True,S,,0.0,0.3833856911893795,0.0,0.0,0.0,0.0,,19.0008,1.6203,A1,0.01229
ClF3,5,internal,581.4719,stretch,no,0.8881702818145236,0.3098902749614421,Cl1-F2:-0.0517;Cl1-F3:-0.7847;Cl1-F4:-0.0517,Cl1-F2:-0.0958;Cl1-F3:-0.7381;Cl1-F4:-0.0958,True,SB,,0.0,-0.019412087597252214,0.0,0.0,0.0,0.0,,22.3049,4.4433,A1,0.45502
ClF3,6,internal,684.4361,stretch,no,0.8450327726246999,0.4450200732592926,Cl1-F2:-0.4225;Cl1-F3:0.0000;Cl1-F4:0.4225,Cl1-F2:-0.6288;Cl1-F3:0.0770;Cl1-F4:0.6293,True,SB,,-0.49174217956276983,0.0,0.0,0.0,0.0,-0.3467003351653586,,25.3011,6.9832,B2,0.62821
ClBr3,Tx,external,0.0,translation,,0.0,,,,True,Tx,,1.0,0.0,0.0,0.0,0.0,0.0,,,,,
ClBr3,Ty,external,0.0,translation,,0.0,,,,True,Ty,,0.0,1.0,0.0,0.0,0.0,0.2498688140021758,,,,,
ClBr3,Tz,external,0.0,translation,,0.0,,,,True,Tz,,0.0,0.0,1.0,0.0,0.0,0.0,,,,,
ClBr3,Rx,external,0.0,rotation,,0.0,,,,True,Rx,,0.0,0.0,0.0,1.0,0.0,0.0,,,,,
ClBr3,Ry,external,0.0,rotation,,0.0,,,,True,Ry,,0.0,0.0,0.0,0.0,1.0,0.0,,,,,
ClBr3,Rz,external,0.0,rotation,,4.933311596923036e-17,,,,True,Rz,,0.0,0.2498688140021758,0.0,0.0,0.0,1.0,,,,,
ClBr3,1,internal,40.7447,bend,no,0.012006263922728177,0.037098676133628224,Cl1-Br2:-0.0059;Cl1-Br3:-0.0059;Cl1-Br4:0.0003,Cl1-Br2:0.0517;Cl1-Br3:0.0517;Cl1-Br4:0.0080,True,B,,0.208016028524591,1.7364900267140646e-05,0.0,0.0,0.0,1.0890718060884254e-05,,70.7155,0.0692,?A,0.43202000185176614
ClBr3,2,internal,40.771,bend,no,0.012381383351972664,0.03692429740193697,Cl1-Br2:-0.0062;Cl1-Br3:0.0062;Cl1-Br4:0.0000,Cl1-Br2:0.0117;Cl1-Br3:0.0259;Cl1-Br4:0.0732,True,B,,2.053546897200695e-05,-0.19929939008486994,0.0,0.0,0.0,-0.29735547402968365,,70.7285,0.0693,?A,0.4316800018532246
ClBr3,3,internal,119.1907,bend,no,0.0,0.08769493867641837,Cl1-Br2:0.0000;Cl1-Br3:0.0000;Cl1-Br4:0.0000,Cl1-Br2:0.0877;Cl1-Br3:0.0877;Cl1-Br4:0.0877,True,B,,0.0,0.0,-0.5,0.0,-0.5,0.0,,37.6685,0.3153,B1,0.9688
ClBr3,4,internal,148.6003,stretch,no,0.9999963236036604,0.22217560916076398,Cl1-Br2:0.3316;Cl1-Br3:0.3316;Cl1-Br4:0.3368,Cl1-Br2:0.2216;Cl1-Br3:0.2216;Cl1-Br4:0.2233,True,S,,-0.2501507835208522,0.0,0.0,0.0,0.0,0.0,,78.9181,1.0268,A1,0.00214
ClBr3,5,internal,227.3482,stretch,no,0.6815186034449907,0.2862647713726196,Cl1-Br2:-0.3408;Cl1-Br3:0.3408;Cl1-Br4:0.0000,Cl1-Br2:-0.3775;Cl1-Br3:0.4168;Cl1-Br4:0.0645,True,SB,,0.0,-0.4359584315211567,0.0,0.0,0.0,0.006104321671527191,,39.8722,1.2142,B2,0.94257
ClBr3,6,internal,227.5224,stretch,no,0.7630353106942778,0.3384865178654864,Cl1-Br2:0.1746;Cl1-Br3:0.1746;Cl1-Br4:-0.4139,Cl1-Br2:0.2741;Cl1-Br3:0.2741;Cl1-Br4:-0.4673,True,SB,,-0.26526802982142034,0.0,0.0,0.0,0.0,0.0,,39.8764,1.2162,A1,0.94252
BrH3,Tx,external,0.0,translation,,0.0,,,,True,Tx,,1.0,0.0,0.0,0.0,0.0,0.04498706090590082,,,,,
BrH3,Ty,external,0.0,translation,,0.0,,,,True,Ty,,0.0,1.0,0.0,0.0,0.0,0.0,,,,,
BrH3,Tz,external,0.0,translation,,0.0,,,,True,Tz,,0.0,0.0,1.0,-0.5,0.0,0.0,,,,,
BrH3,Rx,external,0.0,rotation,,0.0,,,,True,Rx,,0.0,0.0,-0.5,1.0,0.0,0.0,,,,,
BrH3,Ry,external,0.0,rotation,,0.0,,,,True,Ry,,0.0,0.0,0.0,0.0,1.0,0.0,,,,,
BrH3,Rz,external,0.0,rotation,,0.0,,,,True,Rz,,0.04498706090590082,0.0,0.0,0.0,0.0,1.0,,,,,
BrH3,1,internal,813.6108,bend,no,0.0,0.049120647275955824,Br1-H2:0.0000;Br1-H3:0.0000;Br1-H4:0.0000,Br1-H2:0.0703;Br1-H3:0.0703;Br1-H4:0.0068,True,B,,0.0,0.0,0.0,-0.5,0.0,0.0,,1.0263,0.4003,B1,0.01542
BrH3,2,internal,843.7658,bend,no,0.05273516990431294,0.06302270750239193,Br1-H2:0.0263;Br1-H3:0.0263;Br1-H4:0.0001,Br1-H2:0.0918;Br1-H3:0.0918;Br1-H4:0.0054,True,B,,0.0,-0.00626234652286739,0.0,0.0,0.0,0.0,,1.0317,0.4328,A1,0.0175
BrH3,3,internal,974.9992,bend,no,0.08729023937121146,0.10156887159902238,Br1-H2:0.0436;Br1-H3:-0.0436;Br1-H4:0.0000,Br1-H2:0.0825;Br1-H3:-0.0505;Br1-H4:0.1718,True,B,,0.11059520804995948,0.0,0.0,0.0,0.0,0.024313104313826106,,1.0211,0.5719,B2,0.01306
BrH3,4,internal,1208.9159,stretch,no,0.9984183985963453,0.2555104035362882,Br1-H2:0.4991;Br1-H3:0.4991;Br1-H4:-0.0001,Br1-H2:0.3794;Br1-H3:0.3794;Br1-H4:-0.0077,True,S,,0.0,0.4230447690340275,0.0,0.0,0.0,0.0,,1.0084,0.8683,A1,0.00261
BrH3,5,internal,1284.4204,stretch,no,0.9780524191872902,0.25619180133120745,Br1-H2:0.4890;Br1-H3:-0.4890;Br1-H4:0.0000,Br1-H2:0.3826;Br1-H3:-0.3814;Br1-H4:0.0046,True,S,,-6.893595217477566e-05,0.0,0.0,0.0,0.0,0.03671205090228824,,1.0275,0.9987,B2,0.01587
BrH3,6,internal,2344.1589,stretch,no,0.9995275827126779,0.23761323431167605,Br1-H2:-0.0002;Br1-H3:-0.0002;Br1-H4:-0.9992,Br1-H2:-0.0047;Br1-H3:-0.0047;Br1-H4:-0.7035,True,S,,0.0,0.3433273479134625,0.0,0.0,0.0,0.0,,1.0209,3.3051,A1,0.01293
BrF3,Tx,external,0.0,translation,,0.0,,,,True,Tx,,1.0,0.0,0.0,0.0,0.0,-0.020018210800350045,,,,,
BrF3,Ty,external,0.0,translation,,0.0,,,,True,Ty,,0.0,1.0,0.0,0.0,0.0,0.0,,,,,
BrF3,Tz,external,0.0,translation,,0.0,,,,True,Tz,,0.0,0.0,1.0,0.5,0.0,0.0,,,,,
BrF3,Rx,external,0.0,rotation,,0.0,,,,True,Rx,,0.0,0.0,0.5,1.0,0.0,0.0,,,,,
BrF3,Ry,external,0.0,rotation,,0.0,,,,True,Ry,,0.0,0.0,0.0,0.0,1.0,0.0,,,,,
BrF3,Rz,external,0.0,rotation,,0.0,,,,True,Rz,,-0.020018210800350045,0.0,0.0,0.0,0.0,1.0,,,,,
BrF3,1,internal,220.5982,bend,no,0.0,0.08068465053938075,Br1-F2:0.0000;Br1-F3:0.0000;Br1-F4:0.0000,Br1-F2:0.1203;Br1-F3:0.0014;Br1-F4:0.1203,True,B,,0.0,0.0,0.0,0.5,0.0,0.0,,23.6214,0.6773,B1,0.27776
BrF3,2,internal,231.7987,bend,no,0.03737679618521537,0.09820113245161981,Br1-F2:0.0177;Br1-F3:-0.0020;Br1-F4:0.0177,Br1-F2:0.1311;Br1-F3:-0.0324;Br1-F4:0.1311,True,B,,0.0,-0.013442025094623888,0.0,0.0,0.0,0.0,,23.1481,0.7328,A1,0.26316
BrF3,3,internal,314.294,bend,no,0.02778877838749223,0.05354622380185686,Br1-F2:-0.0139;Br1-F3:0.0000;Br1-F4:0.0139,Br1-F2:-0.0013;Br1-F3:0.1180;Br1-F4:0.0413,True,B,,-0.23073984822833205,0.0,0.0,0.0,0.0,0.06601826195636964,,19.6165,1.1417,B2,0.10157
BrF3,4,internal,485.7629,stretch,no,0.998912454695968,0.28824809171052185,Br1-F2:0.4713;Br1-F3:-0.0564;Br1-F4:0.4713,Br1-F2:0.3668;Br1-F3:-0.1311;Br1-F4:0.3668,True,S,,0.0,0.41153973296191115,0.0,0.0,0.0,0.0,,18.9985,2.6413,A1,0.00107
BrF3,5,internal,588.8139,stretch,no,0.9690825052351834,0.28060241239353384,Br1-F2:-0.0355;Br1-F3:-0.8981;Br1-F4:-0.0355,Br1-F2:-0.0975;Br1-F3:-0.6467;Br1-F4:-0.0975,True,S,,0.0,-0.00726693613440741,0.0,0.0,0.0,0.0,,22.0687,4.508,A1,0.22636
BrF3,6,internal,594.1105,stretch,no,0.934687033375102,0.3602286953389113,Br1-F2:-0.4673;Br1-F3:0.0000;Br1-F4:0.4673,Br1-F2:-0.5299;Br1-F3:0.0207;Br1-F4:0.5301,True,S,,-0.493424434832811,0.0,0.0,0.0,0.0,-0.3994870402755497,,25.4218,5.2868,B2,0.32741
BrCl3,Tx,external,0.0,translation,,0.0,,,,True,Tx,,1.0,0.0,0.0,0.0,0.0,-0.10002888911105182,,,,,
BrCl3,Ty,external,0.0,translation,,0.0,,,,True,Ty,,0.0,1.0,0.0,0.0,0.0,0.0,,,,,
BrCl3,Tz,external,0.0,translation,,0.0,,,,True,Tz,,0.0,0.0,1.0,0.5,0.0,0.0,,,,,
BrCl3,Rx,external,0.0,rotation,,0.0,,,,True,Rx,,0.0,0.0,0.5,1.0,0.0,0.0,,,,,
BrCl3,Ry,external,0.0,rotation,,0.0,,,,True,Ry,,0.0,0.0,0.0,0.0,1.0,0.0,,,,,
BrCl3,Rz,external,0.0,rotation,,0.0,,,,True,Rz,,-0.1000288891110518,0.0,0.0,0.0,0.0,1.0,,,,,
BrCl3,1,internal,97.5013,bend,no,0.012286929867223661,0.05858825562771785,Br1-Cl2:0.0060;Br1-Cl3:0.0004;Br1-Cl4:0.0060,Br1-Cl2:0.0820;Br1-Cl3:0.0117;Br1-Cl4:0.0820,True,B,,0.0,-0.0009166811971119404,0.0,0.0,0.0,0.0,,40.6748,0.2278,A1,0.36032
BrCl3,2,internal,132.7008,bend,no,0.0,0.08475258819303681,Br1-Cl2:0.0000;Br1-Cl3:0.0000;Br1-Cl4:0.0000,Br1-Cl2:0.1076;Br1-Cl3:0.0391;Br1-Cl4:0.1076,True,B,,0.0,0.0,-0.5,0.0,0.0,0.0,,48.2752,0.5009,B1,0.55024
BrCl3,3,internal,160.4927,bend,no,0.0055583706499240364,0.040221721481020344,Br1-Cl2:-0.0028;Br1-Cl3:0.0000;Br1-Cl4:0.0028,Br1-Cl2:0.0080;Br1-Cl3:0.0970;Br1-Cl4:0.0157,True,B,,-0.22011724914316508,0.0,0.0,0.0,0.0,0.10417050417312657,,36.5572,0.5548,B2,0.1901
BrCl3,4,internal,242.5917,stretch,no,0.9979361701692421,0.21540812187798256,Br1-Cl2:0.4920;Br1-Cl3:-0.0139;Br1-Cl4:0.4920,Br1-Cl2:0.2958;Br1-Cl3:-0.0547;Br1-Cl4:0.2958,True,S,,0.0,0.019543601232158203,0.0,0.0,0.0,0.0,,35.0943,1.2169,A1,0.05343
BrCl3,5,internal,355.8993,stretch,no,0.8967926314124168,0.325277134106534,Br1-Cl2:-0.4484;Br1-Cl3:0.0000;Br1-Cl4:0.4484,Br1-Cl2:-0.4725;Br1-Cl3:0.0305;Br1-Cl4:0.4728,True,SB,,-0.49952957636248907,0.0,0.0,0.0,0.0,-0.4213110077197286,,47.4686,3.5425,B2,0.5333
BrCl3,6,internal,405.6331,stretch,no,0.8498795927832623,0.20673635214561567,Br1-Cl2:-0.0115;Br1-Cl3:-0.8268;Br1-Cl4:-0.0115,Br1-Cl2:-0.0079;Br1-Cl3:-0.6044;Br1-Cl4:-0.0079,True,SB,,0.0,0.05808249815675238,0.0,0.0,0.0,0.0,,42.333,4.1039,A1,0.40934
NH3,Tx,external,0.0,translation,,0.0,,,,True,Tx,,1.0,0.0,0.0,0.0,-0.15274790467433916,2.492902788642226e-07,,,,,
NH3,Ty,external,0.0,translation,,0.0,,,,True,Ty,,0.0,1.0,0.0,0.059797101094866134,0.0,0.0,,,,,
NH3,Tz,external,0.0,translation,,0.0,,,,True,Tz,,0.0,0.0,1.0,0.1961769716586913,0.0,0.0,,,,,
NH3,Rx,external,0.0,rotation,,1.1751218906224672e-17,,,,True,Rx,,0.0,0.059797101094866106,0.19617697165869138,1.0,0.0,0.0,,,,,
NH3,Ry,external,0.0,rotation,,3.620545328050934e-17,,,,True,Ry,,-0.15274790467433916,0.0,0.0,0.0,1.0,-0.23150147304090943,,,,,
NH3,Rz,external,0.0,rotation,,0.0,,,,True,Rz,,1.8696770918980032e-07,0.0,0.0,0.0,-0.17362610478068208,1.0,,,,,
NH3,1,internal,927.7815,bend,no,0.10683376153970792,0.14585003062995575,N1-H2:-0.0356;N1-H3:-0.0356;N1-H4:-0.0356,N1-H2:0.1459;N1-H3:0.1459;N1-H4:0.1459,True,B,,0.0,1.1402254457282268e-07,0.4740140086864245,0.20360323868548402,0.0,0.0,,1.1933,0.6052,A1,0.11948000000000002
NH3,2,internal,1796.4123,bend,no,0.03423547146555195,0.16800430463660407,N1-H2:0.0119;N1-H3:-0.0161;N1-H4:-0.0062,N1-H2:0.0916;N1-H3:0.1288;N1-H4:0.2837,True,B,,0.08308028020410474,-0.0877648298910925,-0.06700337979100446,-0.17775872140022686,-0.192384390574136,0.218972288848467,,1.076,2.0458,E,0.07242338020280469
NH3,3,internal,1796.4123,bend,no,0.03523442289075864,0.16838376047532225,N1-H2:-0.0092;N1-H3:-0.0159;N1-H4:0.0102,N1-H2:0.2664;N1-H3:0.1623;N1-H4:0.0765,True,B,,0.09851552456915294,-0.0283589720416548,-0.10350186498061711,-0.029939565922564082,-0.27185968189413356,-0.1708412600616992,,1.076,2.0458,E,0.07242338020280469
NH3,4,internal,3443.7542,stretch,no,0.9980914840407971,0.5720093612386544,N1-H2:0.3327;N1-H3:0.3327;N1-H4:0.3327,N1-H2:0.5720;N1-H3:0.5720;N1-H4:0.5720,True,S,,0.0,-3.056485008923193e-06,0.08723610320265171,0.010634357419016843,0.0,0.0,,1.0173,7.1085,A1,0.027040000000000005
NH3,5,internal,3598.6899,stretch,no,0.997993043683871,0.578877934695512,N1-H2:0.6613;N1-H3:-0.1282;N1-H4:-0.2085,N1-H2:0.8699;N1-H3:-0.3806;N1-H4:-0.4861,True,S,,0.021127455576309156,-0.1907451450835852,0.07600478848258706,-0.20423413594352685,0.015692090556859065,-0.0075765191035445005,,1.09,8.317,E,0.07952530289159546
NH3,6,internal,3598.6899,stretch,no,0.9979253107848864,0.5217279309561221,N1-H2:0.0039;N1-H3:-0.5372;N1-H4:0.4568,N1-H2:0.0619;N1-H3:-0.7803;N1-H4:0.7230,True,S,,0.019016028949478847,-0.17973956865608892,-0.06398283516217856,-0.008235319732974509,-0.09056938098335852,-0.16484439364406997,,1.09,8.317,E,0.07952530289159544
NF3,Tx,external,0.0,translation,,0.0,,,,True,Tx,,1.0,0.0,0.0,0.0,-0.12574228608727006,0.0,,,,,
NF3,Ty,external,0.0,translation,,0.0,,,,True,Ty,,0.0,1.0,0.0,-0.057984200446374486,0.0,-6.541670146316865e-08,,,,,
NF3,Tz,external,0.0,translation,,0.0,,,,True,Tz,,0.0,0.0,1.0,0.0,0.24134769521388436,0.0,,,,,
NF3,Rx,external,0.0,rotation,,0.0,,,,True,Rx,,0.0,-0.05798420044637447,0.0,1.0,0.0,-0.2946771921161468,,,,,
NF3,Ry,external,0.0,rotation,,0.0,,,,True,Ry,,-0.12574228608727003,0.0,0.24134769521388438,0.0,1.0,0.0,,,,,
NF3,Rz,external,0.0,rotation,,4.3890190658413405e-17,,,,True,Rz,,0.0,-4.906252609737649e-08,0.0,-0.22100789408711008,0.0,1.0,,,,,
NF3,1,internal,404.9022,bend,no,0.07766371377369247,0.12452319695524135,N1-F2:-0.0246;N1-F3:0.0156;N1-F4:0.0374,N1-F2:-0.0454;N1-F3:0.1891;N1-F4:0.1391,True,B,,-0.18657574021216894,-0.05377653631204704,0.0047698365779944435,-0.14235034664554871,0.2008211822496713,0.05407236923194018,,18.5263,1.7895,E,0.3074100694512137
NF3,2,internal,404.9022,bend,no,0.07884522148611021,0.09825977355125733,N1-F2:-0.0211;N1-F3:0.0205;N1-F4:-0.0372,N1-F2:0.1499;N1-F3:0.0835;N1-F4:0.0613,True,B,,-0.06357242196360474,0.18611754080871432,-0.0062084822044856935,0.3969015263410905,0.05794932960583631,0.04165002153817288,,18.5263,1.7895,E,0.30741006945121363
NF3,3,internal,549.4979,bend,no,0.23765644578124664,0.23315071891416658,N1-F2:0.0792;N1-F3:0.0792;N1-F4:0.0792,N1-F2:0.2332;N1-F3:0.2332;N1-F4:0.2332,True,SB,,-5.249970246867797e-07,0.0,0.08341914071918524,0.0,-0.07739933120738768,0.0,,17.9289,3.1896,A1,0.46271000000000007
NF3,4,internal,921.1138,stretch,no,0.7217292627948544,0.524063289246293,N1-F2:0.0518;N1-F3:0.2886;N1-F4:-0.3813,N1-F2:0.2884;N1-F3:0.6810;N1-F4:-0.6028,True,SB,,0.15263249226110784,0.2759916557248871,0.10553059802600664,-0.1764773124277127,-0.042766814100443695,0.13341508715702205,,15.3958,7.6962,E,0.849234704248478
NF3,5,internal,921.1138,stretch,no,0.7465599140629686,0.5563747962592552,N1-F2:-0.4097;N1-F3:0.2266;N1-F4:0.1102,N1-F2:-0.6648;N1-F3:0.5978;N1-F4:0.4065,True,SB,,-0.269498341439967,-0.013037866581232238,0.11882714498419916,-0.045899423004489806,0.03528610631407124,-0.04408566965420243,,15.3958,7.6962,E,0.849234704248478
NF3,6,internal,939.3038,stretch,no,0.6424014017433688,0.5748752954039874,N1-F2:0.2141;N1-F3:0.2141;N1-F4:0.2141,N1-F2:0.5749;N1-F3:0.5749;N1-F4:0.5749,True,SB,,-5.263034004443501e-06,0.0,0.24090922272604778,0.0,0.13951926999132105,0.0,,15.4872,8.0507,A1,0.83839
NCl3,Tx,external,0.0,translation,,0.0,,,,True,Tx,,1.0,0.0,0.0,0.0,-0.18965921649376244,0.0,,,,,
NCl3,Ty,external,0.0,translation,,0.0,,,,True,Ty,,0.0,1.0,0.0,-0.02793748982072208,0.0,-1.5749863265431447e-08,,,,,
NCl3,Tz,external,0.0,translation,,0.0,,,,True,Tz,,0.0,0.0,1.0,0.0,0.24796079419202083,0.0,,,,,
NCl3,Rx,external,0.0,rotation,,0.0,,,,True,Rx,,0.0,-0.02793748982072208,0.0,1.0,0.0,-0.3147083392394953,,,,,
NCl3,Ry,external,0.0,rotation,,9.342076867613746e-17,,,,True,Ry,,-0.1896592164937624,0.0,0.24796079419202083,0.0,1.0,0.0,,,,,
NCl3,Rz,external,0.0,rotation,,0.0,,,,True,Rz,,0.0,-1.1812397504584737e-08,0.0,-0.23603125442962147,0.0,1.0,,,,,
NCl3,1,internal,261.2758,bend,no,0.13994603436399158,0.0656293179382607,N1-Cl2:-0.0655;N1-Cl3:-0.0318;N1-Cl4:0.0426,N1-Cl2:-0.0062;N1-Cl3:0.0852;N1-Cl4:0.1055,True,B,,-0.15620276080176157,0.1580512377814406,-0.0012222517479932582,0.33675148877932937,0.16414271801555705,-0.025913396932792748,,33.0784,1.3304,E,0.300280030971092
NCl3,2,internal,261.2758,bend,no,0.13998921254326308,0.06546809577657368,N1-Cl2:-0.0655;N1-Cl3:0.0425;N1-Cl4:-0.0320,N1-Cl2:-0.0059;N1-Cl3:0.1055;N1-Cl4:0.0850,True,B,,-0.1559995943196832,-0.15826465141665252,-0.001227202773889477,-0.3371664387071244,0.16392113528207894,0.025813783568802557,,33.0784,1.3304,E,0.300280030971092
NCl3,3,internal,356.7576,bend,no,0.3341043356206045,0.20365697549123,N1-Cl2:0.1114;N1-Cl3:0.1114;N1-Cl4:0.1114,N1-Cl2:0.2037;N1-Cl3:0.2037;N1-Cl4:0.2037,True,SB,,-6.128213343170597e-07,0.0,0.1531697388088603,0.0,-0.043930308167673696,0.0,,29.9849,2.2485,A1,0.48757
NCl3,4,internal,553.5309,stretch,no,0.5004309944929315,0.4010682387889561,N1-Cl2:0.1668;N1-Cl3:0.1668;N1-Cl4:0.1668,N1-Cl2:0.4011;N1-Cl3:0.4011;N1-Cl4:0.4011,True,SB,,1.3569366981158737e-06,0.0,0.25311155931951035,0.0,0.15742187854919476,0.0,,16.2292,2.9297,A1,0.9454199999999999
NCl3,5,internal,645.1655,stretch,no,0.6812520778266157,0.30865440595440546,N1-Cl2:-0.0944;N1-Cl3:-0.2309;N1-Cl4:0.3560,N1-Cl2:-0.0240;N1-Cl3:-0.2800;N1-Cl4:0.6219,True,SB,,-0.15235680670854146,0.30598411706845596,-0.09368489894117966,-0.1707130019641786,0.011395635814602373,0.09349057959312675,,15.8093,3.8771,E,0.9559555062867727
NCl3,6,internal,645.1655,stretch,no,0.6694247203122701,0.4320513924111897,N1-Cl2:-0.3469;N1-Cl3:0.2524;N1-Cl4:0.0702,N1-Cl2:-0.5237;N1-Cl3:0.5111;N1-Cl4:0.2613,True,SB,,-0.3565574112412693,-0.0424776394653406,0.08465279762144204,0.06955976276344142,0.023452479035095244,0.13712334198432233,,15.8093,3.8771,E,0.9559555062867726
NBr3,Tx,external,0.0,translation,,0.0,,,,True,Tx,,1.0,0.0,0.0,0.0,-0.014616244597657906,-5.2144186468705556e-08,,,,,
NBr3,Ty,external,0.0,translation,,0.0,,,,True,Ty,,0.0,1.0,0.0,-0.21837582530839553,0.0,0.0,,,,,
NBr3,Tz,external,0.0,translation,,0.0,,,,True,Tz,,0.0,0.0,1.0,-0.24943992249319288,0.0,0.0,,,,,
NBr3,Rx,external,0.0,rotation,,0.0,,,,True,Rx,,0.0,-0.21837582530839553,-0.2494399224931928,1.0,0.0,0.0,,,,,
NBr3,Ry,external,0.0,rotation,,0.0,,,,True,Ry,,-0.014616244597657906,0.0,0.0,0.0,1.0,0.3235891717925324,,,,,
NBr3,Rz,external,0.0,rotation,,0.0,,,,True,Rz,,-3.910813985152917e-08,0.0,0.0,0.0,0.2426918788443993,0.9999999999999999,,,,,
NBr3,1,internal,130.6058,bend,no,0.08284155509649407,0.05404547063412248,N1-Br2:0.0319;N1-Br3:-0.0100;N1-Br4:-0.0409,N1-Br2:0.0671;N1-Br3:0.0866;N1-Br4:-0.0084,True,B,,0.09132273776723865,0.21550880403386352,0.00021735078332302087,-0.21886344521781978,0.19321500121265314,0.019247562676626195,,69.898,0.7025,E,0.37276854870012843
NBr3,2,internal,130.6058,bend,no,0.08650381470238222,0.04918290314722328,N1-Br2:-0.0301;N1-Br3:0.0161;N1-Br4:-0.0403,N1-Br2:0.0599;N1-Br3:0.0585;N1-Br4:0.0292,True,B,,0.21590648635111812,-0.09217175156202909,0.0005573138463614152,0.09269783224699751,0.44105293986879757,-0.007343643214340852,,69.898,0.7025,E,0.37276854870012843
NBr3,3,internal,187.7852,bend,no,0.486360981350831,0.18721418751198945,N1-Br2:0.1621;N1-Br3:0.1621;N1-Br4:0.1621,N1-Br2:0.1872;N1-Br3:0.1872;N1-Br4:0.1872,True,SB,,0.0,-2.874041615030798e-06,-0.21930981878211964,-0.01651969450113472,0.0,0.0,,69.9872,1.4541,A1,0.37092
NBr3,4,internal,356.9274,stretch,no,0.4538237371425456,0.3070707214415697,N1-Br2:0.1513;N1-Br3:0.1513;N1-Br4:0.1513,N1-Br2:0.3071;N1-Br3:0.3071;N1-Br4:0.3071,True,SB,,0.0,2.6077687945325057e-05,-0.3548001203307411,0.1974284960385967,0.0,0.0,,15.0341,1.1285,A1,0.99203
NBr3,5,internal,485.2405,stretch,no,0.5970560192873501,0.32094711935213116,N1-Br2:0.0295;N1-Br3:-0.3014;N1-Br4:0.2661,N1-Br2:0.1504;N1-Br3:-0.3812;N1-Br4:0.4313,True,SB,,-0.3491856224350276,0.11918422890669994,-0.07085404823283217,-0.043652262806224335,0.22698586332570675,0.21506272318064523,,15.3319,2.127,E,0.9897110784971541
NBr3,6,internal,485.2405,stretch,no,0.6485415682584245,0.35705407499533975,N1-Br2:-0.3341;N1-Br3:0.1299;N1-Br4:0.1845,N1-Br2:-0.4460;N1-Br3:0.2806;N1-Br4:0.3446,True,SB,,0.005736802884018843,-0.28239197780761127,-0.11009508288238655,0.07125211203146203,0.025007472832115865,-0.026311989817599375,,15.3319,2.127,E,0.9897110784971541
PH3,Tx,external,0.0,translation,,0.0,,,,True,Tx,,1.0,0.0,0.0,0.0,-0.24277206724059014,0.0,,,,,
PH3,Ty,external,0.0,translation,,0.0,,,,True,Ty,,0.0,1.0,0.0,0.2697637601942697,0.0,-2.585242035261596e-08,,,,,
PH3,Tz,external,0.0,translation,,0.0,,,,True,Tz,,0.0,0.0,1.0,0.0,0.11608998165711462,0.0,,,,,
PH3,Rx,external,0.0,rotation,,9.748081700513757e-17,,,,True,Rx,,0.0,0.2697637601942697,0.0,1.0,0.0,0.15349081258906128,,,,,
PH3,Ry,external,0.0,rotation,,4.508966128016271e-17,,,,True,Ry,,-0.24277206724059014,0.0,0.11608998165711462,0.0,1.0,0.0,,,,,
PH3,Rz,external,0.0,rotation,,0.0,,,,True,Rz,,0.0,-1.938931526446197e-08,0.0,0.11511810944179596,0.0,1.0,,,,,
PH3,1,internal,1040.6039,bend,no,0.0944989299580765,0.051125632145979316,P1-H2:-0.0315;P1-H3:-0.0315;P1-H4:-0.0315,P1-H2:0.0511;P1-H3:0.0511;P1-H4:0.0511,True,B,,-3.2743728357875757e-07,0.0,0.4117083177090536,0.0,0.13275063585900929,0.0,,1.0817,0.6901,A1,0.04966
PH3,2,internal,1169.0725,bend,no,0.02474269471554643,0.08054631000902095,P1-H2:0.0087;P1-H3:-0.0080;P1-H4:-0.0081,P1-H2:0.0482;P1-H3:0.0971;P1-H4:0.0964,True,B,,-0.000757020975110434,-0.00046964169263413735,-0.09106411928128842,-0.001742337911860653,-0.19819503854497536,-0.0019045696329955304,,1.0279,0.8277,E,0.0258901931240383
PH3,3,internal,1169.0725,bend,no,0.020289482079694703,0.0802000159044054,P1-H2:0.0001;P1-H3:-0.0101;P1-H4:0.0101,P1-H2:0.1279;P1-H3:0.0419;P1-H4:0.0708,True,B,,-0.0003916168511890472,0.03673279144495821,0.0009325716679290941,0.27808474284782686,-0.00019672911000934157,-0.16192570764130512,,1.0279,0.8277,E,0.0258901931240383
PH3,4,internal,2301.2848,stretch,no,0.998377123212899,0.4087414175834878,P1-H2:0.3328;P1-H3:0.3328;P1-H4:0.3328,P1-H2:0.4087;P1-H3:0.4087;P1-H4:0.4087,True,S,,-1.149080951806658e-06,0.0,-0.07788484471299989,0.0,0.007188833692597655,0.0,,1.026,3.2014,A1,0.02463
PH3,5,internal,2305.1915,stretch,no,0.9993348476009989,0.3791727119633892,P1-H2:-0.0487;P1-H3:-0.3252;P1-H4:0.6254,P1-H2:-0.1586;P1-H3:-0.4099;P1-H4:0.5689,True,S,,-0.14240109491315356,0.10443421136039854,0.12650028908938624,0.20211913806407497,0.05764908714268432,-0.019978953180535875,,1.0409,3.259,E,0.03322650297578726
PH3,6,internal,2305.1915,stretch,no,0.9993349625653043,0.3767532961909983,P1-H2:0.6175;P1-H3:-0.3411;P1-H4:-0.0408,P1-H2:0.5653;P1-H3:-0.4198;P1-H4:-0.1451,True,S,,0.16133416776537418,-0.07814720784314017,0.12638926219284313,0.060471695658057684,-0.2030899042439054,0.023279492586147504,,1.0409,3.259,E,0.03322650297578726
PF3,Tx,external,0.0,translation,,0.0,,,,True,Tx,,1.0,0.0,0.0,0.0,-0.11555936329759729,-6.395320497250741e-08,,,,,
PF3,Ty,external,0.0,translation,,0.0,,,,True,Ty,,0.0,1.0,0.0,-0.009373650481413698,0.0,0.0,,,,,
PF3,Tz,external,0.0,translation,,0.0,,,,True,Tz,,0.0,0.0,1.0,-0.2175185017868842,0.0,0.0,,,,,
PF3,Rx,external,0.0,rotation,,6.625321645934293e-17,,,,True,Rx,,0.0,-0.009373650481413642,-0.21751850178688423,1.0,0.0,0.0,,,,,
PF3,Ry,external,0.0,rotation,,7.182899462068254e-17,,,,True,Ry,,-0.11555936329759728,0.0,0.0,0.0,1.0,0.2562937725823851,,,,,
PF3,Rz,external,0.0,rotation,,0.0,,,,True,Rz,,-4.796490372938056e-08,0.0,0.0,0.0,0.19222032943678885,1.0,,,,,
PF3,1,internal,267.7052,bend,no,0.027773233645070547,0.07439253480014581,P1-F2:-0.0087;P1-F3:0.0059;P1-F4:0.0131,P1-F2:-0.0025;P1-F3:0.1346;P1-F4:0.0862,True,B,,-0.02596145671122338,-0.13724840050435777,-0.019415550190309376,0.1698143147285203,-0.12297448143693572,-0.08744981566115839,,19.77,0.8348,E,0.25384460069105275
PF3,2,internal,267.7052,bend,no,0.028023077788437923,0.07640612973431159,P1-F2:0.0069;P1-F3:-0.0081;P1-F4:0.0131,P1-F2:0.1328;P1-F3:-0.0056;P1-F4:0.0909,True,B,,-0.13292543719958694,0.05252539518743646,-0.022062122830637174,-0.030469974212520623,-0.31928080244599133,0.07742551095102401,,19.77,0.8348,E,0.25384460069105275
PF3,3,internal,380.3123,bend,no,0.11684576416064868,0.0526097289081301,P1-F2:-0.0389;P1-F3:-0.0389;P1-F4:-0.0389,P1-F2:0.0526;P1-F3:0.0526;P1-F4:0.0526,True,B,,0.0,-2.2277123432612456e-06,-0.06742242712236945,0.13260161996930162,0.0,0.0,,21.0124,1.7906,A1,0.41009
PF3,4,internal,802.0726,stretch,no,0.822501331460444,0.47564317898888636,P1-F2:0.2742;P1-F3:0.2742;P1-F4:0.2742,P1-F2:0.4756;P1-F3:0.4756;P1-F4:0.4756,True,SB,,0.0,2.3879532344284193e-06,-0.20143096868025911,0.09518996758970878,0.0,0.0,,22.474,8.5184,A1,0.53873
PF3,5,internal,804.2155,stretch,no,0.846632627377322,0.4301897738046487,P1-F2:-0.4635;P1-F3:0.3431;P1-F4:0.0401,P1-F2:-0.5866;P1-F3:0.5506;P1-F4:0.1534,True,SB,,-0.057233334660144214,-0.24731690369353726,-0.1265076225139527,-0.012827336347899135,-0.09796076237555675,0.06241384112035142,,22.696,8.6486,E,0.5556697080100733
PF3,6,internal,804.2155,stretch,no,0.8649718154413943,0.40684600558946665,P1-F2:-0.1109;P1-F3:-0.2401;P1-F4:0.5140,P1-F2:-0.1809;P1-F3:-0.3591;P1-F4:0.6805,True,SB,,-0.1661577447499919,-0.13045601099424686,0.1293561326441725,-0.01002109990906401,0.09000927176603729,0.013918285013002135,,22.696,8.6486,E,0.5556697080100733
PCl3,Tx,external,0.0,translation,,0.0,,,,True,Tx,,1.0,0.0,0.0,0.0,-0.06796435697369735,-7.516412862488645e-10,,,,,
PCl3,Ty,external,0.0,translation,,0.0,,,,True,Ty,,0.0,1.0,0.0,-0.10490118701733514,0.0,0.0,,,,,
PCl3,Tz,external,0.0,translation,,0.0,,,,True,Tz,,0.0,0.0,1.0,-0.2381991626748771,0.0,0.0,,,,,
PCl3,Rx,external,0.0,rotation,,0.0,,,,True,Rx,,0.0,-0.10490118701733511,-0.23819916267487695,1.0,0.0,0.0,,,,,
PCl3,Ry,external,0.0,rotation,,0.0,,,,True,Ry,,-0.06796435697369735,0.0,0.0,0.0,1.0,0.28802376211970476,,,,,
PCl3,Rz,external,0.0,rotation,,0.0,,,,True,Rz,,-5.637309646866484e-10,0.0,0.0,0.0,0.21601782158977856,1.0,,,,,
PCl3,1,internal,149.1897,bend,no,0.04595967834151985,0.04395082471671253,P1-Cl2:-0.0205;P1-Cl3:-0.0175;P1-Cl4:0.0080,P1-Cl2:0.0442;P1-Cl3:0.0569;P1-Cl4:0.0308,True,B,,-0.15695078278522942,-0.10193697119823558,0.012408176221347246,0.10143064347524344,-0.3371658832158437,-0.017153153622127586,,34.5677,0.4533,E,0.31688570179167125
PCl3,2,internal,149.1897,bend,no,0.042431603174360746,0.04353795699043181,P1-Cl2:-0.0210;P1-Cl3:0.0184;P1-Cl4:-0.0030,P1-Cl2:0.0053;P1-Cl3:0.0435;P1-Cl4:0.0818,True,B,,0.0993276389860936,-0.14261580047477365,0.0025507623070984793,0.16192936751750864,0.24505292687341076,0.08214888330547943,,34.5677,0.4533,E,0.31688570179167125
PCl3,3,internal,198.9581,bend,no,0.13778418434402026,0.01489501970375614,P1-Cl2:-0.0459;P1-Cl3:-0.0459;P1-Cl4:-0.0459,P1-Cl2:0.0149;P1-Cl3:0.0149;P1-Cl4:0.0149,True,B,,0.0,1.4068383825116548e-06,0.023225577578156215,0.09900237048125705,0.0,0.0,,33.934,0.7914,A1,0.50895
PCl3,4,internal,408.4239,stretch,no,0.7117967649086181,0.35943372171377336,P1-Cl2:0.2373;P1-Cl3:0.2373;P1-Cl4:0.2373,P1-Cl2:0.3594;P1-Cl3:0.3594;P1-Cl4:0.3594,True,SB,,0.0,5.295493849005739e-06,-0.1876626660317084,0.11601937070271033,0.0,0.0,,32.7091,3.2147,A1,0.75208
PCl3,5,internal,412.4784,stretch,no,0.7666742300841434,0.3560065593727419,P1-Cl2:0.0729;P1-Cl3:-0.4192;P1-Cl4:0.2745,P1-Cl2:0.1816;P1-Cl3:-0.4769;P1-Cl4:0.4095,True,SB,,-0.2059829398972561,0.16028598758323614,-0.11893041166246687,-0.03157548185282154,0.1139820517864496,0.05656785686880939,,32.4751,3.2554,E,0.7900756405560166
PCl3,6,internal,412.4784,stretch,no,0.7715458100139291,0.3602250088841472,P1-Cl2:-0.4262;P1-Cl3:0.0856;P1-Cl4:0.2597,P1-Cl2:-0.4841;P1-Cl3:0.2001;P1-Cl4:0.3964,True,SB,,0.033499848415392164,-0.25037132211061097,-0.1199033670754659,0.02636573119868328,0.06429127685378362,-0.044178613837338405,,32.4751,3.2554,E,0.7900756405560166
PBr3,Tx,external,0.0,translation,,0.0,,,,True,Tx,,1.0,0.0,0.0,0.0,-0.17857206293934688,0.0,,,,,
PBr3,Ty,external,0.0,translation,,0.0,,,,True,Ty,,0.0,1.0,0.0,-0.033102844992234426,0.0,-6.72631996767592e-08,,,,,
PBr3,Tz,external,0.0,translation,,0.0,,,,True,Tz,,0.0,0.0,1.0,0.0,0.24714211747141826,0.0,,,,,
PBr3,Rx,external,0.0,rotation,,5.359116387138328e-17,,,,True,Rx,,0.0,-0.033102844992234426,0.0,1.0,0.0,-0.3112647655519705,,,,,
PBr3,Ry,external,0.0,rotation,,3.793578824916107e-17,,,,True,Ry,,-0.17857206293934688,0.0,0.2471421174714182,0.0,1.0,0.0,,,,,
PBr3,Rz,external,0.0,rotation,,0.0,,,,True,Rz,,0.0,-5.04473997575694e-08,0.0,-0.2334485741639779,0.0,1.0,,,,,
PBr3,1,internal,95.7287,bend,no,0.05904722127662406,0.0389308042758879,P1-Br2:-0.0285;P1-Br3:-0.0171;P1-Br4:0.0134,P1-Br2:0.0213;P1-Br3:0.0580;P1-Br4:0.0375,True,B,,-0.1418764454383411,0.1628822053234784,-0.002618597558935922,0.34513312771612686,0.14504725674385294,-0.025565376824122372,,72.4126,0.391,E,0.3683599353892874
PBr3,2,internal,95.7287,bend,no,0.058312955161261504,0.03878230641142844,P1-Br2:-0.0287;P1-Br3:0.0184;P1-Br4:-0.0112,P1-Br2:0.0094;P1-Br3:0.0409;P1-Br4:0.0660,True,B,,-0.1590651605640922,-0.14390733667327535,-0.0018183615367413112,-0.3099300881747971,0.16410992002410105,0.03678121793842944,,72.4126,0.391,E,0.3683599353892874
PBr3,3,internal,133.2493,bend,no,0.19931226309917338,0.11079496748967538,P1-Br2:0.0664;P1-Br3:0.0664;P1-Br4:0.0664,P1-Br2:0.1108;P1-Br3:0.1108;P1-Br4:0.1108,True,SB,,-2.3836122547971073e-06,0.0,0.14075984210139486,0.0,-0.05004674937244398,0.0,,64.901,0.6789,A1,0.54071
PBr3,4,internal,324.0025,stretch,no,0.5741379675564231,0.30866178225488183,P1-Br2:0.1914;P1-Br3:0.1914;P1-Br4:0.1914,P1-Br2:0.3087;P1-Br3:0.3087;P1-Br4:0.3087,True,SB,,1.5040730594328977e-07,0.0,0.2134192391131898,0.0,0.1415412870288247,0.0,,36.6576,2.2673,A1,0.93886
PBr3,5,internal,347.9996,stretch,no,0.6848710714496559,0.25279570057312406,P1-Br2:-0.2253;P1-Br3:-0.0973;P1-Br4:0.3623,P1-Br2:-0.2362;P1-Br3:-0.0595;P1-Br4:0.4627,True,SB,,-0.11180548155906775,0.2392208476605256,-0.1162383035177249,0.0008307174310344251,-0.06293684367698692,-0.04564295110759257,,35.8146,2.5555,E,0.9481709789378706
PBr3,6,internal,347.9996,stretch,no,0.6689632611456229,0.24735276273282872,P1-Br2:-0.2565;P1-Br3:0.3487;P1-Br4:-0.0637,P1-Br2:-0.2779;P1-Br3:0.4523;P1-Br4:-0.0118,True,SB,,-0.12551088954557155,-0.2603037247695761,-0.11172311545047339,-0.019305709333496707,-0.0809837064798964,0.08865026195092145,,35.8146,2.5555,E,0.9481709789378707
AsH3,Tx,external,0.0,translation,,0.0,,,,True,Tx,,1.0,0.0,0.0,0.0,-0.2635869240290135,0.0,,,,,
AsH3,Ty,external,0.0,translation,,0.0,,,,True,Ty,,0.0,1.0,0.0,0.285398624311497,0.0,5.750589228507389e-07,,,,,
AsH3,Tz,external,0.0,translation,,0.0,,,,True,Tz,,0.0,0.0,1.0,0.0,-0.10527203144132238,0.0,,,,,
AsH3,Rx,external,0.0,rotation,,9.277767841610101e-17,,,,True,Rx,,0.0,0.285398624311497,0.0,1.0,0.0,-0.1430672555502844,,,,,
AsH3,Ry,external,0.0,rotation,,5.121417892911822e-17,,,,True,Ry,,-0.2635869240290135,0.0,-0.10527203144132238,0.0,1.0,0.0,,,,,
AsH3,Rz,external,0.0,rotation,,4.169817415707774e-17,,,,True,Rz,,0.0,4.312941921380542e-07,0.0,-0.1073004416627133,0.0,1.0,,,,,
AsH3,1,internal,934.0067,bend,no,0.09483612115842457,0.037612468918700535,As1-H2:-0.0316;As1-H3:-0.0316;As1-H4:-0.0316,As1-H2:0.0376;As1-H3:0.0376;As1-H4:0.0376,True,B,,-4.122693266273014e-06,0.0,0.4150329179484422,0.0,-0.12264563569647607,0.0,,1.0394,0.5342,A1,0.020660000000000005
AsH3,2,internal,986.1788,bend,no,0.019026434860402473,0.0691458287963928,As1-H2:0.0069;As1-H3:-0.0061;As1-H4:-0.0061,As1-H2:0.0414;As1-H3:0.0830;As1-H4:0.0830,True,B,,0.0006599653275199402,0.0,-0.08902674078956761,0.0,0.20920249358164236,0.0,,1.0162,0.5823,E,0.01062
AsH3,3,internal,986.1788,bend,no,0.015568204995938164,0.06894747049127552,As1-H2:0.0000;As1-H3:-0.0078;As1-H4:0.0078,As1-H2:0.1075;As1-H3:0.0397;As1-H4:0.0597,True,B,,0.0,0.03471492969725677,0.0,0.2806517275375827,0.0,0.15736169033126202,,1.0162,0.5823,E,0.01062
AsH3,4,internal,2082.2984,stretch,no,0.9998096889086585,0.35902120681841604,As1-H2:0.6665;As1-H3:-0.1666;As1-H4:-0.1666,As1-H2:0.5386;As1-H3:-0.2692;As1-H4:-0.2692,True,S,,-0.16143363198571042,0.0,0.13029531364304867,0.0,0.2340989199998481,0.0,,1.0217,2.6102,E,0.01372
AsH3,5,internal,2082.2984,stretch,no,0.9998063893230279,0.3109065882279301,As1-H2:0.0000;As1-H3:-0.4999;As1-H4:0.4999,As1-H2:0.0000;As1-H3:-0.4663;As1-H4:0.4664,True,S,,0.0,-0.1335149432565026,0.0,-0.005013895947678198,0.0,0.32564493535135647,,1.0217,2.6102,E,0.01372
AsH3,6,internal,2093.3075,stretch,no,0.9968862786485971,0.3777996747487568,As1-H2:0.3323;As1-H3:0.3323;As1-H4:0.3323,As1-H2:0.3778;As1-H3:0.3778;As1-H4:0.3778,True,S,,-2.8502452553980095e-06,0.0,-0.08604019036988597,0.0,-0.00948918270174514,0.0,,1.0159,2.6228,A1,0.01044
AsF3,Tx,external,0.0,translation,,0.0,,,,True,Tx,,1.0,0.0,0.0,0.0,-0.11313315092776177,0.0,,,,,
AsF3,Ty,external,0.0,translation,,0.0,,,,True,Ty,,0.0,1.0,0.0,0.18362242384396896,0.0,-9.838154631699088e-08,,,,,
AsF3,Tz,external,0.0,translation,,0.0,,,,True,Tz,,0.0,0.0,1.0,0.0,-0.17616542127532106,0.0,,,,,
AsF3,Rx,external,0.0,rotation,,0.0,,,,True,Rx,,0.0,0.18362242384396898,0.0,1.0,0.0,-0.21091842023413668,,,,,
AsF3,Ry,external,0.0,rotation,,4.053280389875339e-17,,,,True,Ry,,-0.11313315092776183,0.0,-0.1761654212753211,0.0,1.0,0.0,,,,,
AsF3,Rz,external,0.0,rotation,,0.0,,,,True,Rz,,0.0,-7.378615973774316e-08,0.0,-0.15818881517560252,0.0,1.0,,,,,
AsF3,1,internal,268.1116,bend,no,0.007610292238869268,0.06684966670043319,As1-F2:-0.0027;As1-F3:0.0035;As1-F4:0.0015,As1-F2:0.0176;As1-F3:0.0687;As1-F4:0.1143,True,B,,0.07410751461653034,-0.00025930908733395874,-0.038159519655042974,0.11817302906355875,0.1660485804237659,-0.11492622433714195,,20.2872,0.8592,E,0.15180553876588299
AsF3,2,internal,268.1116,bend,no,0.007724180741359931,0.06682872146063076,As1-F2:0.0018;As1-F3:0.0034;As1-F4:-0.0025,As1-F2:0.1121;As1-F3:0.0737;As1-F4:0.0147,True,B,,-0.041858077137955585,-0.06794675645400472,-0.04475082190580357,0.2611793361439047,-0.013879416336707723,0.09953831090720705,,20.2872,0.8592,E,0.15180553876588299
AsF3,3,internal,352.2694,bend,no,0.03211365003996086,0.08267701705359431,As1-F2:-0.0107;As1-F3:-0.0107;As1-F4:-0.0107,As1-F2:0.0827;As1-F3:0.0827;As1-F4:0.0827,True,B,,3.442203513059905e-07,0.0,-0.24490529500875305,0.0,0.16150703611421657,0.0,,23.3319,1.7059,A1,0.27837
AsF3,4,internal,790.652,stretch,no,0.953837572754842,0.3707304563917919,As1-F2:0.3773;As1-F3:-0.5454;As1-F4:0.0311,As1-F2:0.4603;As1-F3:-0.5440;As1-F4:0.1078,True,S,,-0.03348491303699787,0.2191183045087985,-0.12976464609082977,0.05734525009187996,0.14625836068915204,0.014804651799712715,,22.7502,8.3793,E,0.25901165707357654
AsF3,5,internal,790.652,stretch,no,0.9579908509402211,0.37991710666667977,As1-F2:-0.2623;As1-F3:-0.0929;As1-F4:0.6028,As1-F2:-0.3620;As1-F3:-0.1934;As1-F4:0.5844,True,S,,0.06036626061183374,0.18254901571719975,0.12992159262257102,0.0909622107842917,-0.10821877555024642,0.003982070977141749,,22.7502,8.3793,E,0.25901165707357654
AsF3,6,internal,799.9311,stretch,no,0.9528774745587606,0.4036122606844092,As1-F2:0.3176;As1-F3:0.3176;As1-F4:0.3176,As1-F2:0.4036;As1-F3:0.4036;As1-F4:0.4036,True,S,,2.9087640407432502e-08,0.0,-0.1572785083987278,0.0,0.045082590746535534,0.0,,22.0083,8.2974,A1,0.23200000000000004
AsCl3,Tx,external,0.0,translation,,0.0,,,,True,Tx,,1.0,0.0,0.0,0.0,-0.008078681192250636,0.0,,,,,
AsCl3,Ty,external,0.0,translation,,0.0,,,,True,Ty,,0.0,1.0,0.0,0.1246835372350978,0.0,-9.240321248900803e-08,,,,,
AsCl3,Tz,external,0.0,translation,,0.0,,,,True,Tz,,0.0,0.0,1.0,0.0,0.21263438230596635,0.0,,,,,
AsCl3,Rx,external,0.0,rotation,,5.784990453242469e-17,,,,True,Rx,,0.0,0.12468353723509779,0.0,1.0,0.0,0.25021095213428274,,,,,
AsCl3,Ry,external,0.0,rotation,,0.0,,,,True,Ry,,-0.008078681192250609,0.0,0.2126343823059663,0.0,1.0,0.0,,,,,
AsCl3,Rz,external,0.0,rotation,,0.0,,,,True,Rz,,0.0,-6.930240936675602e-08,0.0,0.18765821410071204,0.0,1.0,,,,,
AsCl3,1,internal,154.8677,bend,no,0.01981703854227014,0.04962958372708574,As1-Cl2:-0.0043;As1-Cl3:0.0076;As1-Cl4:0.0080,As1-Cl2:-0.0069;As1-Cl3:0.0724;As1-Cl4:0.0696,True,B,,-0.13399759849315718,0.0004852405834609719,-0.040586194588181294,-0.011920113323159065,-0.16576707379102398,-0.010421006964660603,,37.1042,0.5243,E,0.2311890501299748
AsCl3,2,internal,154.8677,bend,no,0.017114850904687555,0.04530730841584158,As1-Cl2:-0.0004;As1-Cl3:0.0082;As1-Cl4:-0.0085,As1-Cl2:0.0846;As1-Cl3:0.0340;As1-Cl4:0.0174,True,B,,-0.005066224769742889,-0.09846655700397698,0.0028579034222299265,0.321956809951446,-0.001535429860626325,-0.13644943454966538,,37.1042,0.5243,E,0.2311890501299748
AsCl3,3,internal,199.0279,bend,no,0.059644723008680636,0.04835832330049165,As1-Cl2:-0.0199;As1-Cl3:-0.0199;As1-Cl4:-0.0199,As1-Cl2:0.0484;As1-Cl3:0.0484;As1-Cl4:0.0484,True,B,,3.773427306730248e-07,0.0,-0.16864319507448441,0.0,-0.1580344780091474,0.0,,41.7281,0.9739,A1,0.41131
AsCl3,4,internal,406.6193,stretch,no,0.9016660802741095,0.3471751441682837,As1-Cl2:-0.5474;As1-Cl3:0.1070;As1-Cl4:0.2472,As1-Cl2:-0.5007;As1-Cl3:0.2047;As1-Cl4:0.3361,True,SB,,-0.2107788894863793,-0.032753822381277276,-0.12104054117942775,0.04018728998060589,0.05225373475580079,-0.009949467556738078,,43.3214,4.2202,E,0.4572285923911584
AsCl3,5,internal,406.6193,stretch,no,0.8881102193326644,0.30794196290789927,As1-Cl2:-0.0375;As1-Cl3:0.4925;As1-Cl4:-0.3581,As1-Cl2:-0.0542;As1-Cl3:0.4867;As1-Cl4:-0.3829,True,SB,,-0.17972759548910677,-0.1757046937883662,0.1197392520056046,-0.14781707646393488,-0.030746167565035343,-0.043839546162010634,,43.3214,4.2202,E,0.4572285923911584
AsCl3,6,internal,426.5822,stretch,no,0.8852430405073998,0.33932016646080454,As1-Cl2:0.2951;As1-Cl3:0.2951;As1-Cl4:0.2951,As1-Cl2:0.3393;As1-Cl3:0.3393;As1-Cl4:0.3393,True,SB,,-5.047292706561457e-07,0.0,-0.144872050457856,0.0,-0.0716375165722165,0.0,,41.0966,4.4062,A1,0.39163
AsBr3,Tx,external,0.0,translation,,0.0,,,,True,Tx,,1.0,0.0,0.0,0.0,-0.10229717488905161,0.0,,,,,
AsBr3,Ty,external,0.0,translation,,0.0,,,,True,Ty,,0.0,1.0,0.0,-0.06921946761103673,0.0,-2.5131319691951148e-08,,,,,
AsBr3,Tz,external,0.0,translation,,0.0,,,,True,Tz,,0.0,0.0,1.0,0.0,0.23777153885414723,0.0,,,,,
AsBr3,Rx,external,0.0,rotation,,5.209780706747204e-17,,,,True,Rx,,0.0,-0.06921946761103673,0.0,1.0,0.0,-0.28718701811348907,,,,,
AsBr3,Ry,external,0.0,rotation,,9.519102019427342e-17,,,,True,Ry,,-0.10229717488905157,0.0,0.23777153885414726,0.0,1.0,0.0,,,,,
AsBr3,Rz,external,0.0,rotation,,5.23631094762949e-17,,,,True,Rz,,0.0,-1.884848976896336e-08,0.0,-0.21539026358511681,0.0,1.0,,,,,
AsBr3,1,internal,87.9277,bend,no,0.032329589229761584,0.0379406537408662,As1-Br2:-0.0161;As1-Br3:-0.0019;As1-Br4:0.0144,As1-Br2:0.0070;As1-Br3:0.0722;As1-Br4:0.0347,True,B,,-0.13708114704812474,-0.09300178781114321,-0.002413194262440674,-0.24098322183533255,0.1604936108154478,0.09024517299352941,,78.505,0.3576,E,0.32158078705047044
AsBr3,2,internal,87.9277,bend,no,0.03513894148298048,0.038216903598999895,As1-Br2:-0.0157;As1-Br3:0.0057;As1-Br4:-0.0138,As1-Br2:0.0418;As1-Br3:0.0223;As1-Br4:0.0505,True,B,,-0.0971405474775161,0.153786988840294,-0.014529824484714491,0.33588693605856895,0.0959631257799697,-0.015338802031638251,,78.505,0.3576,E,0.32158078705047044
AsBr3,3,internal,117.0875,bend,no,0.10703487336610029,0.021791003264261376,As1-Br2:-0.0357;As1-Br3:-0.0357;As1-Br4:-0.0357,As1-Br2:0.0218;As1-Br3:0.0218;As1-Br4:0.0218,True,B,,-1.1881358663867747e-06,0.0,0.009542968461324297,0.0,0.10928710764170689,0.0,,77.7792,0.6283,A1,0.53387
AsBr3,4,internal,249.1076,stretch,no,0.7336669640532159,0.3255544990689827,As1-Br2:0.2446;As1-Br3:0.2446;As1-Br4:0.2446,As1-Br2:0.3256;As1-Br3:0.3256;As1-Br4:0.3256,True,SB,,5.6979466802609124e-06,0.0,0.15949105987570542,0.0,0.10570698869090339,0.0,,76.9277,2.8126,A1,0.70573
AsBr3,5,internal,257.5585,stretch,no,0.7577918302431871,0.31201276796212374,As1-Br2:0.0300;As1-Br3:0.3309;As1-Br4:-0.3969,As1-Br2:0.0990;As1-Br3:0.4166;As1-Br4:-0.4205,True,SB,,0.17620573542828588,0.24737218356628574,0.10670159850611755,-0.17590070522517426,-0.055774765647797805,0.12417359921402905,,76.5619,2.9924,E,0.7678578668607883
AsBr3,6,internal,257.5585,stretch,no,0.7963183976022817,0.34256524116428994,As1-Br2:-0.4545;As1-Br3:0.2093;As1-Br4:0.1326,As1-Br2:-0.4713;As1-Br3:0.3179;As1-Br4:0.2385,True,SB,,-0.22922422490274147,-0.018505721775401468,0.11725077512258948,-0.02728418172221672,0.01045101164718494,-0.012088613835236267,,76.5619,2.9924,E,0.7678578668607882
BH3,Tx,external,0.0,translation,,0.0,,,,True,Tx,,1.0,0.0,0.0,0.0,0.0,0.0,,,,,
BH3,Ty,external,0.0,translation,,0.0,,,,True,Ty,,0.0,1.0,0.0,0.0,0.0,-9.383326797044826e-08,,,,,
BH3,Tz,external,0.0,translation,,0.0,,,,True,Tz,,0.0,0.0,1.0,0.0,0.3333333333333333,0.0,,,,,
BH3,Rx,external,0.0,rotation,,0.0,,,,True,Rx,,0.0,0.0,0.0,1.0,0.0,0.0,,,,,
BH3,Ry,external,0.0,rotation,,0.0,,,,True,Ry,,0.0,0.0,0.25,0.0,1.0,0.0,,,,,
BH3,Rz,external,0.0,rotation,,0.0,,,,True,Rz,,0.0,-7.037495103334734e-08,0.0,0.0,0.0,1.0,,,,,
BH3,1,internal,1185.7558,bend,no,0.0,0.16990822990783205,B1-H2:0.0000;B1-H3:0.0000;B1-H4:0.0000,B1-H2:0.1699;B1-H3:0.1699;B1-H4:0.1699,True,B,,0.0,0.0,0.5,0.0,0.3333333333333333,0.0,,1.2531,1.0381,"A2""",0.1566
BH3,2,internal,1251.9902,bend,no,0.016423964900667175,0.1409287463038629,B1-H2:0.0063;B1-H3:0.0082;B1-H4:-0.0019,B1-H2:0.2245;B1-H3:0.1823;B1-H4:-0.0159,True,B,,-0.1318051778523716,0.08368505937851076,0.0,0.0,0.0,-0.25189212140638784,,1.1088,1.024,E',0.10047160992041483
BH3,3,internal,1251.9902,bend,no,0.016391415129268627,0.1320137890144835,B1-H2:0.0063;B1-H3:-0.0082;B1-H4:-0.0019,B1-H2:0.0627;B1-H3:0.0821;B1-H4:0.2513,True,B,,0.1318506026176473,-0.11929657198673552,0.0,0.0,0.0,-0.32299515825026365,,1.1088,1.024,E',0.10047160992041483
BH3,4,internal,2615.3897,stretch,no,0.9999999999830277,0.48232033417282844,B1-H2:0.3333;B1-H3:0.3333;B1-H4:0.3333,B1-H2:0.4823;B1-H3:0.4823;B1-H4:0.4823,True,S,,-3.1601533954095373e-06,0.0,0.0,0.0,0.0,0.0,,1.0078,4.0617,A1',0.0
BH3,5,internal,2753.532,stretch,no,0.9953100045941264,0.4793752709177482,B1-H2:-0.0223;B1-H3:0.5831;B1-H4:-0.3899,B1-H2:-0.1294;B1-H3:0.7220;B1-H4:-0.5868,True,S,,-0.20166398298169777,0.14639847020269,0.0,0.0,0.0,-0.03824695181906668,,1.1257,5.0285,E',0.10855282078324818
BH3,6,internal,2753.532,stretch,no,0.9954515732470978,0.5026089525151584,B1-H2:0.6412;B1-H3:-0.0805;B1-H4:-0.2738,B1-H2:0.7571;B1-H3:-0.2607;B1-H4:-0.4901,True,S,,0.231498481609061,-0.04869764866801082,0.0,0.0,0.0,0.01166560174557433,,1.1257,5.0285,E',0.10855282078324818
BF3,Tx,external,0.0,translation,,0.0,,,,True,Tx,,1.0,0.0,0.0,0.0,0.0,0.0,,,,,
BF3,Ty,external,0.0,translation,,0.0,,,,True,Ty,,0.0,1.0,0.0,0.0,0.0,-1.2845787115504473e-07,,,,,
BF3,Tz,external,0.0,translation,,0.0,,,,True,Tz,,0.0,0.0,1.0,0.0,0.3333333333333333,0.0,,,,,
BF3,Rx,external,0.0,rotation,,0.0,,,,True,Rx,,0.0,0.0,0.0,1.0,0.0,0.0,,,,,
BF3,Ry,external,0.0,rotation,,0.0,,,,True,Ry,,0.0,0.0,0.25,0.0,1.0,0.0,,,,,
BF3,Rz,external,0.0,rotation,,4.767454111842346e-17,,,,True,Rz,,0.0,-9.63434034217947e-08,0.0,0.0,0.0,1.0,,,,,
BF3,1,internal,484.2209,bend,no,0.04652567738233308,0.12223676290629136,B1-F2:-0.0000;B1-F3:-0.0233;B1-F4:0.0232,B1-F2:0.2376;B1-F3:0.0171;B1-F4:0.1120,True,B,,-0.00019047375331543437,-0.19290818114555833,0.0,0.0,0.0,-0.07071010983299215,,17.8577,2.467,E',0.37787013549631043
BF3,2,internal,484.2209,bend,no,0.05035284197015438,0.1578692023336118,B1-F2:-0.0043;B1-F3:0.0231;B1-F4:0.0230,B1-F2:-0.0585;B1-F3:0.2074;B1-F4:0.2077,True,B,,-0.2034869130002886,0.00014686701190042006,0.0,0.0,0.0,-0.00017913473146132416,,17.8577,2.467,E',0.37787013549631043
BF3,3,internal,663.5273,bend,no,0.0,0.30700290797058377,B1-F2:0.0000;B1-F3:0.0000;B1-F4:0.0000,B1-F2:0.3070;B1-F3:0.3070;B1-F4:0.3070,True,B,,0.0,0.0,-0.5,0.0,-0.3333333333333333,0.0,,11.8135,3.0644,"A2""",0.94833
BF3,4,internal,910.6944,stretch,no,0.9999999999841523,0.4294152307393577,B1-F2:0.3333;B1-F3:0.3333;B1-F4:0.3333,B1-F2:0.4294;B1-F3:0.4294;B1-F4:0.4294,True,S,,-3.1601533954095373e-06,0.0,0.0,0.0,0.0,0.0,,18.9984,9.2835,A1',0.0
BF3,5,internal,1583.6032,stretch,no,0.7729012523927122,0.6968468828089472,B1-F2:-0.4235;B1-F3:0.1757;B1-F4:0.1736,B1-F2:-0.9244;B1-F3:0.5849;B1-F4:0.5813,True,SB,,-0.30724012631412295,-0.00039667948997682,0.0,0.0,0.0,-0.00054278352374267,,12.3022,18.1771,E',0.9155141002191065
BF3,6,internal,1583.6032,stretch,no,0.6943555035036545,0.5495739485204373,B1-F2:-0.0010;B1-F3:-0.3459;B1-F4:0.3475,B1-F2:0.2187;B1-F3:-0.5947;B1-F4:0.8354,True,SB,,-0.008711498870140624,-0.44394667862719295,0.0,0.0,0.0,-0.3022463403151985,,12.3022,18.1771,E',0.9155141002191065
BCl3,Tx,external,0.0,translation,,0.0,,,,True,Tx,,1.0,0.0,0.0,0.0,0.0,-4.120987179279112e-08,,,,,
BCl3,Ty,external,0.0,translation,,0.0,,,,True,Ty,,0.0,1.0,0.0,0.0,0.0,0.0,,,,,
BCl3,Tz,external,0.0,translation,,0.0,,,,True,Tz,,0.0,0.0,1.0,-0.3333333333333333,0.0,0.0,,,,,
BCl3,Rx,external,0.0,rotation,,0.0,,,,True,Rx,,0.0,0.0,-0.25,1.0,0.0,0.0,,,,,
BCl3,Ry,external,0.0,rotation,,0.0,,,,True,Ry,,0.0,0.0,0.0,0.0,1.0,0.0,,,,,
BCl3,Rz,external,0.0,rotation,,7.169455069679294e-17,,,,True,Rz,,-3.090740384459334e-08,0.0,0.0,0.0,0.0,1.0,,,,,
BCl3,1,internal,266.0137,bend,no,0.06001295737943487,0.07853171103227731,B1-Cl2:0.0300;B1-Cl3:0.0023;B1-Cl4:-0.0277,B1-Cl2:0.0838;B1-Cl3:0.1373;B1-Cl4:-0.0145,True,B,,0.11652098286948412,0.18562144708635955,0.0,0.0,0.0,0.0393146853826134,,31.2813,1.3042,E',0.3923137184703079
BCl3,2,internal,266.0137,bend,no,0.06388324546005808,0.07064918866742904,B1-Cl2:-0.0296;B1-Cl3:0.0070;B1-Cl4:-0.0273,B1-Cl2:0.0735;B1-Cl3:0.0538;B1-Cl4:0.0847,True,B,,0.18880708818603414,-0.11767149104109925,0.0,0.0,0.0,0.004190805325101336,,31.2813,1.3042,E',0.3923137184703079
BCl3,3,internal,434.8038,stretch,no,0.9999999999811698,0.32288440861605927,B1-Cl2:0.3333;B1-Cl3:0.3333;B1-Cl4:0.3333,B1-Cl2:0.3229;B1-Cl3:0.3229;B1-Cl4:0.3229,True,S,,0.0,-3.1601533954095373e-06,0.0,0.0,0.0,0.0,,34.9689,3.8951,A1',0.0
BCl3,4,internal,465.8329,bend,no,0.0,0.1703151413571787,B1-Cl2:0.0000;B1-Cl3:0.0000;B1-Cl4:0.0000,B1-Cl2:0.1703;B1-Cl3:0.1703;B1-Cl4:0.1703,True,B,,0.0,0.0,-0.5,0.3333333333333333,0.0,0.0,,11.7756,1.5055,"A2""",0.98388
BCl3,5,internal,876.8208,stretch,no,0.7181674727813545,0.4761412798182474,B1-Cl2:0.1107;B1-Cl3:-0.3763;B1-Cl4:0.2311,B1-Cl2:0.3219;B1-Cl3:-0.6225;B1-Cl4:0.4840,True,SB,,-0.28088380782642436,0.17955830631421033,0.0,0.0,0.0,0.046891383784415895,,12.2624,5.5545,E',0.9735014054946198
BCl3,6,internal,876.8208,stretch,no,0.6942510007844029,0.4506871020065579,B1-Cl2:-0.3580;B1-Cl3:0.0618;B1-Cl4:0.2744,B1-Cl2:-0.5711;B1-Cl3:0.2464;B1-Cl4:0.5345,True,SB,,0.002253179622283663,-0.3682332525323012,0.0,0.0,0.0,-0.11487874695865541,,12.2624,5.5545,E',0.9735014054946198
BBr3,Tx,external,0.0,translation,,0.0,,,,True,Tx,,1.0,0.0,0.0,0.0,0.0,0.0,,,,,
BBr3,Ty,external,0.0,translation,,0.0,,,,True,Ty,,0.0,1.0,0.0,0.0,0.0,-2.450132593108852e-08,,,,,
BBr3,Tz,external,0.0,translation,,0.0,,,,True,Tz,,0.0,0.0,1.0,0.0,0.3333333333333333,0.0,,,,,
BBr3,Rx,external,0.0,rotation,,0.0,,,,True,Rx,,0.0,0.0,0.0,1.0,0.0,0.0,,,,,
BBr3,Ry,external,0.0,rotation,,0.0,,,,True,Ry,,0.0,0.0,0.25,0.0,1.0,0.0,,,,,
BBr3,Rz,external,0.0,rotation,,3.3544783521847634e-17,,,,True,Rz,,0.0,-1.837599444831639e-08,0.0,0.0,0.0,1.0,,,,,
BBr3,1,internal,169.9557,bend,no,0.06665821102341198,0.07502350997624783,B1-Br2:0.0052;B1-Br3:-0.0283;B1-Br4:0.0332,B1-Br2:0.1203;B1-Br3:-0.0237;B1-Br4:0.0811,True,B,,0.01765398744513083,-0.23556937624690488,0.0,0.0,0.0,-0.017628044663404802,,67.7016,1.1522,E',0.4064169067595491
BBr3,2,internal,169.9557,bend,no,0.06962719150523963,0.06092144301592839,B1-Br2:0.0091;B1-Br3:-0.0276;B1-Br4:-0.0329,B1-Br2:0.0538;B1-Br3:0.0751;B1-Br4:0.0539,True,B,,0.23624214127936133,0.01739707793024592,0.0,0.0,0.0,-0.003985583080634569,,67.7016,1.1522,E',0.4064169067595491
BBr3,3,internal,275.4635,stretch,no,0.999999999983144,0.30214535091855094,B1-Br2:0.3333;B1-Br3:0.3333;B1-Br4:0.3333,B1-Br2:0.3021;B1-Br3:0.3021;B1-Br4:0.3021,True,S,,-3.1601533954095373e-06,0.0,0.0,0.0,0.0,0.0,,78.9183,3.5282,A1',0.0
BBr3,4,internal,435.6414,bend,no,0.0,0.13929895180054472,B1-Br2:0.0000;B1-Br3:0.0000;B1-Br4:0.0000,B1-Br2:0.1393;B1-Br3:0.1393;B1-Br4:0.1393,True,B,,0.0,0.0,-0.5,0.0,-0.3333333333333333,0.0,,11.447,1.28,"A2""",0.99677
BBr3,5,internal,795.9894,stretch,no,0.6655254523913634,0.40139762325847533,B1-Br2:-0.3383;B1-Br3:0.0714;B1-Br4:0.2558,B1-Br2:-0.5111;B1-Br3:0.2326;B1-Br4:0.4605,True,SB,,-0.364347632373501,0.0036379632103579473,0.0,0.0,0.0,0.10256396514925449,,11.7289,4.3784,E',0.9946877561325463
BBr3,6,internal,795.9894,stretch,no,0.6810562417695426,0.4148628221723312,B1-Br2:0.1015;B1-Br3:-0.3479;B1-Br4:0.2317,B1-Br2:0.2735;B1-Br3:-0.5374;B1-Br4:0.4337,True,SB,,0.18215077423338674,-0.290433730067163,0.0,0.0,0.0,-0.059626648572141595,,11.7289,4.3784,E',0.9946877561325463
AlH3,Tx,external,0.0,translation,,0.0,,,,True,Tx,,1.0,0.0,0.0,0.0,0.0,0.0,,,,,
AlH3,Ty,external,0.0,translation,,0.0,,,,True,Ty,,0.0,1.0,0.0,0.0,0.0,-3.4506904296923345e-08,,,,,
AlH3,Tz,external,0.0,translation,,0.0,,,,True,Tz,,0.0,0.0,1.0,0.0,0.3333333333333333,0.0,,,,,
AlH3,Rx,external,0.0,rotation,,0.0,,,,True,Rx,,0.0,0.0,0.0,1.0,0.0,0.0,,,,,
AlH3,Ry,external,0.0,rotation,,0.0,,,,True,Ry,,0.0,0.0,0.25,0.0,1.0,0.0,,,,,
AlH3,Rz,external,0.0,rotation,,0.0,,,,True,Rz,,0.0,-2.5880178222692507e-08,0.0,0.0,0.0,1.0,,,,,
AlH3,1,internal,713.1189,bend,no,0.0,0.076288877714049,Al1-H2:0.0000;Al1-H3:0.0000;Al1-H4:0.0000,Al1-H2:0.0763;Al1-H3:0.0763;Al1-H4:0.0763,True,B,,0.0,0.0,0.5,0.0,0.3333333333333333,0.0,,1.1161,0.3344,"A2""",0.06456
AlH3,2,internal,779.9814,bend,no,0.017123586956467377,0.06830549169455609,Al1-H2:-0.0067;Al1-H3:0.0019;Al1-H4:-0.0085,Al1-H2:0.1073;Al1-H3:0.0158;Al1-H4:0.0818,True,B,,0.12663933589801035,0.2108358308067303,0.0,0.0,0.0,-0.3231568365900825,,1.0592,0.3797,E',0.04449460641471054
AlH3,3,internal,779.9814,bend,no,0.017074849600290876,0.06807276505155783,Al1-H2:0.0067;Al1-H3:-0.0018;Al1-H4:-0.0085,Al1-H2:0.0363;Al1-H3:0.1311;Al1-H4:0.0368,True,B,,0.18519843884526213,0.14039455695237735,0.0,0.0,0.0,0.332549095240568,,1.0592,0.3797,E',0.04449460641471054
AlH3,4,internal,1922.5298,stretch,no,0.9999999999825356,0.3586357047522369,Al1-H2:0.3333;Al1-H3:0.3333;Al1-H4:0.3333,Al1-H2:0.3586;Al1-H3:0.3586;Al1-H4:0.3586,True,S,,-3.1601533954095373e-06,0.0,0.0,0.0,0.0,0.0,,1.0078,2.1947,A1',0.0
AlH3,5,internal,1935.7605,stretch,no,0.9996578566807894,0.3448428455623052,Al1-H2:0.6251;Al1-H3:-0.0484;Al1-H4:-0.3261,Al1-H2:0.5174;Al1-H3:-0.1436;Al1-H4:-0.3736,True,S,,0.23047260989716767,-0.0715133218028251,0.0,0.0,0.0,0.020527976457081654,,1.0592,2.3384,E',0.04445521454227839
AlH3,6,internal,1935.7605,stretch,no,0.9996579581144367,0.34288399487190363,Al1-H2:-0.0414;Al1-H3:0.6180;Al1-H4:-0.3403,Al1-H2:-0.1326;Al1-H3:0.5144;Al1-H4:-0.3816,True,S,,-0.18245091516710135,0.16042043574230747,0.0,0.0,0.0,-0.023525876079760286,,1.0592,2.3384,E',0.04445521454227839
AlF3,Tx,external,0.0,translation,,0.0,,,,True,Tx,,1.0,0.0,0.0,0.0,0.0,0.0,,,,,
AlF3,Ty,external,0.0,translation,,0.0,,,,True,Ty,,0.0,1.0,0.0,0.0,0.0,-5.015851104831862e-08,,,,,
AlF3,Tz,external,0.0,translation,,0.0,,,,True,Tz,,0.0,0.0,1.0,0.0,0.3333333333333333,0.0,,,,,
AlF3,Rx,external,0.0,rotation,,0.0,,,,True,Rx,,0.0,0.0,0.0,1.0,0.0,0.0,,,,,
AlF3,Ry,external,0.0,rotation,,0.0,,,,True,Ry,,0.0,0.0,0.25,0.0,1.0,0.0,,,,,
AlF3,Rz,external,0.0,rotation,,3.8991554693847314e-17,,,,True,Rz,,0.0,-3.761888328623897e-08,0.0,0.0,0.0,1.0,,,,,
AlF3,1,internal,277.0178,bend,no,0.0,0.21669909243184607,Al1-F2:0.0000;Al1-F3:0.0000;Al1-F4:0.0000,Al1-F2:0.2167;Al1-F3:0.2167;Al1-F4:0.2167,True,B,,0.0,0.0,-0.5,0.0,-0.3333333333333333,0.0,,23.7721,1.0748,"A2""",0.77329
AlF3,2,internal,278.4062,bend,no,0.019631936388163615,0.09675513215651375,Al1-F2:-0.0033;Al1-F3:0.0065;Al1-F4:0.0098,Al1-F2:-0.0128;Al1-F3:0.1600;Al1-F4:0.1174,True,B,,-0.14965609408939015,-0.0034565334651080193,0.0,0.0,0.0,0.07813117885566205,,19.8841,0.9081,E',0.3330845515781241
AlF3,3,internal,278.4062,bend,no,0.01960675988581516,0.08856123460464309,Al1-F2:0.0033;Al1-F3:-0.0065;Al1-F4:0.0098,Al1-F2:0.1724;Al1-F3:0.0059;Al1-F4:0.0874,True,B,,0.04066280410043557,-0.11668216489506154,0.0,0.0,0.0,-0.13811616550218941,,19.8841,0.9081,E',0.3330845515781241
AlF3,4,internal,724.5826,stretch,no,0.9999999999826662,0.3512056343474336,Al1-F2:0.3333;Al1-F3:0.3333;Al1-F4:0.3333,Al1-F2:0.3512;Al1-F3:0.3512;Al1-F4:0.3512,True,S,,-3.1601533954095373e-06,0.0,0.0,0.0,0.0,0.0,,18.9984,5.8768,A1',0.0
AlF3,5,internal,1038.7502,stretch,no,0.8327363413605967,0.48174850521008583,Al1-F2:-0.4359;Al1-F3:0.3747;Al1-F4:0.0221,Al1-F2:-0.6508;Al1-F3:0.6553;Al1-F4:0.1391,True,SB,,-0.3469914769646873,-0.04856057291282566,0.0,0.0,0.0,-0.10590071810574897,,22.5171,14.3148,E',0.6639047257701967
AlF3,6,internal,1038.7502,stretch,no,0.8704874271436073,0.4505383401430049,Al1-F2:-0.1441;Al1-F3:-0.2110;Al1-F4:0.5154,Al1-F2:-0.2352;Al1-F3:-0.3435;Al1-F4:0.7730,True,SB,,-0.15104399271772967,-0.2284954352552005,0.0,0.0,0.0,-0.005637868223891848,,22.5171,14.3148,E',0.6639047257701967
AlCl3,Tx,external,0.0,translation,,0.0,,,,True,Tx,,1.0,0.0,0.0,0.0,0.0,0.0,,,,,
AlCl3,Ty,external,0.0,translation,,0.0,,,,True,Ty,,0.0,1.0,0.0,0.0,0.0,-1.2219738776408917e-08,,,,,
AlCl3,Tz,external,0.0,translation,,0.0,,,,True,Tz,,0.0,0.0,1.0,0.0,0.3333333333333333,0.0,,,,,
AlCl3,Rx,external,0.0,rotation,,0.0,,,,True,Rx,,0.0,0.0,0.0,1.0,0.0,0.0,,,,,
AlCl3,Ry,external,0.0,rotation,,0.0,,,,True,Ry,,0.0,0.0,0.25,0.0,1.0,0.0,,,,,
AlCl3,Rz,external,0.0,rotation,,0.0,,,,True,Rz,,0.0,-9.164804082306688e-09,0.0,0.0,0.0,1.0,,,,,
AlCl3,1,internal,139.737,bend,no,0.017076027964279795,0.06066570137429087,Al1-Cl2:-0.0005;Al1-Cl3:0.0082;Al1-Cl4:0.0083,Al1-Cl2:-0.0133;Al1-Cl3:0.0845;Al1-Cl4:0.0841,True,B,,-0.18755002079731212,0.00035253553416911276,0.0,0.0,0.0,-0.0008737946345016937,,33.7431,0.3882,?A,0.39175160101778783
AlCl3,2,internal,139.737,bend,no,0.016608206572921818,0.05213523249835961,Al1-Cl2:-0.0001;Al1-Cl3:0.0082;Al1-Cl4:-0.0083,Al1-Cl2:0.1029;Al1-Cl3:0.0377;Al1-Cl4:0.0158,True,B,,-0.0006550600999584155,-0.16697322517062027,0.0,0.0,0.0,-0.0995537123580833,,33.7431,0.3882,?A,0.39175160101778783
AlCl3,3,internal,189.5614,bend,no,0.0,0.13035937978710546,Al1-Cl2:0.0000;Al1-Cl3:0.0000;Al1-Cl4:0.0000,Al1-Cl2:0.1304;Al1-Cl3:0.1304;Al1-Cl4:0.1304,True,B,,0.0,0.0,-0.5,0.0,-0.3333333333333333,0.0,,28.3041,0.5992,"A2""",0.91346
AlCl3,4,internal,351.2037,stretch,no,0.9999999999818322,0.26493840681246855,Al1-Cl2:0.3333;Al1-Cl3:0.3333;Al1-Cl4:0.3333,Al1-Cl2:0.2649;Al1-Cl3:0.2649;Al1-Cl4:0.2649,True,S,,-3.1601533954095373e-06,0.0,0.0,0.0,0.0,0.0,,34.9689,2.5413,?B,0.0
AlCl3,5,internal,586.2406,stretch,no,0.809679767081499,0.4211385935942993,Al1-Cl2:-0.4574;Al1-Cl3:0.1830;Al1-Cl4:0.1693,Al1-Cl2:-0.5868;Al1-Cl3:0.3464;Al1-Cl4:0.3303,True,SB,,-0.2712335510715277,0.0038814214941550462,0.0,0.0,0.0,0.0012183877463125593,,29.1616,5.9049,?A,0.8526828975064529
AlCl3,6,internal,586.2406,stretch,no,0.742202331248986,0.3598729555578966,Al1-Cl2:0.0057;Al1-Cl3:0.3625;Al1-Cl4:-0.3740,Al1-Cl2:0.0859;Al1-Cl3:0.5167;Al1-Cl4:-0.4770,True,SB,,0.13036010241534446,-0.39778637362628244,0.0,0.0,0.0,-0.2698327303643178,,29.1616,5.9049,?A,0.8526828975064529
AlBr3,Tx,external,0.0,translation,,0.0,,,,True,Tx,,1.0,0.0,0.0,0.0,0.0,0.0,,,,,
AlBr3,Ty,external,0.0,translation,,0.0,,,,True,Ty,,0.0,1.0,0.0,0.0,0.0,-3.5872573652303195e-08,,,,,
AlBr3,Tz,external,0.0,translation,,0.0,,,,True,Tz,,0.0,0.0,1.0,0.0,0.3333333333333333,0.0,,,,,
AlBr3,Rx,external,0.0,rotation,,0.0,,,,True,Rx,,0.0,0.0,0.0,1.0,0.0,0.0,,,,,
AlBr3,Ry,external,0.0,rotation,,0.0,,,,True,Ry,,0.0,0.0,0.25,0.0,1.0,0.0,,,,,
AlBr3,Rz,external,0.0,rotation,,0.0,,,,True,Rz,,0.0,-2.6904430239227395e-08,0.0,0.0,0.0,1.0,,,,,
AlBr3,1,internal,99.1618,bend,no,0.034154599770634585,0.04453178177148568,Br1-Al4:0.0029;Br2-Al4:-0.0145;Br3-Al4:-0.0167,Br1-Al4:0.0236;Br2-Al4:0.0606;Br3-Al4:0.0494,True,B,,0.21744250248238955,0.012156534476695692,0.0,0.0,0.0,-0.008341798742872922,,69.7608,0.4042,E',0.41990726023730524
AlBr3,2,internal,99.1618,bend,no,0.033518101886266895,0.045590281740238214,Br1-Al4:0.0022;Br2-Al4:-0.0146;Br3-Al4:0.0167,Br1-Al4:0.0882;Br2-Al4:-0.0024;Br3-Al4:0.0462,True,B,,0.013547949629092877,-0.21293842378761346,0.0,0.0,0.0,-0.04599970679511237,,69.7608,0.4042,E',0.41990726023730524
AlBr3,3,internal,167.8255,bend,no,0.0,0.10545501093000602,Br1-Al4:0.0000;Br2-Al4:0.0000;Br3-Al4:0.0000,Br1-Al4:0.1055;Br2-Al4:0.1055;Br3-Al4:0.1055,True,B,,0.0,0.0,-0.5,0.0,-0.3333333333333333,0.0,,28.9293,0.4801,"A2""",0.98107
AlBr3,4,internal,217.0896,stretch,no,0.999999999982547,0.24892851037701821,Br1-Al4:0.3333;Br2-Al4:0.3333;Br3-Al4:0.3333,Br1-Al4:0.2489;Br2-Al4:0.2489;Br3-Al4:0.2489,True,S,,-3.1601533954095373e-06,0.0,0.0,0.0,0.0,0.0,,78.9183,2.1913,A1',0.0
AlBr3,5,internal,491.826,stretch,no,0.6673008125098049,0.3053254513160906,Br1-Al4:-0.0122;Br2-Al4:-0.3188;Br3-Al4:0.3363,Br1-Al4:0.0678;Br2-Al4:-0.3867;Br3-Al4:0.4614,True,SB,,-0.1325904837924323,-0.397526874040929,0.0,0.0,0.0,-0.2544985529900941,,30.3917,4.3314,E',0.9666168902414234
AlBr3,6,internal,491.826,stretch,no,0.7390670381536808,0.3723136736206589,Br1-Al4:-0.3936;Br2-Al4:0.1850;Br3-Al4:0.1605,Br1-Al4:-0.5062;Br2-Al4:0.3188;Br3-Al4:0.2919,True,SB,,-0.2900219002047849,-0.006449637285347304,0.0,0.0,0.0,-0.004669720608101354,,30.3917,4.3314,E',0.9666168902414234
GaH3,Tx,external,0.0,translation,,0.0,,,,True,Tx,,1.0,0.0,0.0,0.0,0.0,9.571552913219723e-08,,,,,
GaH3,Ty,external,0.0,translation,,0.0,,,,True,Ty,,0.0,1.0,0.0,0.0,0.0,0.0,,,,,
GaH3,Tz,external,0.0,translation,,0.0,,,,True,Tz,,0.0,0.0,1.0,-0.3333333333333333,0.0,0.0,,,,,
GaH3,Rx,external,0.0,rotation,,0.0,,,,True,Rx,,0.0,0.0,-0.25,1.0,0.0,0.0,,,,,
GaH3,Ry,external,0.0,rotation,,0.0,,,,True,Ry,,0.0,0.0,0.0,0.0,1.0,0.0,,,,,
GaH3,Rz,external,0.0,rotation,,0.0,,,,True,Rz,,7.178664690465908e-08,0.0,0.0,0.0,0.0,1.0,,,,,
GaH3,1,internal,733.2945,bend,no,0.0,0.06941456471314829,H1-Ga4:0.0000;H2-Ga4:0.0000;H3-Ga4:0.0000,H1-Ga4:0.0694;H2-Ga4:0.0694;H3-Ga4:0.0694,True,B,,0.0,0.0,0.5,-0.3333333333333333,0.0,0.0,,1.0514,0.3331,"A2""",0.02532
GaH3,2,internal,833.9541,bend,no,0.0408045806776087,0.06666199337347173,H1-Ga4:0.0032;H2-Ga4:-0.0195;H3-Ga4:-0.0181,H1-Ga4:0.0345;H2-Ga4:0.0781;H3-Ga4:0.0874,True,B,,-0.1451392935044897,0.38733953953776884,0.0,0.0,0.0,0.20355397211294077,,1.0315,0.4227,E',0.01868062632782959
GaH3,3,internal,833.9541,bend,no,0.03928920444384058,0.06559393756573315,H1-Ga4:0.0015;H2-Ga4:0.0196;H3-Ga4:-0.0182,H1-Ga4:0.1302;H2-Ga4:0.0660;H3-Ga4:0.0006,True,B,,0.28253971402054895,-0.006363723448146832,0.0,0.0,0.0,0.33136691851475214,,1.0315,0.4227,E',0.01868062632782959
GaH3,4,internal,1852.2554,stretch,no,0.999027865812121,0.3482334339100841,H1-Ga4:0.6645;H2-Ga4:-0.1462;H3-Ga4:-0.1883,H1-Ga4:0.5226;H2-Ga4:-0.2445;H3-Ga4:-0.2776,True,S,,-0.011624841165990106,0.19947255929227034,0.0,0.0,0.0,-0.005498768278100308,,1.0268,2.0755,E',0.016701143673413507
GaH3,5,internal,1852.2554,stretch,no,0.9988868089767216,0.3079912850097289,H1-Ga4:-0.0014;H2-Ga4:0.5198;H3-Ga4:-0.4777,H1-Ga4:-0.0189;H2-Ga4:0.4622;H3-Ga4:-0.4429,True,S,,-0.04482093572682466,-0.11149477655646498,0.0,0.0,0.0,0.2657209403053182,,1.0268,2.0755,E',0.016701143673413507
GaH3,6,internal,1858.7192,stretch,no,0.9999999999830792,0.3631948946462685,H1-Ga4:0.3333;H2-Ga4:0.3333;H3-Ga4:0.3333,H1-Ga4:0.3632;H2-Ga4:0.3632;H3-Ga4:0.3632,True,S,,0.0,-3.1601533954095373e-06,0.0,0.0,0.0,0.0,,1.0078,2.0515,A1',0.0
GaF3,Tx,external,0.0,translation,,0.0,,,,True,Tx,,1.0,0.0,0.0,0.0,0.0,4.9092202081268965e-08,,,,,
GaF3,Ty,external,0.0,translation,,0.0,,,,True,Ty,,0.0,1.0,0.0,0.0,0.0,0.0,,,,,
GaF3,Tz,external,0.0,translation,,0.0,,,,True,Tz,,0.0,0.0,1.0,-0.3333333333333333,0.0,0.0,,,,,
GaF3,Rx,external,0.0,rotation,,0.0,,,,True,Rx,,0.0,0.0,-0.25,1.0,0.0,0.0,,,,,
GaF3,Ry,external,0.0,rotation,,0.0,,,,True,Ry,,0.0,0.0,0.0,0.0,1.0,0.0,,,,,
GaF3,Rz,external,0.0,rotation,,3.781946894963017e-17,,,,True,Rz,,3.6819151560951724e-08,0.0,0.0,0.0,0.0,1.0,,,,,
GaF3,1,internal,198.6757,bend,no,0.0,0.14691399051391174,Ga1-F2:0.0000;Ga1-F3:0.0000;Ga1-F4:0.0000,Ga1-F2:0.1469;Ga1-F3:0.1469;Ga1-F4:0.1469,True,B,,0.0,0.0,-0.5,0.3333333333333333,0.0,0.0,,28.2658,0.6574,"A2""",0.43084
GaF3,2,internal,243.7515,bend,no,0.0007916672849301742,0.08022690027702781,Ga1-F2:-0.0000;Ga1-F3:0.0004;Ga1-F4:-0.0004,Ga1-F2:0.1575;Ga1-F3:0.0409;Ga1-F4:0.0424,True,B,,0.028116506854200217,0.0034613194698191185,0.0,0.0,0.0,0.26181774090177284,,21.5008,0.7527,E',0.22388100701042063
GaF3,3,internal,243.7515,bend,no,0.0007950523719420582,0.08014993200920671,Ga1-F2:0.0000;Ga1-F3:-0.0004;Ga1-F4:-0.0004,Ga1-F2:0.0008;Ga1-F3:0.1211;Ga1-F4:0.1185,True,B,,0.004588574065815504,-0.11429378488903544,0.0,0.0,0.0,-0.010933806147719327,,21.5008,0.7527,E',0.22388100701042063
GaF3,4,internal,774.3554,stretch,no,0.9999999999830235,0.34064839649059087,Ga1-F2:0.3333;Ga1-F3:0.3333;Ga1-F4:0.3333,Ga1-F2:0.3406;Ga1-F3:0.3406;Ga1-F4:0.3406,True,S,,0.0,-3.1601533954095373e-06,0.0,0.0,0.0,0.0,,18.9984,6.7119,A1',0.0
GaF3,5,internal,880.5688,stretch,no,0.9482198415516201,0.3833554412511075,Ga1-F2:-0.0202;Ga1-F3:0.5180;Ga1-F4:-0.4101,Ga1-F2:-0.0501;Ga1-F3:0.5915;Ga1-F4:-0.5085,True,S,,0.18107200010105806,-0.2233053462504724,0.0,0.0,0.0,0.0036804766162944207,,24.0937,11.0073,E',0.3194623027839122
GaF3,6,internal,880.5688,stretch,no,0.9583157619844881,0.4149244436708152,Ga1-F2:0.6079;Ga1-F3:-0.1207;Ga1-F4:-0.2298,Ga1-F2:0.6415;Ga1-F3:-0.2416;Ga1-F4:-0.3618,True,S,,-0.026776109507753554,0.25035317846979604,0.0,0.0,0.0,-0.0003508533943598267,,24.0937,11.0073,E',0.3194623027839122
GaCl3,Tx,external,0.0,translation,,0.0,,,,True,Tx,,1.0,0.0,0.0,0.0,0.0,0.0,,,,,
GaCl3,Ty,external,0.0,translation,,0.0,,,,True,Ty,,0.0,1.0,0.0,0.0,0.0,-6.614855685427301e-08,,,,,
GaCl3,Tz,external,0.0,translation,,0.0,,,,True,Tz,,0.0,0.0,1.0,0.0,0.3333333333333333,0.0,,,,,
GaCl3,Rx,external,0.0,rotation,,0.0,,,,True,Rx,,0.0,0.0,0.0,1.0,0.0,0.0,,,,,
GaCl3,Ry,external,0.0,rotation,,0.0,,,,True,Ry,,0.0,0.0,0.25,0.0,1.0,0.0,,,,,
GaCl3,Rz,external,0.0,rotation,,5.807811266947976e-17,,,,True,Rz,,0.0,-4.961141764070476e-08,0.0,0.0,0.0,0.9999999999999999,,,,,
GaCl3,1,internal,127.0657,bend,no,0.0023581235298523167,0.05135536444832392,Ga1-Cl2:-0.0008;Ga1-Cl3:-0.0012;Ga1-Cl4:0.0004,Ga1-Cl2:0.0889;Ga1-Cl3:0.0607;Ga1-Cl4:0.0045,True,B,,-0.0761462294511302,-0.10021281971477226,0.0,0.0,0.0,-0.10387895392814668,,38.1567,0.363,E',0.30640084888916347
GaCl3,2,internal,127.0657,bend,no,0.0023627684351975454,0.05131925093270286,Ga1-Cl2:-0.0008;Ga1-Cl3:0.0012;Ga1-Cl4:0.0004,Ga1-Cl2:0.0115;Ga1-Cl3:0.0434;Ga1-Cl4:0.0991,True,B,,-0.08357174327049935,-0.004024115835488978,0.0,0.0,0.0,-0.17983288653416238,,38.1567,0.363,E',0.30640084888916347
GaCl3,3,internal,129.8321,bend,no,0.0,0.11604254279815873,Ga1-Cl2:0.0000;Ga1-Cl3:0.0000;Ga1-Cl4:0.0000,Ga1-Cl2:0.1160;Ga1-Cl3:0.1160;Ga1-Cl4:0.1160,True,B,,0.0,0.0,-0.5,0.0,-0.3333333333333333,0.0,,49.7647,0.4942,"A2""",0.6601
GaCl3,4,internal,357.0913,stretch,no,0.9999999999831751,0.2615612606617739,Ga1-Cl2:0.3333;Ga1-Cl3:0.3333;Ga1-Cl4:0.3333,Ga1-Cl2:0.2616;Ga1-Cl3:0.2616;Ga1-Cl4:0.2616,True,S,,-3.1601533954095373e-06,0.0,0.0,0.0,0.0,0.0,,34.9689,2.6272,A1',0.0
GaCl3,5,internal,457.56,stretch,no,0.8689599408956156,0.32452768684171657,Ga1-Cl2:-0.0020;Ga1-Cl3:-0.4298;Ga1-Cl4:0.4371,Ga1-Cl2:0.0241;Ga1-Cl3:-0.4630;Ga1-Cl4:0.4865,True,SB,,-0.22744850316006832,-0.28264307771205277,0.0,0.0,0.0,-0.13074531220288216,,44.4767,5.4863,E',0.5291484605476993
GaCl3,6,internal,457.56,stretch,no,0.9115008334551908,0.3803324937932717,Ga1-Cl2:-0.5605;Ga1-Cl3:0.1793;Ga1-Cl4:0.1716,Ga1-Cl2:-0.5536;Ga1-Cl3:0.2975;Ga1-Cl4:0.2899,True,S,,-0.2527132784140301,-0.002049589092432552,0.0,0.0,0.0,-7.335650637131218e-05,,44.4767,5.4863,E',0.5291484605476993
OCl4,Tx,external,0.0,translation,,0.0,,,,True,Tx,,1.0,0.0,0.0,0.0,0.030836681772257003,0.0,,,,,
OCl4,Ty,external,0.0,translation,,0.0,,,,True,Ty,,0.0,1.0,0.0,-0.3690715119868824,0.0,0.0,,,,,
OCl4,Tz,external,0.0,translation,,0.0,,,,True,Tz,,0.0,0.0,1.0,0.0,0.0,0.0,,,,,
OCl4,Rx,external,0.0,rotation,,6.452109473003269e-17,,,,True,Rx,,0.0,-0.3690715119868824,0.0,1.0,0.0,0.0,,,,,
OCl4,Ry,external,0.0,rotation,,6.450560941352639e-17,,,,True,Ry,,0.030836681772257003,0.0,0.0,0.0,1.0,0.0,,,,,
OCl4,Rz,external,0.0,rotation,,0.0,,,,True,Rz,,0.0,0.0,0.0,0.0,0.0,1.0,,,,,
OCl4,1,internal,104.6267,bend,no,0.02570273333911792,0.027816891219435383,O1-Cl2:0.0071;O1-Cl3:0.0071;O1-Cl4:-0.0057;O1-Cl5:-0.0057,O1-Cl2:0.0397;O1-Cl3:0.0397;O1-Cl4:0.0159;O1-Cl5:0.0159,True,B,,0.0,0.0,0.22939211024050904,0.0,0.0,0.0,,34.9482,0.2254,A1,0.03303
OCl4,2,internal,104.687,bend,no,0.0,0.027749753594642487,O1-Cl2:0.0000;O1-Cl3:0.0000;O1-Cl4:0.0000;O1-Cl5:0.0000,O1-Cl2:0.0277;O1-Cl3:0.0277;O1-Cl4:0.0278;O1-Cl5:0.0278,True,B,,0.0,0.0,0.0,0.0,0.0,0.0,,34.9689,0.2258,A2,0.0
OCl4,3,internal,106.1558,bend,no,0.23343901565197842,0.06030094468058289,O1-Cl2:0.0546;O1-Cl3:0.0546;O1-Cl4:-0.0621;O1-Cl5:-0.0621,O1-Cl2:0.1004;O1-Cl3:0.1004;O1-Cl4:-0.0202;O1-Cl5:-0.0202,True,SB,,-7.744205412496541e-08,0.0,0.13180401870125907,0.0,3.6819769691609492e-06,0.0,,32.4706,0.2156,A1,0.36286
OCl4,4,internal,106.1924,bend,no,0.12658628001347502,0.07696032905848856,O1-Cl2:0.0000;O1-Cl3:0.0000;O1-Cl4:0.0633;O1-Cl5:-0.0633,O1-Cl2:0.0589;O1-Cl3:0.0589;O1-Cl4:0.1152;O1-Cl5:-0.0749,True,B,,0.0,0.010158717103526761,0.0,0.043433253251902525,0.0,0.0,,32.4541,0.2156,B1,0.36405
OCl4,5,internal,106.3465,bend,no,0.12641803962747747,0.07689846010228883,O1-Cl2:-0.0632;O1-Cl3:0.0632;O1-Cl4:0.0000;O1-Cl5:0.0000,O1-Cl2:-0.0748;O1-Cl3:0.1151;O1-Cl4:0.0588;O1-Cl5:0.0588,True,B,,-0.010218869452801371,0.0,0.0,0.0,-0.44339485800986056,0.0,,32.4551,0.2163,B2,0.36399
OCl4,6,internal,254.1131,stretch,no,0.9999995986578186,0.2372097061988257,O1-Cl2:-0.2502;O1-Cl3:-0.2502;O1-Cl4:-0.2498;O1-Cl5:-0.2498,O1-Cl2:-0.2373;O1-Cl3:-0.2373;O1-Cl4:-0.2371;O1-Cl5:-0.2371,True,S,,0.0,0.0,0.19999659696200617,0.0,0.0,0.0,,34.9689,1.3304,A1,0.00031
OCl4,7,internal,550.6878,stretch,no,0.48724436774880325,0.2759209064999668,O1-Cl2:0.2436;O1-Cl3:-0.2436;O1-Cl4:-0.0000;O1-Cl5:-0.0000,O1-Cl2:0.4909;O1-Cl3:-0.3998;O1-Cl4:0.1065;O1-Cl5:0.1065,True,SB,,0.5519993758939129,0.0,-2.0902573105607837e-06,0.0,-0.5520255046414466,0.0,,17.5982,3.1443,B2,0.9568200000522564
OCl4,8,internal,550.7074,stretch,no,0.6479149618919693,0.3048976627992834,O1-Cl2:0.1619;O1-Cl3:0.1619;O1-Cl4:-0.1621;O1-Cl5:-0.1621,O1-Cl2:0.3841;O1-Cl3:0.3841;O1-Cl4:-0.2257;O1-Cl5:-0.2257,True,SB,,8.913665129228754e-06,0.0,0.40209098057539905,0.0,1.0907355543782193e-05,0.0,,17.5989,3.1447,A1,0.9568000000522575
OCl4,9,internal,551.1266,stretch,no,0.4870124948794922,0.27580769847938724,O1-Cl2:0.0000;O1-Cl3:0.0000;O1-Cl4:0.2435;O1-Cl5:-0.2435,O1-Cl2:0.1066;O1-Cl3:0.1066;O1-Cl4:0.4907;O1-Cl5:-0.3994,True,SB,,0.0,0.5518515948195043,0.0,-0.152222562124153,0.0,0.0,,17.5985,3.1494,B1,0.95681
OBr4,Tx,external,0.0,translation,,0.0,,,,True,Tx,,1.0,0.0,0.0,0.0,0.0309197762047011,0.0,,,,,
OBr4,Ty,external,0.0,translation,,0.0,,,,True,Ty,,0.0,1.0,0.0,-0.36907574459048414,0.0,0.0,,,,,
OBr4,Tz,external,0.0,translation,,0.0,,,,True,Tz,,0.0,0.0,1.0,0.0,0.0,0.0,,,,,
OBr4,Rx,external,0.0,rotation,,6.34770627763929e-17,,,,True,Rx,,0.0,-0.3690757445904842,0.0,1.0,0.0,0.0,,,,,
OBr4,Ry,external,0.0,rotation,,0.0,,,,True,Ry,,0.030919776204701144,0.0,0.0,0.0,1.0,0.0,,,,,
OBr4,Rz,external,0.0,rotation,,0.0,,,,True,Rz,,0.0,0.0,0.0,0.0,0.0,1.0,,,,,
OBr4,1,internal,69.2854,bend,no,8.189814080901555e-05,0.02687021627400687,O1-Br2:0.0000;O1-Br3:0.0000;O1-Br4:-0.0000;O1-Br5:-0.0000,O1-Br2:0.0269;O1-Br3:0.0269;O1-Br4:0.0269;O1-Br5:0.0269,True,B,,0.0,0.0,-0.20008029929805693,0.0,0.0,0.0,,78.9183,0.2232,A1,9e-05
OBr4,2,internal,69.3007,bend,no,0.0,0.02687887238271075,O1-Br2:0.0000;O1-Br3:0.0000;O1-Br4:0.0000;O1-Br5:0.0000,O1-Br2:0.0269;O1-Br3:0.0269;O1-Br4:0.0269;O1-Br5:0.0269,True,B,,0.0,0.0,0.0,0.0,0.0,0.0,,78.9183,0.2233,A2,0.0
OBr4,3,internal,85.8973,bend,no,0.24612234375410075,0.06742360910121317,O1-Br2:0.0615;O1-Br3:0.0615;O1-Br4:-0.0615;O1-Br5:-0.0615,O1-Br2:0.1048;O1-Br3:0.1048;O1-Br4:-0.0300;O1-Br5:-0.0300,True,SB,,0.0,0.0,-0.1670866830147996,0.0,0.0,0.0,,70.0154,0.3044,A1,0.37615
OBr4,4,internal,85.9208,bend,no,0.1337468640339197,0.07619479053591961,O1-Br2:-0.0669;O1-Br3:0.0669;O1-Br4:0.0000;O1-Br5:0.0000,O1-Br2:-0.0781;O1-Br3:0.1160;O1-Br4:0.0553;O1-Br5:0.0553,True,B,,0.0,-0.02172818201562814,1.6591862163295446e-06,-0.05616758004231461,0.0,0.0,,70.0165,0.3045,B2,0.37613
OBr4,5,internal,85.925,bend,no,0.13373826532254948,0.07619235491325096,O1-Br2:0.0000;O1-Br3:0.0000;O1-Br4:0.0669;O1-Br5:-0.0669,O1-Br2:0.0554;O1-Br3:0.0554;O1-Br4:0.1160;O1-Br5:-0.0781,True,B,,0.0217339916725805,0.0,0.0,0.0,0.45616897465330714,0.0,,70.0164,0.3046,B1,0.37613
OBr4,6,internal,186.2227,stretch,no,0.9999999957819201,0.23341115272520327,O1-Br2:0.2500;O1-Br3:0.2500;O1-Br4:0.2500;O1-Br5:0.2500,O1-Br2:0.2334;O1-Br3:0.2334;O1-Br4:0.2334;O1-Br5:0.2334,True,S,,0.0,0.0,-0.19999622882581558,0.0,0.0,0.0,,78.9183,1.6125,A1,4e-05
OBr4,7,internal,482.8056,stretch,no,0.6104066224076831,0.27568252430890683,O1-Br2:0.1526;O1-Br3:0.1526;O1-Br4:-0.1526;O1-Br5:-0.1526,O1-Br2:0.3531;O1-Br3:0.3531;O1-Br4:-0.1983;O1-Br5:-0.1983,True,SB,,0.0,0.0,-0.4084216889172694,0.0,0.0,0.0,,17.0927,2.3475,A1,0.99124
OBr4,8,internal,482.8304,stretch,no,0.4442155861609984,0.25421565730731177,O1-Br2:-0.2221;O1-Br3:0.2221;O1-Br4:0.0000;O1-Br5:0.0000,O1-Br2:-0.3593;O1-Br3:0.4460;O1-Br4:0.1058;O1-Br5:0.1058,True,SB,,0.0,-0.553086680196453,0.0,0.14963508045218657,0.0,0.0,,17.0926,2.3477,B2,0.99124
OBr4,9,internal,482.8417,stretch,no,0.4442224666701727,0.2542184158867614,O1-Br2:0.0000;O1-Br3:0.0000;O1-Br4:-0.2221;O1-Br5:0.2221,O1-Br2:0.1058;O1-Br3:0.1058;O1-Br4:-0.3593;O1-Br5:0.4460,True,SB,,-0.553086680196453,0.0,0.0,0.0,0.5496405224668187,0.0,,17.0926,2.3478,B1,0.99124
SH4,Tx,external,0.0,translation,,0.0,,,,True,Tx,,1.0,0.0,0.0,0.0,-0.256488338220757,0.0,,,,,
SH4,Ty,external,0.0,translation,,0.0,,,,True,Ty,,0.0,1.0,0.0,0.25650185706790773,0.0,0.0,,,,,
SH4,Tz,external,0.0,translation,,0.0,,,,True,Tz,,0.0,0.0,1.0,0.0,0.0,0.0,,,,,
SH4,Rx,external,0.0,rotation,,2.6381219416168582e-17,,,,True,Rx,,0.0,0.2565018570679078,0.0,0.9999999999999998,0.0,0.0,,,,,
SH4,Ry,external,0.0,rotation,,0.0,,,,True,Ry,,-0.25648833822075706,0.0,0.0,0.0,1.0,0.0,,,,,
SH4,Rz,external,0.0,rotation,,0.0,,,,True,Rz,,0.0,0.0,0.0,0.0,0.0,1.0,,,,,
SH4,1,internal,453.8004,bend,no,0.07520685261972253,0.04388385937315212,S1-H2:-0.0188;S1-H3:-0.0188;S1-H4:-0.0188;S1-H5:-0.0188,S1-H2:0.0439;S1-H3:0.0439;S1-H4:0.0439;S1-H5:0.0439,True,B,,0.0,0.0,0.5964308431852631,0.0,0.0,0.0,,1.1293,0.137,A1,0.06264
SH4,2,internal,843.6365,bend,no,0.2834575600415163,0.09208449394919152,S1-H2:0.0709;S1-H3:0.0709;S1-H4:-0.0709;S1-H5:-0.0709,S1-H2:0.1449;S1-H3:0.1449;S1-H4:-0.0392;S1-H5:-0.0392,True,SB,,0.0,0.0,-0.19998805930571334,0.0,0.0,0.0,,1.0078,0.4226,A1,1e-05
SH4,3,internal,1408.1992,bend,no,0.28161532358402797,0.18958501819671988,S1-H2:0.0000;S1-H3:0.0000;S1-H4:-0.1408;S1-H5:0.1408,S1-H2:0.0979;S1-H3:0.0979;S1-H4:-0.2794;S1-H5:0.2832,True,SB,,0.0,0.5646792890420643,0.0,0.48881627317110166,0.0,0.0,,1.116,1.3039,B1,0.0591
SH4,4,internal,1408.2054,bend,no,0.2816227141296828,0.18958727212587378,S1-H2:0.1408;S1-H3:-0.1408;S1-H4:0.0000;S1-H5:0.0000,S1-H2:0.2832;S1-H3:-0.2794;S1-H4:0.0979;S1-H5:0.0979,True,SB,,0.5646811317062544,0.0,0.0,0.0,-0.48880746380469375,0.0,,1.116,1.3039,B2,0.0591
SH4,5,internal,1584.8244,stretch,no,0.9589822249372618,0.3262533095396718,S1-H2:0.2397;S1-H3:0.2397;S1-H4:-0.2398;S1-H5:-0.2398,S1-H2:0.3315;S1-H3:0.3315;S1-H4:-0.3210;S1-H5:-0.3210,True,S,,0.0,0.0,1.9522037427743834e-05,0.0,0.0,0.0,,1.0078,1.4914,A1,0.0
SH4,6,internal,1634.9421,stretch,no,0.7524438504966784,0.22485747551135746,S1-H2:0.3762;S1-H3:-0.3762;S1-H4:0.0000;S1-H5:0.0000,S1-H2:0.4222;S1-H3:-0.4201;S1-H4:0.0285;S1-H5:0.0285,True,SB,,-0.20079031289979163,0.0,0.0,0.0,0.16850356397915806,0.0,,1.0147,1.5981,B2,0.01491
SH4,7,internal,1634.95,stretch,no,0.7524459960233435,0.22485859719155069,S1-H2:0.0000;S1-H3:0.0000;S1-H4:-0.3762;S1-H5:0.3762,S1-H2:0.0285;S1-H3:0.0285;S1-H4:-0.4201;S1-H5:0.4222,True,SB,,0.0,-0.2007915582074219,0.0,-0.1685097014779183,0.0,0.0,,1.0147,1.5981,B1,0.01491
SH4,8,internal,1759.4498,bend,no,0.0,0.056862603040910314,S1-H2:0.0000;S1-H3:0.0000;S1-H4:0.0000;S1-H5:0.0000,S1-H2:0.0569;S1-H3:0.0569;S1-H4:0.0569;S1-H5:0.0569,True,B,,0.0,0.0,0.0,0.0,0.0,0.0,,1.0078,1.8382,A2,0.0
SH4,9,internal,1976.6191,stretch,no,0.9979048523115304,0.3417778156065383,S1-H2:0.2495;S1-H3:0.2495;S1-H4:0.2495;S1-H5:0.2495,S1-H2:0.3418;S1-H3:0.3418;S1-H4:0.3418;S1-H5:0.3418,True,S,,0.0,0.0,0.1329035516457399,0.0,0.0,0.0,,1.0087,2.322,A1,0.00529
SF4,Tx,external,0.0,translation,,0.0,,,,True,Tx,,1.0,0.0,0.0,0.0,-0.1583070603058089,0.0,,,,,
SF4,Ty,external,0.0,translation,,0.0,,,,True,Ty,,0.0,1.0,0.0,-0.4502476674763177,0.0,0.0,,,,,
SF4,Tz,external,0.0,translation,,0.0,,,,True,Tz,,0.0,0.0,1.0,0.0,0.0,0.0,,,,,
SF4,Rx,external,0.0,rotation,,0.0,,,,True,Rx,,0.0,-0.4502476674763178,0.0,1.0,0.0,0.0,,,,,
SF4,Ry,external,0.0,rotation,,1.8273819411445727e-17,,,,True,Ry,,-0.1583070603058089,0.0,0.0,0.0,1.0,0.0,,,,,
SF4,Rz,external,0.0,rotation,,0.0,,,,True,Rz,,0.0,0.0,0.0,0.0,0.0,1.0,,,,,
SF4,1,internal,132.1438,bend,no,0.05602358027796037,0.03717691701245968,S1-F2:-0.0203;S1-F3:-0.0203;S1-F4:0.0077;S1-F5:0.0077,S1-F2:0.0315;S1-F3:0.0315;S1-F4:0.0429;S1-F5:0.0429,True,B,,0.0,0.0,-0.11621560559560729,0.0,0.0,0.0,,18.9989,0.1955,A1,0.00636
SF4,2,internal,321.258,bend,no,0.0005838157279288023,0.07137485537159746,S1-F2:-0.0003;S1-F3:0.0003;S1-F4:0.0000;S1-F5:0.0000,S1-F2:-0.0001;S1-F3:0.0052;S1-F4:0.1401;S1-F5:0.1401,True,B,,0.0,-0.17865595929376576,0.0,-0.22221975944124991,0.0,0.0,,20.6275,1.2543,B2,0.35436
SF4,3,internal,403.769,bend,no,0.0,0.043085823534549685,S1-F2:0.0000;S1-F3:0.0000;S1-F4:0.0000;S1-F5:0.0000,S1-F2:0.0541;S1-F3:0.0541;S1-F4:0.0321;S1-F5:0.0321,True,B,,0.0,0.0,0.0,0.0,0.0,0.0,,18.9984,1.8249,A2,0.0
SF4,4,internal,451.5148,bend,no,0.04937629524090328,0.07886839408155225,S1-F2:0.0000;S1-F3:0.0000;S1-F4:-0.0247;S1-F5:0.0247,S1-F2:0.0957;S1-F3:0.0957;S1-F4:-0.0495;S1-F5:0.0746,True,B,,-0.1262998110818697,0.0,0.0,0.0,-0.403909105591033,0.0,,19.5726,2.3509,B1,0.21038
SF4,5,internal,456.2678,bend,no,0.13174523871812494,0.035202792811776934,S1-F2:-0.0381;S1-F3:-0.0381;S1-F4:-0.0278;S1-F5:-0.0278,S1-F2:0.0018;S1-F3:0.0018;S1-F4:0.0686;S1-F5:0.0686,True,B,,0.0,0.0,-0.15943701238258057,0.0,0.0,0.0,,21.5071,2.638,A1,0.43974
SF4,6,internal,585.9588,stretch,no,0.9989170626755266,0.2615824058127679,S1-F2:-0.0488;S1-F3:-0.0488;S1-F4:0.4507;S1-F5:0.4507,S1-F2:-0.1327;S1-F3:-0.1327;S1-F4:0.3905;S1-F5:0.3905,True,S,,0.0,0.0,-0.03223940485179331,0.0,0.0,0.0,,18.9985,3.8433,A1,0.00273
SF4,7,internal,814.1865,stretch,no,0.7333490570066693,0.38055973440304736,S1-F2:0.3082;S1-F3:0.3082;S1-F4:0.0585;S1-F5:0.0585,S1-F2:0.5585;S1-F3:0.5585;S1-F4:0.2027;S1-F5:0.2027,True,SB,,0.0,0.0,-0.23169044106815814,0.0,0.0,0.0,,22.8604,8.9286,A1,0.5456
SF4,8,internal,847.4055,stretch,no,0.7204038001313368,0.3909322936894219,S1-F2:0.0000;S1-F3:0.0000;S1-F4:-0.3602;S1-F5:0.3602,S1-F2:0.0938;S1-F3:0.0938;S1-F4:-0.6868;S1-F5:0.6895,True,SB,,-0.5906273667487268,0.0,0.0,0.0,0.4736700184773445,0.0,,24.9085,10.5385,B1,0.67494
SF4,9,internal,867.0002,stretch,no,0.7504041578943376,0.329975773907549,S1-F2:-0.3752;S1-F3:0.3752;S1-F4:0.0000;S1-F5:0.0000,S1-F2:-0.5760;S1-F3:0.6378;S1-F4:0.0531;S1-F5:0.0531,True,SB,,0.0,-0.5236144175759849,0.0,0.29685067641447893,0.0,0.0,,23.1328,10.2451,B2,0.56451
SCl4,Tx,external,0.0,translation,,0.0,,,,True,Tx,,1.0,0.0,0.0,0.0,-0.09859433584639925,0.0,,,,,
SCl4,Ty,external,0.0,translation,,0.0,,,,True,Ty,,0.0,1.0,0.0,-0.4200399758593739,0.0,0.0,,,,,
SCl4,Tz,external,0.0,translation,,0.0,,,,True,Tz,,0.0,0.0,1.0,0.0,0.0,0.0,,,,,
SCl4,Rx,external,0.0,rotation,,7.194644284521411e-17,,,,True,Rx,,0.0,-0.4200399758593739,0.0,1.0,0.0,0.0,,,,,
SCl4,Ry,external,0.0,rotation,,7.208722150284467e-18,,,,True,Ry,,-0.09859433584639926,0.0,0.0,0.0,1.0,0.0,,,,,
SCl4,Rz,external,0.0,rotation,,0.0,,,,True,Rz,,0.0,0.0,0.0,0.0,0.0,1.0,,,,,
SCl4,1,internal,106.1757,bend,no,0.01844385822475212,0.03152570299013406,S1-Cl2:0.0074;S1-Cl3:0.0018;S1-Cl4:0.0018;S1-Cl5:0.0074,S1-Cl2:0.0454;S1-Cl3:0.0176;S1-Cl4:0.0176;S1-Cl5:0.0454,True,B,,0.0,0.0,-0.15934607226484057,0.0,0.0,0.0,,34.8985,0.2318,A1,0.15323
SCl4,2,internal,158.6912,bend,no,0.016047632360467294,0.05203221390465368,S1-Cl2:0.0000;S1-Cl3:-0.0080;S1-Cl4:0.0080;S1-Cl5:0.0000,S1-Cl2:0.0799;S1-Cl3:-0.0128;S1-Cl4:0.0355;S1-Cl5:0.0799,True,B,,0.0,-0.09140892325854409,0.0,-0.0863933846564533,0.0,0.0,,34.3817,0.5101,B1,0.44263
SCl4,3,internal,195.1435,bend,no,0.0,0.027476713733655837,S1-Cl2:0.0000;S1-Cl3:0.0000;S1-Cl4:0.0000;S1-Cl5:0.0000,S1-Cl2:0.0155;S1-Cl3:0.0395;S1-Cl4:0.0395;S1-Cl5:0.0155,True,B,,0.0,0.0,0.0,0.0,0.0,0.0,,34.9689,0.7846,A2,0.0
SCl4,4,internal,232.8573,bend,no,0.09745045606957366,0.06858158610551164,S1-Cl2:-0.0487;S1-Cl3:0.0000;S1-Cl4:0.0000;S1-Cl5:0.0487,S1-Cl2:-0.0703;S1-Cl3:0.0592;S1-Cl4:0.0592;S1-Cl5:0.0856,True,B,,-0.11831482313097413,0.0,0.0,0.0,-0.4463799633957553,0.0,,34.8183,1.1123,B2,0.22415
SCl4,5,internal,237.7936,bend,no,0.31074942504661385,0.10193266512794598,S1-Cl2:-0.1010;S1-Cl3:0.0544;S1-Cl4:0.0544;S1-Cl5:-0.1010,S1-Cl2:-0.0828;S1-Cl3:0.1210;S1-Cl4:0.1210;S1-Cl5:-0.0828,True,SB,,0.0,0.0,0.005152277332766209,0.0,0.0,0.0,,34.445,1.1476,A1,0.4181
SCl4,6,internal,256.6992,stretch,no,0.687705552218087,0.14807361898645385,S1-Cl2:0.3343;S1-Cl3:-0.0096;S1-Cl4:-0.0096;S1-Cl5:0.3343,S1-Cl2:0.2934;S1-Cl3:0.0027;S1-Cl4:0.0027;S1-Cl5:0.2934,True,SB,,0.0,0.0,-0.07733377988077424,0.0,0.0,0.0,,34.6829,1.3465,A1,0.30888
SCl4,7,internal,425.5208,stretch,no,0.6188475526767543,0.31342425560258935,S1-Cl2:-0.3094;S1-Cl3:0.0000;S1-Cl4:0.0000;S1-Cl5:0.3094,S1-Cl2:-0.5237;S1-Cl3:0.1020;S1-Cl4:0.1020;S1-Cl5:0.5259,True,SB,,-0.5994666458859845,0.0,0.0,0.0,0.47875470410174026,0.0,,32.664,3.4847,B2,0.87698
SCl4,8,internal,505.9736,stretch,no,0.5651948632232087,0.2752578375117424,S1-Cl2:0.0046;S1-Cl3:0.2779;S1-Cl4:0.2779;S1-Cl5:0.0046,S1-Cl2:0.0652;S1-Cl3:0.4853;S1-Cl4:0.4853;S1-Cl5:0.0652,True,SB,,0.0,0.0,-0.20882981089516084,0.0,0.0,0.0,,33.2776,5.0195,A1,0.75125
SCl4,9,internal,511.336,stretch,no,0.6075761745956372,0.2789322181215037,S1-Cl2:0.0000;S1-Cl3:-0.3038;S1-Cl4:0.3038;S1-Cl5:0.0000,S1-Cl2:0.0611;S1-Cl3:-0.4589;S1-Cl4:0.5346;S1-Cl5:0.0611,True,SB,,0.0,-0.5148624032215287,0.0,0.27866735883430044,0.0,0.0,,33.0899,5.0975,B1,0.79183
SBr4,Tx,external,0.0,translation,,0.0,,,,True,Tx,,1.0,0.0,0.0,0.0,-0.07886084482556832,0.0,,,,,
SBr4,Ty,external,0.0,translation,,0.0,,,,True,Ty,,0.0,1.0,0.0,-0.4171637791134266,0.0,0.0,,,,,
SBr4,Tz,external,0.0,translation,,0.0,,,,True,Tz,,0.0,0.0,1.0,0.0,0.0,0.0,,,,,
SBr4,Rx,external,0.0,rotation,,6.702111048557539e-17,,,,True,Rx,,0.0,-0.4171637791134266,0.0,1.0,0.0,0.0,,,,,
SBr4,Ry,external,0.0,rotation,,1.330879177221366e-17,,,,True,Ry,,-0.07886084482556832,0.0,0.0,0.0,1.0,0.0,,,,,
SBr4,Rz,external,0.0,rotation,,0.0,,,,True,Rz,,0.0,0.0,0.0,0.0,0.0,1.0,,,,,
SBr4,1,internal,54.2598,bend,no,0.03312368314540223,0.027536966485765334,S1-Br2:-0.0107;S1-Br3:0.0059;S1-Br4:-0.0107;S1-Br5:0.0059,S1-Br2:0.0359;S1-Br3:0.0192;S1-Br4:0.0359;S1-Br5:0.0192,True,B,,0.0,0.0,-0.19416679217940783,0.0,0.0,0.0,,76.2191,0.1322,A1,0.23978
SBr4,2,internal,85.9544,bend,no,0.028832270900402017,0.04769652952460009,S1-Br2:0.0000;S1-Br3:-0.0144;S1-Br4:0.0000;S1-Br5:0.0144,S1-Br2:0.0622;S1-Br3:-0.0201;S1-Br4:0.0622;S1-Br5:0.0463,True,B,,0.0,-0.07917454985377424,0.0,-0.0728212730963043,0.0,0.0,,67.9221,0.2957,B1,0.48397
SBr4,3,internal,99.2515,bend,no,0.0,0.02330831899954197,S1-Br2:0.0000;S1-Br3:0.0000;S1-Br4:0.0000;S1-Br5:0.0000,S1-Br2:0.0128;S1-Br3:0.0338;S1-Br4:0.0128;S1-Br5:0.0338,True,B,,0.0,0.0,0.0,0.0,0.0,0.0,,78.9183,0.458,A2,0.0
SBr4,4,internal,125.213,bend,no,0.06593908718837353,0.055309415589295044,S1-Br2:-0.0330;S1-Br3:0.0000;S1-Br4:0.0330;S1-Br5:0.0000,S1-Br2:-0.0481;S1-Br3:0.0560;S1-Br4:0.0610;S1-Br5:0.0560,True,B,,-0.11884353696297688,0.0,0.0,0.0,-0.46636954442437284,0.0,,74.8389,0.6913,B2,0.29478
SBr4,5,internal,135.0735,bend,no,0.40705836615613356,0.11430201039981289,S1-Br2:-0.1501;S1-Br3:0.0534;S1-Br4:-0.1501;S1-Br5:0.0534,S1-Br2:-0.1342;S1-Br3:0.0944;S1-Br4:-0.1342;S1-Br5:0.0944,True,SB,,0.0,0.0,-0.13607629486211545,0.0,0.0,0.0,,72.5537,0.7799,A1,0.3682
SBr4,6,internal,152.8771,stretch,no,0.5464137521042443,0.14810705231549073,S1-Br2:0.2516;S1-Br3:0.0216;S1-Br4:0.2516;S1-Br5:0.0216,S1-Br2:0.2386;S1-Br3:0.0576;S1-Br4:0.2386;S1-Br5:0.0576,True,SB,,0.0,0.0,-0.1468211096931034,0.0,0.0,0.0,,70.8676,0.9759,A1,0.41411
SBr4,7,internal,360.3713,stretch,no,0.5635696438878419,0.27295153211401496,S1-Br2:-0.2818;S1-Br3:0.0000;S1-Br4:0.2818;S1-Br5:0.0000,S1-Br2:-0.4477;S1-Br3:0.0965;S1-Br4:0.4512;S1-Br5:0.0965,True,SB,,-0.5996880119175719,0.0,0.0,0.0,0.49400891428551635,0.0,,34.7703,2.6605,B2,0.96974
SBr4,8,internal,392.2318,stretch,no,0.4717309654769896,0.22339668215006042,S1-Br2:-0.0223;S1-Br3:0.2135;S1-Br4:-0.0223;S1-Br5:0.2135,S1-Br2:0.0310;S1-Br3:0.4158;S1-Br4:0.0310;S1-Br5:0.4158,True,SB,,0.0,0.0,-0.38121801212210876,0.0,0.0,0.0,,37.6416,3.412,A1,0.93767
SBr4,9,internal,411.14,stretch,no,0.492910581701985,0.24469602421351178,S1-Br2:0.0000;S1-Br3:-0.2465;S1-Br4:0.0000;S1-Br5:0.2465,S1-Br2:0.0713;S1-Br3:-0.3756;S1-Br4:0.0713;S1-Br5:0.4607,True,SB,,0.0,-0.5159226085986187,0.0,0.2738072598789394,0.0,0.0,,36.6081,3.6459,B1,0.94934
SeH4,Tx,external,0.0,translation,,0.0,,,,True,Tx,,1.0,0.0,0.0,0.0,-0.3114755598543897,0.0,,,,,
SeH4,Ty,external,0.0,translation,,0.0,,,,True,Ty,,0.0,1.0,0.0,0.3115644737965435,0.0,0.0,,,,,
SeH4,Tz,external,0.0,translation,,0.0,,,,True,Tz,,0.0,0.0,1.0,0.0,0.0,0.0,,,,,
SeH4,Rx,external,0.0,rotation,,0.0,,,,True,Rx,,0.0,0.3115644737965435,0.0,1.0,0.0,0.0,,,,,
SeH4,Ry,external,0.0,rotation,,4.7427339929309724e-17,,,,True,Ry,,-0.3114755598543897,0.0,0.0,0.0,1.0,0.0,,,,,
SeH4,Rz,external,0.0,rotation,,0.0,,,,True,Rz,,0.0,0.0,0.0,0.0,0.0,1.0,,,,,
SeH4,1,internal,449.2043,bend,no,0.32507531825998215,0.09872459431818584,Se1-H2:-0.0813;Se1-H3:0.0813;Se1-H4:0.0813;Se1-H5:-0.0813,Se1-H2:-0.0544;Se1-H3:0.1431;Se1-H4:0.1431;Se1-H5:-0.0544,True,SB,,0.0,0.0,-0.19994508051976956,0.0,0.0,0.0,,1.0078,0.1198,A1,1e-05
SeH4,2,internal,849.5105,bend,no,0.10476936213292193,0.020193896362379456,Se1-H2:-0.0262;Se1-H3:-0.0262;Se1-H4:-0.0262;Se1-H5:-0.0262,Se1-H2:0.0203;Se1-H3:0.0201;Se1-H4:0.0201;Se1-H5:0.0203,True,B,,0.0,0.0,0.5839588421377689,0.0,0.0,0.0,,1.056,0.449,A1,0.02471
SeH4,3,internal,1306.7778,bend,no,0.12254999759335501,0.11391204837924924,Se1-H2:0.0000;Se1-H3:-0.0613;Se1-H4:0.0613;Se1-H5:0.0000,Se1-H2:0.0863;Se1-H3:-0.1346;Se1-H4:0.1484;Se1-H5:0.0863,True,B,,0.0,0.4022613644319414,0.0,0.32501269974255054,0.0,0.0,,1.0392,1.0456,B1,0.01994
SeH4,4,internal,1306.8529,bend,no,0.12259650427387564,0.11391265440359055,Se1-H2:0.0613;Se1-H3:0.0000;Se1-H4:0.0000;Se1-H5:-0.0613,Se1-H2:0.1484;Se1-H3:0.0863;Se1-H4:0.0863;Se1-H5:-0.1346,True,B,,0.40223090939823564,0.0,0.0,0.0,-0.32491984215727177,0.0,,1.0392,1.0457,B2,0.01994
SeH4,5,internal,1548.5738,bend,no,0.0,0.049051870182438395,Se1-H2:0.0000;Se1-H3:0.0000;Se1-H4:0.0000;Se1-H5:0.0000,Se1-H2:0.0490;Se1-H3:0.0491;Se1-H4:0.0491;Se1-H5:0.0490,True,B,,0.0,0.0,0.0,0.0,0.0,0.0,,1.0078,1.424,A2,0.0
SeH4,6,internal,1583.3993,stretch,no,0.9456899843440204,0.2980834296544651,Se1-H2:0.2364;Se1-H3:-0.2365;Se1-H4:-0.2365;Se1-H5:0.2364,Se1-H2:0.3039;Se1-H3:-0.2923;Se1-H4:-0.2923;Se1-H5:0.3039,True,S,,0.0,0.0,5.912885388577039e-05,0.0,0.0,0.0,,1.0078,1.4887,A1,0.0
SeH4,7,internal,1603.1603,stretch,no,0.9193560710860542,0.22040269158871995,Se1-H2:0.4597;Se1-H3:-0.0000;Se1-H4:0.0000;Se1-H5:-0.4597,Se1-H2:0.4340;Se1-H3:0.0078;Se1-H4:0.0078;Se1-H5:-0.4320,True,S,,-0.20841823070173177,1.9127773505291714e-05,0.0,5.334949965043341e-06,0.16926798140304028,0.0,,1.0181,1.5417,B2,0.0114
SeH4,8,internal,1603.263,stretch,no,0.9193548962836211,0.22040779500680738,Se1-H2:-0.0000;Se1-H3:-0.4597;Se1-H4:0.4597;Se1-H5:0.0000,Se1-H2:0.0078;Se1-H3:-0.4320;Se1-H4:0.4340;Se1-H5:0.0078,True,S,,-1.9126858869731946e-05,-0.2084428983095796,0.0,-0.16929609846907917,5.330443251898168e-06,0.0,,1.0181,1.5419,B1,0.0114
SeH4,9,internal,1867.4209,stretch,no,0.9954367965503502,0.31652160464566287,Se1-H2:0.2489;Se1-H3:0.2488;Se1-H4:0.2488;Se1-H5:0.2489,Se1-H2:0.3165;Se1-H3:0.3165;Se1-H4:0.3165;Se1-H5:0.3165,True,S,,0.0,0.0,0.047967050099856766,0.0,0.0,0.0,,1.0096,2.0744,A1,0.00479
SeF4,Tx,external,0.0,translation,,0.0,,,,True,Tx,,1.0,0.0,0.0,0.0,-0.16862135097656922,0.0,,,,,
SeF4,Ty,external,0.0,translation,,0.0,,,,True,Ty,,0.0,1.0,0.0,-0.3953360475668795,0.0,0.0,,,,,
SeF4,Tz,external,0.0,translation,,0.0,,,,True,Tz,,0.0,0.0,1.0,0.0,0.0,0.0,,,,,
SeF4,Rx,external,0.0,rotation,,8.19138219877749e-17,,,,True,Rx,,0.0,-0.39533604756687957,0.0,1.0,0.0,0.0,,,,,
SeF4,Ry,external,0.0,rotation,,8.696482113185488e-18,,,,True,Ry,,-0.16862135097656925,0.0,0.0,0.0,1.0,0.0,,,,,
SeF4,Rz,external,0.0,rotation,,0.0,,,,True,Rz,,0.0,0.0,0.0,0.0,0.0,1.0,,,,,
SeF4,1,internal,159.466,bend,no,0.04315880305363584,0.04128217010294878,Se1-F2:0.0123;Se1-F3:-0.0093;Se1-F4:0.0123;Se1-F5:-0.0093,Se1-F2:0.0504;Se1-F3:0.0322;Se1-F4:0.0504;Se1-F5:0.0322,True,B,,0.0,0.0,-0.11187098050775415,0.0,0.0,0.0,,19.044,0.2853,A1,0.02737
SeF4,2,internal,233.6002,bend,no,6.640583154319068e-05,0.05839442593068262,Se1-F2:0.0000;Se1-F3:0.0000;Se1-F4:0.0000;Se1-F5:-0.0000,Se1-F2:0.1157;Se1-F3:0.0015;Se1-F4:0.1157;Se1-F5:0.0007,True,B,,0.0,-0.17741727456100317,0.0,-0.279267015818424,0.0,0.0,,22.2279,0.7147,B1,0.23025
SeF4,3,internal,347.1984,bend,no,0.0,0.03990878592056144,Se1-F2:0.0000;Se1-F3:0.0000;Se1-F4:0.0000;Se1-F5:0.0000,Se1-F2:0.0268;Se1-F3:0.0530;Se1-F4:0.0268;Se1-F5:0.0530,True,B,,0.0,0.0,0.0,0.0,0.0,0.0,,18.9984,1.3493,A2,0.0
SeF4,4,internal,348.1976,bend,no,0.06790296651839495,0.052988644046682465,Se1-F2:-0.0222;Se1-F3:-0.0117;Se1-F4:-0.0222;Se1-F5:-0.0117,Se1-F2:0.0527;Se1-F3:0.0533;Se1-F4:0.0527;Se1-F5:0.0533,True,B,,0.0,0.0,-0.3383357479272664,0.0,0.0,0.0,,24.5019,1.7503,A1,0.30057
SeF4,5,internal,381.7897,bend,no,0.014035934945372738,0.05234011788660141,Se1-F2:-0.0070;Se1-F3:0.0000;Se1-F4:0.0070;Se1-F5:0.0000,Se1-F2:0.0020;Se1-F3:0.0877;Se1-F4:0.0320;Se1-F5:0.0877,True,B,,-0.0250183842495737,0.0,0.0,0.0,-0.28796465945597466,0.0,,20.6642,1.7747,B2,0.16536
SeF4,6,internal,579.7519,stretch,no,0.9991217837063389,0.251485841871255,Se1-F2:0.4485;Se1-F3:-0.0511;Se1-F4:0.4485;Se1-F5:-0.0511,Se1-F2:0.3718;Se1-F3:-0.1312;Se1-F4:0.3718;Se1-F5:-0.1312,True,S,,0.0,0.0,-0.008519962466386399,0.0,0.0,0.0,,19.0123,3.765,A1,0.0151
SeF4,7,internal,643.5419,stretch,no,0.8921862121216989,0.2848915023544053,Se1-F2:-0.4461;Se1-F3:0.0000;Se1-F4:0.4461;Se1-F5:0.0000,Se1-F2:-0.5499;Se1-F3:0.0198;Se1-F4:0.5501;Se1-F5:0.0198,True,SB,,-0.5974659178498726,0.0,-3.341389917504989e-07,0.0,0.5240048744531317,0.0,,25.4356,6.2065,B2,0.32507
SeF4,8,internal,721.8579,stretch,no,0.9122483504329113,0.2577280599942854,Se1-F2:0.0000;Se1-F3:0.4561;Se1-F4:0.0000;Se1-F5:-0.4561,Se1-F2:0.0095;Se1-F3:0.5117;Se1-F4:0.0095;Se1-F5:-0.5002,True,S,,0.0,-0.2923100665363372,0.0,0.5378316081692023,0.0,0.0,,22.8103,7.003,B1,0.25015
SeF4,9,internal,737.4144,stretch,no,0.9272357197765395,0.3048598329082956,Se1-F2:0.0522;Se1-F3:0.4115;Se1-F4:0.0522;Se1-F5:0.4115,Se1-F2:0.1420;Se1-F3:0.4677;Se1-F4:0.1420;Se1-F5:0.4677,True,S,,0.0,0.0,-0.14378833089801077,0.0,0.0,0.0,,22.1893,7.1092,A1,0.22887
SeCl4,Tx,external,0.0,translation,,0.0,,,,True,Tx,,1.0,0.0,0.0,0.0,-0.24678471813032682,0.0,,,,,
SeCl4,Ty,external,0.0,translation,,0.0,,,,True,Ty,,0.0,1.0,0.0,0.24681309993287776,0.0,0.0,,,,,
SeCl4,Tz,external,0.0,translation,,0.0,,,,True,Tz,,0.0,0.0,1.0,0.0,0.0,0.0,,,,,
SeCl4,Rx,external,0.0,rotation,,0.0,,,,True,Rx,,0.0,0.24681309993287776,0.0,1.0,0.0,0.0,,,,,
SeCl4,Ry,external,0.0,rotation,,0.0,,,,True,Ry,,-0.24678471813032685,0.0,0.0,0.0,1.0,0.0,,,,,
SeCl4,Rz,external,0.0,rotation,,0.0,,,,True,Rz,,0.0,0.0,0.0,0.0,0.0,1.0,,,,,
SeCl4,1,internal,36.1126,bend,no,0.06752331642584898,0.022989463219581157,Se1-Cl2:-0.0169;Se1-Cl3:0.0169;Se1-Cl4:-0.0169;Se1-Cl5:0.0169,Se1-Cl2:0.0087;Se1-Cl3:0.0373;Se1-Cl4:0.0087;Se1-Cl5:0.0373,True,B,,0.0,0.0,-0.20001490679631165,0.0,0.0,0.0,,34.9689,0.0269,A1,7e-05
SeCl4,2,internal,198.5949,bend,no,0.01917646217830458,0.08207751999686663,Se1-Cl2:0.0048;Se1-Cl3:0.0048;Se1-Cl4:0.0048;Se1-Cl5:0.0048,Se1-Cl2:0.0821;Se1-Cl3:0.0821;Se1-Cl4:0.0821;Se1-Cl5:0.0821,True,B,,0.0,0.0,-0.4102147125858565,0.0,0.0,0.0,,48.8236,1.1345,A1,0.5552
SeCl4,3,internal,217.4578,bend,no,0.0014486392407426158,0.03704675061768183,Se1-Cl2:0.0000;Se1-Cl3:0.0007;Se1-Cl4:0.0000;Se1-Cl5:-0.0007,Se1-Cl2:0.0694;Se1-Cl3:0.0057;Se1-Cl4:0.0694;Se1-Cl5:-0.0036,True,B,,0.0,-0.17781118827094167,0.0,0.42531410704039124,0.0,0.0,,38.292,1.0669,B1,0.27191
SeCl4,4,internal,217.4652,bend,no,0.0014485201889135814,0.03704783481661812,Se1-Cl2:0.0007;Se1-Cl3:0.0000;Se1-Cl4:-0.0007;Se1-Cl5:0.0000,Se1-Cl2:0.0057;Se1-Cl3:0.0694;Se1-Cl4:-0.0036;Se1-Cl5:0.0694,True,B,,-0.1777952544501046,0.0,0.0,0.0,-0.42529617962614363,0.0,,38.2919,1.0669,B2,0.2719
SeCl4,5,internal,236.0096,bend,no,0.0,0.023094459358672034,Se1-Cl2:0.0000;Se1-Cl3:0.0000;Se1-Cl4:0.0000;Se1-Cl5:0.0000,Se1-Cl2:0.0231;Se1-Cl3:0.0231;Se1-Cl4:0.0231;Se1-Cl5:0.0231,True,B,,0.0,0.0,0.0,0.0,0.0,0.0,,34.9689,1.1476,A2,0.0
SeCl4,6,internal,334.7217,stretch,no,0.9977182839324343,0.21563614316413188,Se1-Cl2:0.2499;Se1-Cl3:-0.2489;Se1-Cl4:0.2499;Se1-Cl5:-0.2489,Se1-Cl2:0.2160;Se1-Cl3:-0.2153;Se1-Cl4:0.2160;Se1-Cl5:-0.2153,True,S,,0.0,0.0,0.20011644119729502,0.0,0.0,0.0,,34.9689,2.3083,A1,0.00017
SeCl4,7,internal,388.0959,stretch,no,0.9267918805856633,0.24692886988631968,Se1-Cl2:0.2313;Se1-Cl3:0.2321;Se1-Cl4:0.2313;Se1-Cl5:0.2321,Se1-Cl2:0.2467;Se1-Cl3:0.2472;Se1-Cl4:0.2467;Se1-Cl5:0.2472,True,S,,0.0,0.0,-0.03566913039596974,0.0,0.0,0.0,,37.7699,3.3518,A1,0.24963
SeCl4,8,internal,426.6637,stretch,no,0.8227652631276953,0.24589915952861738,Se1-Cl2:-0.4114;Se1-Cl3:0.0000;Se1-Cl4:0.4114;Se1-Cl5:0.0000,Se1-Cl2:-0.4661;Se1-Cl3:0.0227;Se1-Cl4:0.4722;Se1-Cl5:0.0227,True,SB,,0.2196129233692127,0.0,0.0,0.0,-0.2783762027196698,0.0,,46.315,4.9676,B2,0.50242
SeCl4,9,internal,426.7778,stretch,no,0.8227639911035166,0.24590721158360224,Se1-Cl2:0.0000;Se1-Cl3:-0.4114;Se1-Cl4:0.0000;Se1-Cl5:0.4114,Se1-Cl2:0.0227;Se1-Cl3:-0.4661;Se1-Cl4:0.0227;Se1-Cl5:0.4722,True,SB,,0.0,0.21962317286780328,0.0,0.2783806708732016,0.0,0.0,,46.3146,4.9702,B1,0.50241
C6H6,Tx,external,0.0,translation,,0.0,,,,True,Tx,,1.0,0.0,0.0,0.0,0.0,0.0,,,,,
C6H6,Ty,external,0.0,translation,,0.0,,,,True,Ty,,0.0,1.0,0.0,0.0,0.0,0.0,,,,,
C6H6,Tz,external,0.0,translation,,0.0,,,,True,Tz,,0.0,0.0,1.0,0.0,0.0,0.0,,,,,
C6H6,Rx,external,0.0,rotation,,0.0,,,,True,Rx,,0.0,0.0,0.0,1.0,0.0,0.0,,,,,
C6H6,Ry,external,0.0,rotation,,0.0,,,,True,Ry,,0.0,0.0,0.0,0.0,1.0,0.0,,,,,
C6H6,Rz,external,0.0,rotation,,4.10589867947357e-17,,,,True,Rz,,0.0,0.0,0.0,0.0,0.0,1.0,,,,,
C6H6,1,internal,411.9847,bend,,0.0,0.0192499610668977,C1-C2:0.0000;C1-C6:0.0000;C1-H7:0.0000;C2-C3:0.0000;C2-H8:0.0000;C3-C4:0.0000;C3-H9:0.0000;C4-C5:0.0000;C4-H10:0.0000;C5-C6:0.0000;C5-H11:0.0000;C6-H12:0.0000,C1-C2:0.0376;C1-C6:0.0287;C1-H7:0.0318;C2-C3:0.0006;C2-H8:0.0117;C3-C4:0.0287;C3-H9:0.0051;C4-C5:0.0376;C4-H10:0.0318;C5-C6:0.0006;C5-H11:0.0117;C6-H12:0.0051,True,B,,0.0,0.0,-0.3333333333333333,0.0,0.0,0.0,Shi1972,2.9803,0.298,E2U,
C6H6,2,internal,411.9847,bend,,0.0,0.019249989313726644,C1-C2:0.0000;C1-C6:0.0000;C1-H7:0.0000;C2-C3:0.0000;C2-H8:0.0000;C3-C4:0.0000;C3-H9:0.0000;C4-C5:0.0000;C4-H10:0.0000;C5-C6:0.0000;C5-H11:0.0000;C6-H12:0.0000,C1-C2:0.0070;C1-C6:0.0161;C1-H7:0.0005;C2-C3:0.0437;C2-H8:0.0208;C3-C4:0.0161;C3-H9:0.0273;C4-C5:0.0070;C4-H10:0.0005;C5-C6:0.0437;C5-H11:0.0208;C6-H12:0.0273,True,B,,0.0,0.0,-0.3333333333333333,0.0,0.0,0.0,Shi1972,2.9803,0.298,E2U,
C6H6,3,internal,645.8926,bend,,0.05203016506064784,0.0315643330160317,C1-C2:-0.0037;C1-C6:0.0094;C1-H7:0.0001;C2-C3:-0.0128;C2-H8:-0.0001;C3-C4:0.0094;C3-H9:0.0000;C4-C5:-0.0037;C4-H10:0.0001;C5-C6:-0.0128;C5-H11:-0.0001;C6-H12:0.0000,C1-C2:0.0463;C1-C6:0.0465;C1-H7:0.0223;C2-C3:-0.0118;C2-H8:0.0074;C3-C4:0.0465;C3-H9:0.0551;C4-C5:0.0463;C4-H10:0.0223;C5-C6:-0.0118;C5-H11:0.0074;C6-H12:0.0551,True,B,,-9.25185853854297e-18,1.850371707708594e-17,0.0,0.0,0.0,-0.018787936144424523,Shi1972,6.221,1.5291,E2G,
C6H6,4,internal,645.8926,bend,,0.053405551020219696,0.027763888868317724,C1-C2:0.0049;C1-C6:-0.0089;C1-H7:0.0001;C2-C3:-0.0127;C2-H8:0.0001;C3-C4:-0.0089;C3-H9:-0.0000;C4-C5:0.0049;C4-H10:0.0001;C5-C6:-0.0127;C5-H11:0.0001;C6-H12:-0.0000,C1-C2:0.0430;C1-C6:0.0311;C1-H7:0.0352;C2-C3:0.0077;C2-H8:0.0488;C3-C4:0.0311;C3-H9:0.0007;C4-C5:0.0430;C4-H10:0.0352;C5-C6:0.0077;C5-H11:0.0488;C6-H12:0.0007,True,B,,9.25185853854297e-18,0.0,0.0,0.0,0.0,0.006637426772421201,Shi1972,6.221,1.5291,E2G,
C6H6,5,internal,678.1652,bend,,0.0,0.04838332963321374,C1-C2:0.0000;C1-C6:0.0000;C1-H7:0.0000;C2-C3:0.0000;C2-H8:0.0000;C3-C4:0.0000;C3-H9:0.0000;C4-C5:0.0000;C4-H10:0.0000;C5-C6:0.0000;C5-H11:0.0000;C6-H12:0.0000,C1-C2:0.0955;C1-C6:0.0955;C1-H7:0.0013;C2-C3:0.0955;C2-H8:0.0013;C3-C4:0.0955;C3-H9:0.0013;C4-C5:0.0955;C4-H10:0.0013;C5-C6:0.0955;C5-H11:0.0013;C6-H12:0.0013,True,B,,0.0,0.0,0.0,0.0,0.3333333333333333,0.0,Shi1972,7.5391,2.0429,B2G,
C6H6,6,internal,684.1694,bend,,0.0,0.039583415596395825,C1-C2:0.0000;C1-C6:0.0000;C1-H7:0.0000;C2-C3:0.0000;C2-H8:0.0000;C3-C4:0.0000;C3-H9:0.0000;C4-C5:0.0000;C4-H10:0.0000;C5-C6:0.0000;C5-H11:0.0000;C6-H12:0.0000,C1-C2:0.0000;C1-C6:0.0000;C1-H7:0.0792;C2-C3:0.0000;C2-H8:0.0792;C3-C4:0.0000;C3-H9:0.0792;C4-C5:0.0000;C4-H10:0.0792;C5-C6:0.0000;C5-H11:0.0792;C6-H12:0.0792,True,B,,0.0,0.0,0.0,0.0,0.0,0.0,Shi1972,1.0848,0.2992,A2U,
C6H6,7,internal,852.2314,bend,,0.0,0.0432990740372339,C1-C2:0.0000;C1-C6:0.0000;C1-H7:0.0000;C2-C3:0.0000;C2-H8:0.0000;C3-C4:0.0000;C3-H9:0.0000;C4-C5:0.0000;C4-H10:0.0000;C5-C6:0.0000;C5-H11:0.0000;C6-H12:0.0000,C1-C2:0.0002;C1-C6:0.0007;C1-H7:0.1644;C2-C3:0.0018;C2-H8:0.0690;C3-C4:0.0007;C3-H9:0.0236;C4-C5:0.0002;C4-H10:0.1644;C5-C6:0.0018;C5-H11:0.0690;C6-H12:0.0236,True,B,,0.0,0.0,0.0,0.0,0.0,0.0,Shi1972,1.2462,0.5333,E1G,
C6H6,8,internal,852.2314,bend,,0.0,0.04326144773756219,C1-C2:0.0000;C1-C6:0.0000;C1-H7:0.0000;C2-C3:0.0000;C2-H8:0.0000;C3-C4:0.0000;C3-H9:0.0000;C4-C5:0.0000;C4-H10:0.0000;C5-C6:0.0000;C5-H11:0.0000;C6-H12:0.0000,C1-C2:0.0016;C1-C6:0.0011;C1-H7:0.0042;C2-C3:0.0000;C2-H8:0.1052;C3-C4:0.0011;C3-H9:0.1474;C4-C5:0.0016;C4-H10:0.0042;C5-C6:0.0000;C5-H11:0.1052;C6-H12:0.1474,True,B,,0.0,0.0,0.0,0.0,0.0,0.0,Shi1972,1.2462,0.5333,E1G,
C6H6,9,internal,931.2417,bend,,0.0,0.046526526287664245,C1-C2:0.0000;C1-C6:0.0000;C1-H7:0.0000;C2-C3:0.0000;C2-H8:0.0000;C3-C4:0.0000;C3-H9:0.0000;C4-C5:0.0000;C4-H10:0.0000;C5-C6:0.0000;C5-H11:0.0000;C6-H12:0.0000,C1-C2:0.0079;C1-C6:0.0019;C1-H7:0.1329;C2-C3:0.0020;C2-H8:0.1345;C3-C4:0.0019;C3-H9:0.0000;C4-C5:0.0079;C4-H10:0.1329;C5-C6:0.0020;C5-H11:0.1345;C6-H12:0.0000,True,B,,0.0,0.0,0.0,0.0,0.0,0.0,Shi1972,1.3513,0.6904,E2U,
C6H6,10,internal,931.2417,bend,,0.0,0.04659878178916588,C1-C2:0.0000;C1-C6:0.0000;C1-H7:0.0000;C2-C3:0.0000;C2-H8:0.0000;C3-C4:0.0000;C3-H9:0.0000;C4-C5:0.0000;C4-H10:0.0000;C5-C6:0.0000;C5-H11:0.0000;C6-H12:0.0000,C1-C2:0.0000;C1-C6:0.0059;C1-H7:0.0474;C2-C3:0.0059;C2-H8:0.0456;C3-C4:0.0059;C3-H9:0.1749;C4-C5:0.0000;C4-H10:0.0474;C5-C6:0.0059;C5-H11:0.0456;C6-H12:0.1749,True,B,,0.0,0.0,0.0,0.0,0.0,0.0,Shi1972,1.3513,0.6904,E2U,
C6H6,11,internal,933.5249,bend,,0.0,0.03904953697507572,C1-C2:0.0000;C1-C6:0.0000;C1-H7:0.0000;C2-C3:0.0000;C2-H8:0.0000;C3-C4:0.0000;C3-H9:0.0000;C4-C5:0.0000;C4-H10:0.0000;C5-C6:0.0000;C5-H11:0.0000;C6-H12:0.0000,C1-C2:0.0008;C1-C6:0.0008;C1-H7:0.0773;C2-C3:0.0008;C2-H8:0.0773;C3-C4:0.0008;C3-H9:0.0773;C4-C5:0.0008;C4-H10:0.0773;C5-C6:0.0008;C5-H11:0.0773;C6-H12:0.0773,True,B,,0.0,0.0,0.0,0.0,0.0,0.0,Shi1972,1.0605,0.5445,B2G,
C6H6,12,internal,992.583,stretch,,0.999999999786299,0.1098255304358632,C1-C2:0.1652;C1-C6:0.1652;C1-H7:0.0015;C2-C3:0.1652;C2-H8:0.0015;C3-C4:0.1652;C3-H9:0.0015;C4-C5:0.1652;C4-H10:0.0015;C5-C6:0.1652;C5-H11:0.0015;C6-H12:0.0015,C1-C2:0.1957;C1-C6:0.1957;C1-H7:0.0239;C2-C3:0.1958;C2-H8:0.0239;C3-C4:0.1957;C3-H9:0.0239;C4-C5:0.1957;C4-H10:0.0239;C5-C6:0.1958;C5-H11:0.0239;C6-H12:0.0239,True,S,,0.0,0.0,0.0,0.0,0.0,0.0,Shi1972,6.0097,3.4885,A1G,
C6H6,13,internal,1056.3901,bend,,0.20260820463734677,0.06490722638954056,C1-C2:0.0462;C1-C6:0.0483;C1-H7:0.0002;C2-C3:-0.0022;C2-H8:0.0021;C3-C4:-0.0483;C3-H9:-0.0023;C4-C5:-0.0462;C4-H10:-0.0002;C5-C6:0.0022;C5-H11:-0.0021;C6-H12:0.0023,C1-C2:0.1291;C1-C6:0.1343;C1-H7:0.0090;C2-C3:0.0052;C2-H8:0.0623;C3-C4:-0.1294;C3-H9:0.0488;C4-C5:-0.1226;C4-H10:-0.0088;C5-C6:0.0170;C5-H11:0.0545;C6-H12:0.0579,True,SB,,-0.057210425449108704,0.019405044393595434,0.0,0.0,0.0,0.0,Shi1972,1.9954,1.312,E1U,
C6H6,14,internal,1056.3901,bend,,0.2274333481911696,0.06818354528068367,C1-C2:-0.0292;C1-C6:0.0254;C1-H7:-0.0002;C2-C3:-0.0546;C2-H8:-0.0021;C3-C4:-0.0254;C3-H9:-0.0023;C4-C5:0.0292;C4-H10:0.0002;C5-C6:0.0546;C5-H11:0.0021;C6-H12:0.0023,C1-C2:-0.0712;C1-C6:0.0776;C1-H7:0.0735;C2-C3:-0.1492;C2-H8:0.0087;C3-C4:-0.0601;C3-H9:0.0143;C4-C5:0.0871;C4-H10:0.0741;C5-C6:0.1492;C5-H11:0.0242;C6-H12:0.0290,True,SB,,-0.0047211497750915725,0.16131935236990813,0.0,0.0,0.0,-1.850371707708594e-17,Shi1972,1.9954,1.312,E1U,
C6H6,15,internal,1067.465,bend,,3.352618603032946e-05,0.0316022523710687,C1-C2:-0.0000;C1-C6:-0.0000;C1-H7:0.0000;C2-C3:0.0000;C2-H8:-0.0000;C3-C4:0.0000;C3-H9:0.0000;C4-C5:0.0000;C4-H10:-0.0000;C5-C6:0.0000;C5-H11:0.0000;C6-H12:-0.0000,C1-C2:0.0607;C1-C6:0.0607;C1-H7:0.0025;C2-C3:0.0607;C2-H8:-0.0025;C3-C4:0.0607;C3-H9:0.0025;C4-C5:0.0607;C4-H10:-0.0025;C5-C6:0.0607;C5-H11:0.0025;C6-H12:-0.0025,True,B,,4.442766031504767e-06,0.0,0.0,0.0,0.0,0.0,Shi1972,6.4525,4.332,B1U,
C6H6,16,internal,1237.2931,bend,,0.09785793349914342,0.06336376057899419,C1-C2:-0.0163;C1-C6:0.0163;C1-H7:0.0000;C2-C3:0.0163;C2-H8:-0.0000;C3-C4:-0.0163;C3-H9:-0.0000;C4-C5:0.0163;C4-H10:0.0000;C5-C6:-0.0163;C5-H11:0.0000;C6-H12:0.0000,C1-C2:-0.0793;C1-C6:0.0793;C1-H7:0.0474;C2-C3:0.0793;C2-H8:0.0474;C3-C4:-0.0793;C3-H9:0.0474;C4-C5:0.0793;C4-H10:0.0474;C5-C6:-0.0793;C5-H11:0.0474;C6-H12:0.0474,True,B,,0.0,1.8033564040620398e-05,0.0,0.0,0.0,0.0,Shi1972,1.2814,1.1558,B2U,
C6H6,17,internal,1247.1403,bend,,0.058987955230582076,0.052022920485158226,C1-C2:-0.0105;C1-C6:-0.0019;C1-H7:-0.0000;C2-C3:0.0170;C2-H8:0.0000;C3-C4:-0.0019;C3-H9:0.0000;C4-C5:-0.0105;C4-H10:-0.0000;C5-C6:0.0170;C5-H11:0.0000;C6-H12:0.0000,C1-C2:-0.0619;C1-C6:-0.0190;C1-H7:0.0084;C2-C3:0.0818;C2-H8:0.0935;C3-C4:-0.0190;C3-H9:0.0475;C4-C5:-0.0619;C4-H10:0.0084;C5-C6:0.0818;C5-H11:0.0935;C6-H12:0.0475,True,B,,0.0,-4.625929269271485e-18,0.0,0.0,0.0,0.3266778849832946,Shi1972,1.2096,1.1085,E2G,
C6H6,18,internal,1247.1403,bend,,0.05921771109194564,0.052460253550531404,C1-C2:-0.0094;C1-C6:0.0176;C1-H7:0.0000;C2-C3:-0.0026;C2-H8:-0.0000;C3-C4:0.0176;C3-H9:0.0000;C4-C5:-0.0094;C4-H10:0.0000;C5-C6:-0.0026;C5-H11:-0.0000;C6-H12:0.0000,C1-C2:-0.0582;C1-C6:0.0832;C1-H7:0.0906;C2-C3:-0.0240;C2-H8:0.0053;C3-C4:0.0832;C3-H9:0.0534;C4-C5:-0.0582;C4-H10:0.0906;C5-C6:-0.0240;C5-H11:0.0053;C6-H12:0.0534,True,B,,0.0,0.0,0.0,0.0,0.0,-0.3233560815140616,Shi1972,1.2096,1.1085,E2G,
C6H6,19,internal,1319.2685,stretch,,0.2626202905139537,0.1775726599462275,C1-C2:-0.0438;C1-C6:0.0438;C1-H7:0.0000;C2-C3:0.0438;C2-H8:-0.0000;C3-C4:-0.0438;C3-H9:-0.0000;C4-C5:0.0438;C4-H10:0.0000;C5-C6:-0.0438;C5-H11:0.0000;C6-H12:0.0000,C1-C2:-0.2339;C1-C6:0.2339;C1-H7:0.1213;C2-C3:0.2339;C2-H8:0.1213;C3-C4:-0.2339;C3-H9:0.1213;C4-C5:0.2339;C4-H10:0.1213;C5-C6:-0.2339;C5-H11:0.1213;C6-H12:0.1213,True,SB,,0.0,-1.3633827701577579e-06,0.0,0.0,0.0,0.0,Shi1972,3.3877,3.4739,B2U,
C6H6,20,internal,1435.4835,bend,,6.1353705126012624e-06,0.04409164755424718,C1-C2:-0.0000;C1-C6:0.0000;C1-H7:0.0000;C2-C3:0.0000;C2-H8:0.0000;C3-C4:0.0000;C3-H9:-0.0000;C4-C5:-0.0000;C4-H10:0.0000;C5-C6:0.0000;C5-H11:0.0000;C6-H12:-0.0000,C1-C2:0.0009;C1-C6:0.0009;C1-H7:0.0873;C2-C3:0.0009;C2-H8:0.0873;C3-C4:0.0009;C3-H9:0.0873;C4-C5:0.0009;C4-H10:0.0873;C5-C6:0.0009;C5-H11:0.0873;C6-H12:0.0873,True,B,,0.0,0.0,0.0,0.0,0.0,3.3981737794045824e-10,Shi1972,1.2462,1.5129,A2G,
C6H6,21,internal,1532.8465,SB,,0.0823275107299498,0.08497200310119073,C1-C2:0.0163;C1-C6:0.0171;C1-H7:0.0004;C2-C3:-0.0008;C2-H8:0.0032;C3-C4:-0.0171;C3-H9:-0.0035;C4-C5:-0.0163;C4-H10:-0.0004;C5-C6:0.0008;C5-H11:-0.0032;C6-H12:0.0035,C1-C2:0.1062;C1-C6:0.1107;C1-H7:0.0166;C2-C3:0.0027;C2-H8:0.1490;C3-C4:-0.1073;C3-H9:0.1229;C4-C5:-0.1019;C4-H10:-0.0160;C5-C6:0.0125;C5-H11:0.1357;C6-H12:0.1382,True,B,,0.41031441877311936,-0.03641525725230182,0.0,0.0,0.0,1.850371707708594e-17,Shi1972,1.7177,2.3779,E1U,
C6H6,22,internal,1532.8465,SB,,0.09102104823311766,0.08657738588198138,C1-C2:0.0103;C1-C6:-0.0090;C1-H7:0.0003;C2-C3:0.0193;C2-H8:0.0032;C3-C4:0.0090;C3-H9:0.0035;C4-C5:-0.0103;C4-H10:-0.0003;C5-C6:-0.0193;C5-H11:-0.0032;C6-H12:-0.0035,C1-C2:0.0710;C1-C6:-0.0511;C1-H7:0.1789;C2-C3:0.1233;C2-H8:0.0551;C3-C4:0.0630;C3-H9:0.0671;C4-C5:-0.0601;C4-H10:0.1778;C5-C6:-0.1232;C5-H11:0.0274;C6-H12:0.0410,True,B,,0.006825246336635005,0.3260725294105636,0.0,0.0,0.0,1.850371707708594e-17,Shi1972,1.7177,2.3779,E1U,
C6H6,23,internal,1598.8987,stretch,,0.30538632072310523,0.15440114035067748,C1-C2:-0.0564;C1-C6:-0.0124;C1-H7:-0.0014;C2-C3:0.0793;C2-H8:0.0009;C3-C4:-0.0124;C3-H9:0.0023;C4-C5:-0.0564;C4-H10:-0.0014;C5-C6:0.0793;C5-H11:0.0009;C6-H12:0.0023,C1-C2:-0.2379;C1-C6:-0.0400;C1-H7:0.0084;C2-C3:0.3256;C2-H8:0.2056;C3-C4:-0.0400;C3-H9:0.1088;C4-C5:-0.2379;C4-H10:0.0084;C5-C6:0.3256;C5-H11:0.2056;C6-H12:0.1088,True,SB,,-9.25185853854297e-18,0.0,0.0,0.0,0.0,-0.03490706789946147,Shi1972,4.0879,6.1574,E2G,
C6H6,24,internal,1598.8987,stretch,,0.3114998198535675,0.1588351557418158,C1-C2:-0.0482;C1-C6:0.0831;C1-H7:0.0014;C2-C3:-0.0198;C2-H8:-0.0009;C3-C4:0.0831;C3-H9:0.0023;C4-C5:-0.0482;C4-H10:0.0014;C5-C6:-0.0198;C5-H11:-0.0009;C6-H12:0.0023,C1-C2:-0.2063;C1-C6:0.3346;C1-H7:0.1959;C2-C3:-0.0789;C2-H8:-0.0055;C3-C4:0.3346;C3-H9:0.1318;C4-C5:-0.2063;C4-H10:0.1959;C5-C6:-0.0789;C5-H11:-0.0055;C6-H12:0.1318,True,SB,,9.25185853854297e-18,-1.6190752442450197e-17,0.0,0.0,0.0,0.030451869989441483,Shi1972,4.0879,6.1574,E2G,
C6H6,25,internal,3182.2915,stretch,,0.982004959823192,0.20343773906841156,C1-C2:0.0000;C1-C6:0.0000;C1-H7:0.1637;C2-C3:0.0000;C2-H8:-0.1637;C3-C4:-0.0000;C3-H9:0.1637;C4-C5:-0.0000;C4-H10:-0.1637;C5-C6:0.0000;C5-H11:0.1637;C6-H12:-0.1637,C1-C2:0.0009;C1-C6:0.0009;C1-H7:0.4060;C2-C3:0.0009;C2-H8:-0.4060;C3-C4:0.0009;C3-H9:0.4060;C4-C5:0.0009;C4-H10:-0.4060;C5-C6:0.0009;C5-H11:0.4060;C6-H12:-0.4060,True,S,,-3.662158838515135e-05,0.0,0.0,0.0,0.0,8.470329472543003e-22,Shi1972,1.0863,6.4813,B1U,
C6H6,26,internal,3191.891,stretch,,0.9882147389729034,0.19652120068666248,C1-C2:0.0007;C1-C6:-0.0006;C1-H7:-0.1150;C2-C3:-0.0009;C2-H8:-0.0530;C3-C4:-0.0006;C3-H9:0.3240;C4-C5:0.0007;C4-H10:-0.1150;C5-C6:-0.0009;C5-H11:-0.0530;C6-H12:0.3240,C1-C2:0.0196;C1-C6:-0.0067;C1-H7:-0.3402;C2-C3:-0.0107;C2-H8:-0.2309;C3-C4:-0.0067;C3-H9:0.5711;C4-C5:0.0196;C4-H10:-0.3402;C5-C6:-0.0107;C5-H11:-0.2309;C6-H12:0.5711,True,S,,0.0,0.0,0.0,0.0,0.0,0.004675832996259119,Shi1972,1.0881,6.5315,E2G,
C6H6,27,internal,3191.891,stretch,,0.9877850334200265,0.18165654806330936,C1-C2:0.0002;C1-C6:-0.0008;C1-H7:0.2130;C2-C3:0.0009;C2-H8:-0.2750;C3-C4:-0.0008;C3-H9:0.0040;C4-C5:0.0002;C4-H10:0.2130;C5-C6:0.0009;C5-H11:-0.2750;C6-H12:0.0040,C1-C2:0.0036;C1-C6:-0.0178;C1-H7:0.4630;C2-C3:0.0163;C2-H8:-0.5261;C3-C4:-0.0178;C3-H9:0.0631;C4-C5:0.0036;C4-H10:0.4630;C5-C6:0.0163;C5-H11:-0.5261;C6-H12:0.0631,True,S,,4.625929269271485e-18,0.0,0.0,0.0,0.0,0.04237662296275271,Shi1972,1.0881,6.5315,E2G,
C6H6,28,internal,3209.6325,stretch,,0.99619427183447,0.18041187271187845,C1-C2:-0.0010;C1-C6:0.0009;C1-H7:0.0004;C2-C3:-0.0019;C2-H8:0.2563;C3-C4:-0.0009;C3-H9:0.2378;C4-C5:0.0010;C4-H10:-0.0004;C5-C6:0.0019;C5-H11:-0.2563;C6-H12:-0.2378,C1-C2:-0.0172;C1-C6:0.0162;C1-H7:0.0187;C2-C3:-0.0333;C2-H8:0.5079;C3-C4:-0.0153;C3-H9:0.4892;C4-C5:0.0180;C4-H10:-0.0187;C5-C6:0.0334;C5-H11:-0.5079;C6-H12:-0.4892,True,S,,0.08351723394663882,0.10644309074406001,0.0,0.0,0.0,-3.1803263726241462e-18,Shi1972,1.094,6.6402,E1U,
C6H6,29,internal,3209.6325,stretch,,0.9953236420667723,0.20169988354673532,C1-C2:-0.0016;C1-C6:-0.0016;C1-H7:0.3292;C2-C3:0.0001;C2-H8:0.0733;C3-C4:0.0016;C3-H9:-0.0918;C4-C5:0.0016;C4-H10:-0.3292;C5-C6:-0.0001;C5-H11:-0.0733;C6-H12:0.0918,C1-C2:-0.0282;C1-C6:-0.0293;C1-H7:0.5757;C2-C3:0.0016;C2-H8:0.2717;C3-C4:0.0295;C3-H9:-0.3040;C4-C5:0.0285;C4-H10:-0.5757;C5-C6:-0.0005;C5-H11:-0.2716;C6-H12:0.3040,True,S,,0.027383925501354135,-0.0011392853748176481,0.0,0.0,0.0,4.336808689942018e-19,Shi1972,1.094,6.6402,E1U,
C6H6,30,internal,3223.1696,stretch,,0.9999999999879879,0.2174714242711108,C1-C2:-0.0012;C1-C6:-0.0012;C1-H7:0.1655;C2-C3:-0.0012;C2-H8:0.1655;C3-C4:-0.0012;C3-H9:0.1655;C4-C5:-0.0012;C4-H10:0.1655;C5-C6:-0.0012;C5-H11:0.1655;C6-H12:0.1655,C1-C2:-0.0266;C1-C6:-0.0266;C1-H7:0.4084;C2-C3:-0.0266;C2-H8:0.4084;C3-C4:-0.0266;C3-H9:0.4084;C4-C5:-0.0266;C4-H10:0.4084;C5-C6:-0.0266;C5-H11:0.4084;C6-H12:0.4084,True,S,,0.0,0.0,0.0,0.0,0.0,0.0,Shi1972,1.0999,6.7324,A1G,
