molecule,mode_index,kind,present_both,freq_canon,freq_rerun,freq_delta,V_Stretch_canon,V_Stretch_rerun,V_Stretch_delta,d_CA_canon,d_CA_rerun,d_CA_delta,Tx_abs_delta,Ty_abs_delta,Tz_abs_delta,Rx_abs_delta,Ry_abs_delta,Rz_abs_delta,max_TR_abs_delta,predicted_label_canon,predicted_label_rerun,label_match,predicted_annotation_canon,predicted_annotation_rerun,annotation_match,any_mismatch
SH4,3,internal,True,1408.196400,1408.199200,0.002800,0.281645,0.281615,-0.000029,0.059100,0.059100,0.000000,0.564689,0.564679,0.000000,0.488816,0.488820,0.000000,0.564689,SB,SB,True,,,True,True
SH4,4,internal,True,1408.196600,1408.205400,0.008800,0.281605,0.281623,0.000018,0.059100,0.059100,0.000000,0.564681,0.564687,0.000000,0.488833,0.488807,0.000000,0.564687,SB,SB,True,,,True,True
OCl4,7,internal,True,550.725700,550.687800,-0.037900,0.647920,0.487244,-0.160675,0.956800,0.956820,0.000020,0.551997,0.000000,0.402136,0.000000,0.552023,0.000000,0.552023,SB,SB,True,,,True,True
OCl4,8,internal,True,550.742900,550.707400,-0.035500,0.487224,0.647915,0.160691,0.956820,0.956800,-0.000020,0.551986,0.000000,0.402089,0.000000,0.552017,0.000000,0.552017,SB,SB,True,,,True,True
FBr3,3,internal,True,157.866300,157.892300,0.026000,0.000000,0.000000,0.000000,0.990480,0.990480,0.000000,0.000000,0.000000,0.000000,0.500000,0.000000,0.000000,0.500000,B,B,True,,,True,True
FBr3,Ry,external,True,0.000000,0.000000,0.000000,0.000000,0.000000,0.000000,,,,0.000000,0.000000,0.500000,0.000000,0.000000,0.000000,0.500000,Ry,Ry,True,,,True,True
FBr3,Tz,external,True,0.000000,0.000000,0.000000,0.000000,0.000000,0.000000,,,,0.000000,0.000000,0.000000,0.000000,0.500000,0.000000,0.500000,Tz,Tz,True,,,True,True
F4,5,internal,True,697.427800,695.965100,-1.462700,0.837799,0.777886,-0.059913,0.778210,0.775050,-0.003160,0.433336,0.258798,0.000000,0.000000,0.000000,0.499547,0.499547,SB,SB,True,,,True,True
BCl3,6,internal,True,876.820700,876.820800,0.000100,0.648762,0.694251,0.045489,0.973499,0.973501,0.000002,0.441651,0.333849,0.000000,0.000000,0.000000,0.176415,0.441651,SB,SB,True,,,True,True
FBr3,5,internal,True,236.623600,236.872100,0.248500,0.613186,0.700657,0.087472,0.987540,0.987530,-0.000010,0.000000,0.052517,0.000000,0.000000,0.000000,0.419691,0.419691,SB,SB,True,,,True,True
InH3,2,internal,True,653.433500,653.433500,0.000000,0.034495,0.031782,-0.002713,0.011154,0.011151,-0.000003,0.377619,0.252479,0.000000,0.000000,0.000000,0.245998,0.377619,B,B,True,,,True,True
NBr3,6,internal,True,485.240500,485.240500,0.000000,0.587302,0.648542,0.061240,0.989713,0.989711,-0.000002,0.371016,0.197509,0.060423,0.038592,0.231052,0.226969,0.371016,SB,SB,True,,,True,True
NBr3,5,internal,True,485.240500,485.240500,0.000000,0.650243,0.597056,-0.053187,0.989713,0.989711,-0.000002,0.345441,0.160982,0.039584,0.027326,0.211591,0.199182,0.345441,SB,SB,True,,,True,True
CS2,1,internal,True,367.689900,367.689900,0.000000,0.000000,0.000000,0.000000,0.966540,0.966540,-0.000000,0.000000,0.333321,0.333294,0.000000,0.000000,0.000000,0.333321,B,B,True,,,True,True
CS2,2,internal,True,367.689900,367.689900,0.000000,0.000000,0.000000,0.000000,0.966540,0.966540,-0.000000,0.000000,0.333294,0.333321,0.000000,0.000000,0.000000,0.333321,B,B,True,,,True,True
CO2,1,internal,True,551.705000,551.705000,0.000000,0.000000,0.000000,0.000000,0.883390,0.883386,-0.000004,0.000000,0.333315,0.332066,0.000000,0.000000,0.000000,0.333315,B,B,True,,,True,True
CO2,2,internal,True,551.705000,551.705000,0.000000,0.000000,0.000000,0.000000,0.883390,0.883386,-0.000004,0.000000,0.332066,0.333315,0.000000,0.000000,0.000000,0.333315,B,B,True,,,True,True
PBr3,Rx,external,True,0.000000,0.000000,0.000000,0.000000,0.000000,0.000000,,,,0.000000,0.145469,0.247142,0.000000,0.000000,0.311265,0.311265,Rx,Rx,True,,,True,True
PBr3,Ry,external,True,0.000000,0.000000,0.000000,0.000000,0.000000,0.000000,,,,0.145469,0.000000,0.247142,0.000000,0.000000,0.311265,0.311265,Ry,Ry,True,,,True,True
AlCl3,5,internal,True,586.240600,586.240600,0.000000,0.769636,0.809680,0.040043,0.852680,0.852683,0.000003,0.166896,0.304102,0.000000,0.000000,0.000000,0.061118,0.304102,SB,SB,True,,,True,True
BBr3,5,internal,True,795.989200,795.989400,0.000200,0.681899,0.665525,-0.016374,0.994690,0.994688,-0.000003,0.204536,0.298404,0.000000,0.000000,0.000000,0.045231,0.298404,SB,SB,True,,,True,True
BCl3,5,internal,True,876.820700,876.820800,0.000100,0.728844,0.718167,-0.010677,0.973499,0.973501,0.000002,0.279378,0.140539,0.000000,0.000000,0.000000,0.043567,0.279378,SB,SB,True,,,True,True
SeCl4,9,internal,True,426.804100,426.777800,-0.026300,0.822783,0.822764,-0.000019,0.502410,0.502410,-0.000000,0.219614,0.219077,0.000000,0.278312,0.278371,0.000000,0.278371,SB,SB,True,,,True,True
SeCl4,8,internal,True,426.804000,426.663700,-0.140300,0.822783,0.822765,-0.000018,0.502410,0.502420,0.000010,0.219067,0.219616,0.000000,0.278370,0.278308,0.000000,0.278370,SB,SB,True,,,True,True
FBr3,2,internal,True,53.150800,53.099300,-0.051500,0.197690,0.165730,-0.031960,0.289360,0.288460,-0.000900,0.000789,0.000002,0.000000,0.000000,0.000000,0.265869,0.265869,SB,B,False,,,True,True
AlBr3,6,internal,True,491.826000,491.826000,0.000000,0.731873,0.739067,0.007194,0.966613,0.966617,0.000004,0.164509,0.263858,0.000000,0.000000,0.000000,0.017390,0.263858,SB,SB,True,,,True,True
AlCl3,6,internal,True,586.240600,586.240600,0.000000,0.806010,0.742202,-0.063808,0.852680,0.852683,0.000003,0.015925,0.146886,0.000000,0.000000,0.000000,0.260918,0.260918,SB,SB,True,,,True,True
GaH3,5,internal,True,1852.255400,1852.255400,0.000000,0.999028,0.998887,-0.000141,0.016699,0.016701,0.000002,0.020401,0.087577,0.000000,0.000000,0.000000,0.254039,0.254039,S,S,True,,,True,True
F4,6,internal,True,704.523200,696.410500,-8.112700,0.781532,0.842376,0.060844,0.773970,0.775900,0.001930,0.065934,0.253148,0.000000,0.000000,0.000000,0.000437,0.253148,SB,SB,True,,,True,True
NCl3,6,internal,True,645.165600,645.165500,-0.000100,0.687464,0.669425,-0.018039,0.955949,0.955956,0.000006,0.200811,0.251816,0.012701,0.080715,0.021185,0.069657,0.251816,SB,SB,True,,,True,True
FBr3,Rz,external,True,0.000000,0.000000,0.000000,0.000000,0.000000,0.000000,,,,0.250027,0.250072,0.000000,0.000000,0.000000,0.000000,0.250072,Rz,Rz,True,,,True,True
FBr3,Ty,external,True,0.000000,0.000000,0.000000,0.000000,0.000000,0.000000,,,,0.000000,0.000000,0.000000,0.000000,0.000000,0.250072,0.250072,Ty,Ty,True,,,True,True
FBr3,Tx,external,True,0.000000,0.000000,0.000000,0.000000,0.000000,0.000000,,,,0.000000,0.000000,0.000000,0.000000,0.000000,0.250027,0.250027,Tx,Tx,True,,,True,True
FBr3,4,internal,True,177.963900,177.939200,-0.024700,0.999963,0.999992,0.000029,0.006510,0.003050,-0.003460,0.249729,0.249865,0.000000,0.000000,0.000000,0.000000,0.249865,S,S,True,,,True,True
GaF3,3,internal,True,243.751500,243.751500,0.000000,0.000841,0.000795,-0.000046,0.223878,0.223881,0.000003,0.029861,0.104585,0.000000,0.000000,0.000000,0.247805,0.247805,B,B,True,,,True,True
PBr3,Tz,external,True,0.000000,0.000000,0.000000,0.000000,0.000000,0.000000,,,,0.000000,0.000000,0.000000,0.247142,0.247142,0.000000,0.247142,Tz,Tz,True,,,True,True
NCl3,5,internal,True,645.165600,645.165500,-0.000100,0.658956,0.681252,0.022296,0.955949,0.955956,0.000006,0.215829,0.238823,0.019811,0.095041,0.004809,0.079533,0.238823,SB,SB,True,,,True,True
FBr3,1,internal,True,52.964200,53.015900,0.051700,0.167690,0.201042,0.033351,0.286750,0.287240,0.000490,0.000000,0.001086,0.000000,0.000000,0.000000,0.234235,0.234235,B,SB,False,,,True,True
PBr3,Rz,external,True,0.000000,0.000000,0.000000,0.000000,0.000000,0.000000,,,,0.000000,0.000000,0.000000,0.233449,0.233449,0.000000,0.233449,Rz,Rz,True,,,True,True
NH3,Ry,external,True,0.000000,0.000000,0.000000,0.000000,0.000000,0.000000,,,,0.092951,0.000000,0.196177,0.000000,0.000000,0.231501,0.231501,Ry,Ry,True,,,True,True
NH3,Rx,external,True,0.000000,0.000000,0.000000,0.000000,0.000000,0.000000,,,,0.000000,0.092951,0.196177,0.000000,0.000000,0.231501,0.231501,Rx,Rx,True,,,True,True
InH3,3,internal,True,653.433500,653.433500,0.000000,0.034407,0.030396,-0.004011,0.011154,0.011151,-0.000003,0.229192,0.103249,0.000000,0.000000,0.000000,0.000941,0.229192,B,B,True,,,True,True
PBr3,1,internal,True,95.728700,95.728700,0.000000,0.058397,0.059047,0.000650,0.368364,0.368360,-0.000004,0.031319,0.032479,0.000336,0.212902,0.219258,0.008686,0.219258,B,B,True,,,True,True
PCl3,6,internal,True,412.478400,412.478400,0.000000,0.763904,0.771546,0.007642,0.790076,0.790076,-0.000000,0.212768,0.149905,0.001665,0.072025,0.063874,0.019924,0.212768,SB,SB,True,,,True,True
GaF3,6,internal,True,880.568900,880.568800,-0.000100,0.957881,0.958316,0.000435,0.319461,0.319462,0.000001,0.210651,0.157914,0.000000,0.000000,0.000000,0.000185,0.210651,S,S,True,,,True,True
PF3,5,internal,True,804.215500,804.215500,0.000000,0.835814,0.846633,0.010819,0.555673,0.555670,-0.000003,0.208315,0.141310,0.007051,0.135558,0.097150,0.055110,0.208315,SB,SB,True,,,True,True
NH3,1,internal,True,927.781400,927.781500,0.000100,0.106834,0.106834,0.000000,0.119480,0.119480,0.000000,0.000000,0.000000,0.000000,0.203603,0.203604,0.000000,0.203604,B,B,True,,,True,True
AsBr3,5,internal,True,257.558600,257.558500,-0.000100,0.772178,0.757792,-0.014386,0.767858,0.767858,-0.000000,0.090750,0.201353,0.007313,0.086331,0.040862,0.056621,0.201353,SB,SB,True,,,True,True
SeCl4,6,internal,True,334.777200,334.721700,-0.055500,0.997719,0.997718,-0.000001,0.000000,0.000170,0.000170,0.000000,0.000000,0.200104,0.000000,0.000000,0.000000,0.200104,S,S,True,,,True,True
SeCl4,1,internal,True,36.045700,36.112600,0.066900,0.067498,0.067523,0.000026,0.000000,0.000070,0.000070,0.000000,0.000000,0.200012,0.000000,0.000000,0.000000,0.200012,B,B,True,,,True,True
NH3,Tz,external,True,0.000000,0.000000,0.000000,0.000000,0.000000,0.000000,,,,0.000000,0.000000,0.000000,0.196177,0.196177,0.000000,0.196177,Tz,Tz,True,,,True,True
NH3,3,internal,True,1796.412400,1796.412300,-0.000100,0.031909,0.035234,0.003325,0.072421,0.072423,0.000002,0.005991,0.047273,0.077487,0.190755,0.084529,0.073766,0.190755,B,B,True,,,True,True
GaCl3,6,internal,True,457.560000,457.560000,0.000000,0.909788,0.906838,-0.002951,0.529152,0.529144,-0.000009,0.158780,0.185975,0.000000,0.000000,0.000000,0.000940,0.185975,S,S,True,,,True,True
GaH3,4,internal,True,1852.255400,1852.255400,0.000000,0.998983,0.999028,0.000045,0.016699,0.016701,0.000002,0.000146,0.031421,0.000000,0.000000,0.000000,0.185674,0.185674,S,S,True,,,True,True
GaF3,2,internal,True,243.751500,243.751500,0.000000,0.000837,0.000792,-0.000045,0.223878,0.223881,0.000003,0.048640,0.077400,0.000000,0.000000,0.000000,0.184592,0.184592,B,B,True,,,True,True
NH3,Rz,external,True,0.000000,0.000000,0.000000,0.000000,0.000000,-0.000000,,,,0.000000,0.000000,0.000000,0.173626,0.173626,0.000000,0.173626,Rz,Rz,True,,,True,True
NH3,2,internal,True,1796.412400,1796.412300,-0.000100,0.035538,0.034235,-0.001303,0.072421,0.072423,0.000002,0.079057,0.021160,0.069507,0.052725,0.170523,0.140849,0.170523,B,B,True,,,True,True
GaF3,5,internal,True,880.568900,880.568800,-0.000100,0.951588,0.948220,-0.003368,0.319461,0.319462,0.000001,0.093877,0.170057,0.000000,0.000000,0.000000,0.001310,0.170057,S,S,True,,,True,True
AsBr3,6,internal,True,257.558600,257.558500,-0.000100,0.791787,0.796318,0.004531,0.767858,0.767858,-0.000000,0.084630,0.169625,0.000314,0.061866,0.007190,0.010832,0.169625,SB,SB,True,,,True,True
AlBr3,5,internal,True,491.826000,491.826000,0.000000,0.699480,0.667301,-0.032179,0.966613,0.966617,0.000004,0.003919,0.085212,0.000000,0.000000,0.000000,0.169166,0.169166,SB,SB,True,,,True,True
PBr3,Tx,external,True,0.000000,0.000000,0.000000,0.000000,0.000000,0.000000,,,,0.000000,0.000000,0.000000,0.000000,0.145469,0.000000,0.145469,Tx,Tx,True,,,True,True
PBr3,Ty,external,True,0.000000,0.000000,0.000000,0.000000,0.000000,0.000000,,,,0.000000,0.000000,0.000000,0.145469,0.000000,0.000000,0.145469,Ty,Ty,True,,,True,True
NH3,6,internal,True,3598.687700,3598.689900,0.002200,0.997992,0.997925,-0.000067,0.079521,0.079525,0.000004,0.023801,0.013933,0.011741,0.142131,0.049117,0.140570,0.142131,S,S,True,,,True,True
PBr3,4,internal,True,324.002500,324.002500,0.000000,0.574138,0.574138,-0.000000,0.938860,0.938860,0.000000,0.000000,0.000000,0.000000,0.141541,0.141541,0.000000,0.141541,SB,SB,True,,,True,True
AsF3,5,internal,True,790.652000,790.652000,0.000000,0.955092,0.957991,0.002899,0.259017,0.259012,-0.000005,0.141399,0.108505,0.000084,0.008763,0.012514,0.007562,0.141399,S,S,True,,,True,True
GaCl3,5,internal,True,457.560000,457.560000,0.000000,0.891025,0.899723,0.008697,0.529152,0.529144,-0.000009,0.140635,0.091540,0.000000,0.000000,0.000000,0.003541,0.140635,SB,SB,True,,,True,True
NBr3,1,internal,True,130.605800,130.605800,0.000000,0.086489,0.082842,-0.003648,0.372771,0.372769,-0.000002,0.068569,0.044239,0.000161,0.044977,0.138338,0.003181,0.138338,B,B,True,,,True,True
NH3,5,internal,True,3598.687700,3598.689900,0.002200,0.997985,0.997993,0.000008,0.079521,0.079525,0.000004,0.020354,0.015025,0.001502,0.076989,0.136685,0.048853,0.136685,S,S,True,,,True,True
PBr3,2,internal,True,95.728700,95.728700,0.000000,0.056491,0.058313,0.001822,0.368364,0.368360,-0.000004,0.028145,0.024999,0.000614,0.135142,0.121413,0.004696,0.135142,B,B,True,,,True,True
InH3,4,internal,True,1774.543300,1774.543300,0.000000,0.999228,0.999161,-0.000067,0.010171,0.010169,-0.000002,0.050436,0.064070,0.000000,0.000000,0.000000,0.133144,0.133144,S,S,True,,,True,True
NF3,4,internal,True,921.113800,921.113800,0.000000,0.693156,0.721729,0.028573,0.849235,0.849235,-0.000001,0.076621,0.094469,0.057042,0.101421,0.014678,0.132439,0.132439,SB,SB,True,,,True,True
AlF3,2,internal,True,278.406200,278.406200,0.000000,0.019661,0.019632,-0.000029,0.333083,0.333085,0.000001,0.078285,0.127540,0.000000,0.000000,0.000000,0.001818,0.127540,B,B,True,,,True,True
AsF3,2,internal,True,268.111600,268.111600,0.000000,0.007339,0.007724,0.000386,0.151808,0.151806,-0.000003,0.003584,0.015444,0.018512,0.064753,0.119866,0.034078,0.119866,B,B,True,,,True,True
AsF3,4,internal,True,790.652000,790.652000,0.000000,0.957642,0.953838,-0.003805,0.259017,0.259012,-0.000005,0.102135,0.077744,0.000149,0.081121,0.119337,0.009750,0.119337,S,S,True,,,True,True
PBr3,6,internal,True,347.999500,347.999600,0.000100,0.649241,0.668963,0.019723,0.948170,0.948171,0.000001,0.113074,0.068782,0.014960,0.036152,0.011589,0.076766,0.113074,SB,SB,True,,,True,True
NCl3,1,internal,True,261.275900,261.275800,-0.000100,0.122668,0.139946,0.017278,0.300277,0.300280,0.000003,0.038049,0.053115,0.001081,0.104674,0.040779,0.010525,0.104674,B,B,True,,,True,True
PCl3,1,internal,True,149.189800,149.189700,-0.000100,0.041144,0.045960,0.004815,0.316889,0.316886,-0.000003,0.064091,0.044420,0.011152,0.064678,0.102957,0.066294,0.102957,B,B,True,,,True,True
GaH3,2,internal,True,833.954200,833.954100,-0.000100,0.042149,0.040805,-0.001344,0.018678,0.018681,0.000003,0.061740,0.098218,0.000000,0.000000,0.000000,0.102714,0.102714,B,B,True,,,True,True
PBr3,5,internal,True,347.999500,347.999600,0.000100,0.693322,0.684871,-0.008451,0.948170,0.948171,0.000001,0.099349,0.101063,0.001332,0.003155,0.000471,0.023605,0.101063,SB,SB,True,,,True,True
PCl3,5,internal,True,412.478400,412.478400,0.000000,0.773671,0.766674,-0.006997,0.790076,0.790076,-0.000000,0.023791,0.064234,0.001331,0.050600,0.100587,0.017606,0.100587,SB,SB,True,,,True,True
AlCl3,2,internal,True,139.737100,139.737000,-0.000100,0.017079,0.016608,-0.000471,0.391749,0.391752,0.000003,0.093192,0.004587,0.000000,0.000000,0.000000,0.099362,0.099362,B,B,True,,,True,True
AlCl3,1,internal,True,139.737100,139.737000,-0.000100,0.016561,0.017076,0.000515,0.391749,0.391752,0.000003,0.043019,0.083259,0.000000,0.000000,0.000000,0.098683,0.098683,B,B,True,,,True,True
PCl3,2,internal,True,149.189800,149.189700,-0.000100,0.045804,0.042432,-0.003372,0.316889,0.316886,-0.000003,0.060677,0.044702,0.010065,0.066631,0.098110,0.073681,0.098110,B,B,True,,,True,True
AsF3,1,internal,True,268.111600,268.111600,0.000000,0.007846,0.007610,-0.000236,0.151808,0.151806,-0.000003,0.033610,0.077322,0.015075,0.096022,0.078715,0.044891,0.096022,B,B,True,,,True,True
AlF3,3,internal,True,278.406200,278.406200,0.000000,0.019637,0.019607,-0.000030,0.333083,0.333085,0.000001,0.081434,0.094248,0.000000,0.000000,0.000000,0.000919,0.094248,B,B,True,,,True,True
AlBr3,2,internal,True,99.161800,99.161800,0.000000,0.033454,0.033518,0.000064,0.419903,0.419907,0.000004,0.093909,0.023346,0.000000,0.000000,0.000000,0.044807,0.093909,B,B,True,,,True,True
NH3,Tx,external,True,0.000000,0.000000,0.000000,0.000000,0.000000,0.000000,,,,0.000000,0.000000,0.000000,0.000000,0.092951,0.000000,0.092951,Tx,Tx,True,,,True,True
NH3,Ty,external,True,0.000000,0.000000,0.000000,0.000000,0.000000,0.000000,,,,0.000000,0.000000,0.000000,0.092951,0.000000,0.000000,0.092951,Ty,Ty,True,,,True,True
AlBr3,1,internal,True,99.161800,99.161800,0.000000,0.031879,0.034155,0.002275,0.419903,0.419907,0.000004,0.031830,0.092774,0.000000,0.000000,0.000000,0.038391,0.092774,B,B,True,,,True,True
BH3,3,internal,True,1251.990200,1251.990200,0.000000,0.017037,0.016391,-0.000645,0.100463,0.100472,0.000009,0.044345,0.092571,0.000000,0.000000,0.000000,0.023095,0.092571,B,B,True,,,True,True
NBr3,2,internal,True,130.605800,130.605800,0.000000,0.087286,0.086504,-0.000782,0.372771,0.372769,-0.000002,0.043865,0.067187,0.000092,0.068929,0.085613,0.005559,0.085613,B,B,True,,,True,True
BBr3,1,internal,True,169.955700,169.955700,0.000000,0.069979,0.066658,-0.003320,0.406415,0.406417,0.000002,0.081937,0.020663,0.000000,0.000000,0.000000,0.012780,0.081937,B,B,True,,,True,True
BBr3,2,internal,True,169.955700,169.955700,0.000000,0.067481,0.069627,0.002146,0.406415,0.406417,0.000002,0.021739,0.081596,0.000000,0.000000,0.000000,0.013430,0.081596,B,B,True,,,True,True
AlH3,3,internal,True,779.981400,779.981400,0.000000,0.017429,0.017075,-0.000354,0.044492,0.044495,0.000002,0.070453,0.080579,0.000000,0.000000,0.000000,0.005300,0.080579,B,B,True,,,True,True
AlF3,5,internal,True,1038.750200,1038.750200,0.000000,0.859027,0.832736,-0.026291,0.663904,0.663905,0.000001,0.057641,0.004030,0.000000,0.000000,0.000000,0.080260,0.080260,SB,SB,True,,,True,True
FBr3,6,internal,True,237.814700,237.453200,-0.361500,0.701199,0.613472,-0.087727,0.987480,0.987500,0.000020,0.056194,0.000000,0.000000,0.000000,0.000000,0.079376,0.079376,SB,SB,True,,,True,True
NCl3,2,internal,True,261.275900,261.275800,-0.000100,0.141663,0.139989,-0.001673,0.300277,0.300280,0.000003,0.049283,0.038282,0.000500,0.073662,0.054164,0.022825,0.073662,B,B,True,,,True,True
BCl3,1,internal,True,266.013700,266.013700,0.000000,0.064438,0.060013,-0.004425,0.392310,0.392314,0.000004,0.068588,0.062386,0.000000,0.000000,0.000000,0.031439,0.068588,B,B,True,,,True,True
BH3,2,internal,True,1251.990200,1251.990200,0.000000,0.017029,0.016424,-0.000605,0.100463,0.100472,0.000009,0.046806,0.058298,0.000000,0.000000,0.000000,0.067083,0.067083,B,B,True,,,True,True
BCl3,2,internal,True,266.013700,266.013700,0.000000,0.061718,0.063883,0.002165,0.392310,0.392314,0.000004,0.066210,0.064106,0.000000,0.000000,0.000000,0.034562,0.066210,B,B,True,,,True,True
GaCl3,2,internal,True,127.065700,127.065700,0.000000,0.002277,0.002397,0.000120,0.306395,0.306395,-0.000000,0.014433,0.029980,0.000000,0.000000,0.000000,0.063780,0.063780,B,B,True,,,True,True
AlH3,2,internal,True,779.981400,779.981400,0.000000,0.017396,0.017124,-0.000273,0.044492,0.044495,0.000002,0.054330,0.062613,0.000000,0.000000,0.000000,0.009312,0.062613,B,B,True,,,True,True
PF3,1,internal,True,267.705300,267.705200,-0.000100,0.025342,0.027773,0.002432,0.253839,0.253845,0.000006,0.026317,0.019507,0.013702,0.010342,0.058926,0.025857,0.058926,B,B,True,,,True,True
BH3,6,internal,True,2753.532000,2753.532000,0.000000,0.995290,0.995452,0.000162,0.108546,0.108553,0.000006,0.004984,0.055953,0.000000,0.000000,0.000000,0.029517,0.055953,S,S,True,,,True,True
AsCl3,1,internal,True,154.867700,154.867700,0.000000,0.019837,0.019817,-0.000020,0.231187,0.231189,0.000002,0.005463,0.003501,0.003797,0.055854,0.000067,0.047974,0.055854,B,B,True,,,True,True
PF3,6,internal,True,804.215500,804.215500,0.000000,0.867068,0.864972,-0.002096,0.555673,0.555670,-0.000003,0.020078,0.042368,0.000133,0.054826,0.036964,0.006671,0.054826,SB,SB,True,,,True,True
PF3,2,internal,True,267.705300,267.705200,-0.000100,0.028215,0.028023,-0.000192,0.253839,0.253845,0.000006,0.001954,0.019770,0.007087,0.025789,0.019267,0.054192,0.054192,B,B,True,,,True,True
GaCl3,1,internal,True,127.065700,127.065700,0.000000,0.002272,0.002391,0.000120,0.306395,0.306395,-0.000000,0.050948,0.045429,0.000000,0.000000,0.000000,0.024692,0.050948,B,B,True,,,True,True
PBr3,3,internal,True,133.249300,133.249300,0.000000,0.199312,0.199312,0.000000,0.540710,0.540710,0.000000,0.000002,0.000002,0.000000,0.050047,0.050047,0.000000,0.050047,SB,SB,True,,,True,True
BBr3,6,internal,True,795.989200,795.989400,0.000200,0.664297,0.681056,0.016759,0.994690,0.994688,-0.000003,0.001035,0.027861,0.000000,0.000000,0.000000,0.046620,0.046620,SB,SB,True,,,True,True
BH3,5,internal,True,2753.532000,2753.532000,0.000000,0.995455,0.995310,-0.000145,0.108546,0.108553,0.000006,0.046178,0.031050,0.000000,0.000000,0.000000,0.027386,0.046178,S,S,True,,,True,True
NF3,1,internal,True,404.902200,404.902200,0.000000,0.078904,0.077664,-0.001240,0.307412,0.307410,-0.000002,0.007395,0.018679,0.001662,0.045973,0.005545,0.015097,0.045973,B,B,True,,,True,True
PH3,6,internal,True,2305.191500,2305.191500,0.000000,0.999335,0.999335,0.000000,0.033230,0.033227,-0.000004,0.000262,0.044241,0.000391,0.033058,0.012603,0.015465,0.044241,S,S,True,,,True,True
PH3,5,internal,True,2305.191500,2305.191500,0.000000,0.999335,0.999335,0.000000,0.033230,0.033227,-0.000004,0.036047,0.037131,0.002354,0.022322,0.035527,0.040890,0.040890,S,S,True,,,True,True
XeH4,7,internal,True,1260.942100,1253.711700,-7.230400,0.974398,0.971345,-0.003053,0.012332,0.012350,0.000018,0.002109,0.038863,0.000000,0.000000,0.000000,0.000000,0.038863,S,S,True,,,True,True
XeH4,8,internal,True,1260.942100,1253.711700,-7.230400,0.974398,0.971345,-0.003053,0.012332,0.012350,0.000018,0.038863,0.002109,0.000000,0.000000,0.000000,0.000000,0.038863,S,S,True,,,True,True
AlF3,6,internal,True,1038.750200,1038.750200,0.000000,0.860577,0.870487,0.009910,0.663904,0.663905,0.000001,0.035819,0.004886,0.000000,0.000000,0.000000,0.017492,0.035819,SB,SB,True,,,True,True
NF3,5,internal,True,921.113800,921.113800,0.000000,0.753213,0.746560,-0.006653,0.849235,0.849235,-0.000001,0.010292,0.008865,0.001640,0.033582,0.000331,0.033392,0.033582,SB,SB,True,,,True,True
InH3,5,internal,True,1774.543300,1774.543300,0.000000,0.999238,0.999238,0.000000,0.010171,0.010169,-0.000002,0.000758,0.025880,0.000000,0.000000,0.000000,0.011006,0.025880,S,S,True,,,True,True
AsCl3,2,internal,True,154.867700,154.867700,0.000000,0.018703,0.017115,-0.001588,0.231187,0.231189,0.000002,0.023338,0.002783,0.013382,0.004272,0.007911,0.011081,0.023338,B,B,True,,,True,True
C6H6,28,internal,True,3209.632500,3209.632500,0.000000,0.996191,0.996194,0.000004,,,,0.023237,0.002085,0.000000,0.000000,0.000000,0.000000,0.023237,S,S,True,,,True,True
NF3,2,internal,True,404.902200,404.902200,0.000000,0.077260,0.078845,0.001585,0.307412,0.307410,-0.000002,0.020154,0.002669,0.001748,0.008922,0.019551,0.014373,0.020154,B,B,True,,,True,True
AsBr3,1,internal,True,87.927800,87.927700,-0.000100,0.030846,0.032330,0.001484,0.321580,0.321581,0.000001,0.006726,0.011753,0.002104,0.019795,0.007148,0.001214,0.019795,B,B,True,,,True,True
TeH6,4,internal,True,975.780800,975.780800,0.000000,0.051842,0.050919,-0.000924,0.016073,0.016075,0.000003,0.000006,0.013987,0.014258,0.000000,0.000000,0.000000,0.014258,B,B,True,,,True,True
TeH6,5,internal,True,975.780800,975.780800,0.000000,0.051813,0.050890,-0.000924,0.016073,0.016075,0.000003,0.000049,0.014258,0.013987,0.000000,0.000000,0.000000,0.014258,B,B,True,,,True,True
AsBr3,2,internal,True,87.927800,87.927700,-0.000100,0.035006,0.035139,0.000132,0.321580,0.321581,0.000001,0.006768,0.004587,0.000206,0.010066,0.011050,0.013371,0.013371,B,B,True,,,True,True
SbH3,5,internal,True,1929.892500,1929.892500,0.000000,0.999946,0.999946,-0.000001,0.008520,0.008520,0.000000,0.013126,0.000545,0.008251,0.000546,0.000019,0.000732,0.013126,S,S,True,,,True,True
GaH3,3,internal,True,833.954200,833.954100,-0.000100,0.041557,0.039289,-0.002267,0.018678,0.018681,0.000003,0.002340,0.012783,0.000000,0.000000,0.000000,0.000254,0.012783,B,B,True,,,True,True
NH3,4,internal,True,3443.751900,3443.754200,0.002300,0.998091,0.998091,-0.000000,0.027040,0.027040,0.000000,0.000003,0.000003,0.000000,0.010634,0.010634,0.000000,0.010634,S,S,True,,,True,True
PH3,2,internal,True,1169.072500,1169.072500,0.000000,0.024737,0.024743,0.000006,0.025887,0.025890,0.000003,0.000130,0.002927,0.000265,0.009334,0.000104,0.010554,0.010554,B,B,True,,,True,True
SnH4,6,internal,True,1928.092600,1928.092600,0.000000,0.999331,0.999297,-0.000034,0.009249,0.009249,-0.000000,0.008748,0.009803,0.008562,0.000122,0.000814,0.000813,0.009803,S,S,True,,,True,True
TeH6,13,internal,True,1694.784500,1694.784500,0.000000,0.997910,0.997910,0.000000,0.009808,0.009810,0.000002,0.000000,0.009679,0.009588,0.000000,0.000000,0.000000,0.009679,S,S,True,,,True,True
TeH6,12,internal,True,1694.784500,1694.784500,0.000000,0.997929,0.997930,0.000000,0.009808,0.009810,0.000002,0.000000,0.009588,0.009679,0.000000,0.000000,0.000000,0.009679,S,S,True,,,True,True
XeH4,2,internal,True,576.238100,578.679400,2.441300,0.024148,0.024111,-0.000037,0.008840,0.008820,-0.000020,0.008546,0.000125,0.000000,0.000000,0.000000,0.000000,0.008546,B,B,True,,,True,True
XeH4,3,internal,True,576.238100,578.679400,2.441300,0.024148,0.024111,-0.000037,0.008840,0.008820,-0.000020,0.000125,0.008546,0.000000,0.000000,0.000000,0.000000,0.008546,B,B,True,,,True,True
AlH3,5,internal,True,1935.760500,1935.760500,0.000000,0.999658,0.999658,-0.000000,0.044454,0.044455,0.000001,0.000130,0.007838,0.000000,0.000000,0.000000,0.003250,0.007838,S,S,True,,,True,True
AlH3,6,internal,True,1935.760500,1935.760500,0.000000,0.999658,0.999658,0.000000,0.044454,0.044455,0.000001,0.006629,0.004699,0.000000,0.000000,0.000000,0.004462,0.006629,S,S,True,,,True,True
PH3,3,internal,True,1169.072500,1169.072500,0.000000,0.020633,0.020289,-0.000343,0.025887,0.025890,0.000003,0.001830,0.000114,0.005181,0.000208,0.000768,0.000361,0.005181,B,B,True,,,True,True
SnH4,2,internal,True,719.799600,719.799600,0.000000,0.031679,0.031616,-0.000063,0.014228,0.014229,0.000002,0.003848,0.003423,0.000101,0.003434,0.002756,0.001562,0.003848,B,B,True,,,True,True
ClH3,3,internal,True,859.719600,856.351300,-3.368300,0.200615,0.197282,-0.003332,0.036430,0.036290,-0.000140,0.003165,0.000000,0.000000,0.000000,0.000000,0.002238,0.003165,SB,SB,True,,,True,True
F4,4,internal,True,597.631800,595.125100,-2.506700,0.999842,0.999996,0.000154,0.016530,0.003370,-0.013160,0.000000,0.002440,0.000000,0.000000,0.000000,0.000000,0.002440,S,S,True,,,True,True
F4,Rz,external,True,0.000000,0.000000,0.000000,0.000000,0.000000,-0.000000,,,,0.002043,0.000000,0.000000,0.000000,0.000000,0.000000,0.002043,Rz,Rz,True,,,True,True
F4,Tx,external,True,0.000000,0.000000,0.000000,0.000000,0.000000,0.000000,,,,0.000000,0.000000,0.000000,0.000000,0.000000,0.002043,0.002043,Tx,Tx,True,,,True,True
SnH4,3,internal,True,719.799600,719.799600,0.000000,0.024441,0.024419,-0.000023,0.014236,0.014233,-0.000002,0.001264,0.001962,0.000953,0.000950,0.001481,0.001169,0.001962,B,B,True,,,True,True
AsCl3,5,internal,True,406.619300,406.619300,0.000000,0.888735,0.888110,-0.000625,0.457235,0.457229,-0.000007,0.001154,0.001220,0.000125,0.001680,0.001399,0.001958,0.001958,SB,SB,True,,,True,True
SnH4,1,internal,True,719.799600,719.799600,0.000000,0.022212,0.022122,-0.000089,0.014234,0.014234,-0.000000,0.001634,0.001627,0.000221,0.000682,0.000681,0.000010,0.001634,B,B,True,,,True,True
AsCl3,4,internal,True,406.619300,406.619300,0.000000,0.901490,0.901666,0.000176,0.457235,0.457229,-0.000007,0.000393,0.001192,0.000006,0.001525,0.000153,0.000466,0.001525,SB,SB,True,,,True,True
F4,1,internal,True,135.847700,146.149600,10.301900,0.003822,0.000606,-0.003216,0.388540,0.386400,-0.002140,0.000424,0.000002,0.000000,0.000000,0.000000,0.001377,0.001377,B,B,True,,,True,True
BF3,6,internal,True,1583.603200,1583.603200,0.000000,0.694208,0.694356,0.000148,0.915513,0.915514,0.000001,0.001330,0.000051,0.000000,0.000000,0.000000,0.000060,0.001330,SB,SB,True,,,True,True
SnH4,7,internal,True,1928.092600,1928.092600,0.000000,0.999590,0.999590,-0.000000,0.009244,0.009245,0.000002,0.001290,0.000506,0.000404,0.000659,0.000619,0.000212,0.001290,S,S,True,,,True,True
ClH3,4,internal,True,1241.740600,1242.579100,0.838500,0.903119,0.905849,0.002730,0.028910,0.029090,0.000180,0.000131,0.000000,0.000000,0.000000,0.000000,0.001224,0.001224,SB,S,False,,,True,True
F4,2,internal,True,161.794100,146.164500,-15.629600,0.012218,0.003636,-0.008582,0.379630,0.384670,0.005040,0.000002,0.000947,0.000000,0.000000,0.000000,0.000001,0.000947,B,B,True,,,True,True
ClH3,6,internal,True,2679.508100,2684.372400,4.864300,0.996633,0.996635,0.000003,0.029620,0.029620,0.000000,0.000000,0.000630,0.000000,0.000000,0.000000,0.000000,0.000630,S,S,True,,,True,True
SeF4,2,internal,True,233.750300,233.600200,-0.150100,0.000077,0.000066,-0.000011,0.230170,0.230250,0.000080,0.000000,0.000282,0.000000,0.000540,0.000000,0.000000,0.000540,B,B,True,,,True,True
ClH3,5,internal,True,1250.496700,1251.908600,1.411900,0.999542,0.999560,0.000018,0.001750,0.001770,0.000020,0.000000,0.000290,0.000000,0.000000,0.000000,0.000000,0.000290,S,S,True,,,True,True
SeF4,8,internal,True,720.998500,721.857900,0.859400,0.912275,0.912248,-0.000026,0.250260,0.250150,-0.000110,0.000000,0.000189,0.000000,0.000008,0.000000,0.000000,0.000189,S,S,True,,,True,True
SeF4,5,internal,True,381.905200,381.789700,-0.115500,0.014007,0.014036,0.000029,0.165360,0.165360,0.000000,0.000134,0.000000,0.000000,0.000000,0.000010,0.000000,0.000134,B,B,True,,,True,True
SeF4,6,internal,True,580.150800,579.751900,-0.398900,0.999140,0.999122,-0.000018,0.015670,0.015100,-0.000570,0.000000,0.000000,0.000074,0.000000,0.000000,0.000000,0.000074,S,S,True,,,True,True
ClF3,5,internal,True,581.601700,581.471900,-0.129800,0.888102,0.888170,0.000069,0.455050,0.455020,-0.000030,0.000000,0.000050,0.000000,0.000000,0.000000,0.000000,0.000050,SB,SB,True,,,True,True
SeF4,9,internal,True,736.606100,737.414400,0.808300,0.927207,0.927236,0.000029,0.228780,0.228870,0.000090,0.000000,0.000000,0.000045,0.000000,0.000000,0.000000,0.000045,S,S,True,,,True,True
SeF4,1,internal,True,158.980200,159.466000,0.485800,0.043482,0.043159,-0.000323,0.027240,0.027370,0.000130,0.000000,0.000000,0.000033,0.000000,0.000000,0.000000,0.000033,B,B,True,,,True,True
OCl4,9,internal,True,551.061800,551.126600,0.064800,0.487006,0.487012,0.000007,0.956810,0.956810,0.000000,0.000000,0.000008,0.000000,0.000027,0.000000,0.000000,0.000027,SB,SB,True,,,True,True
SeCl4,7,internal,True,388.162000,388.095900,-0.066100,0.926812,0.926792,-0.000020,0.249610,0.249630,0.000020,0.000000,0.000000,0.000025,0.000000,0.000000,0.000000,0.000025,S,S,True,,,True,True
OCl4,6,internal,True,254.059300,254.113100,0.053800,1.000000,1.000000,0.000000,0.000340,0.000310,-0.000030,0.000000,0.000000,0.000023,0.000000,0.000000,0.000000,0.000023,S,S,True,,,True,True
SeF4,7,internal,True,644.237100,643.541900,-0.695200,0.892201,0.892186,-0.000015,0.325050,0.325070,0.000020,0.000018,0.000000,0.000000,0.000000,0.000010,0.000000,0.000018,SB,SB,True,,,True,True
SF4,7,internal,True,814.123200,814.186500,0.063300,0.733352,0.733349,-0.000002,0.545620,0.545600,-0.000020,0.000000,0.000000,0.000017,0.000000,0.000000,0.000000,0.000017,SB,SB,True,,,True,True
ClF3,3,internal,True,306.365700,306.441000,0.075300,0.060931,0.060917,-0.000014,0.134550,0.134540,-0.000010,0.000007,0.000000,0.000000,0.000000,0.000000,0.000015,0.000015,B,B,True,,,True,True
ClH3,2,internal,True,799.089700,798.975000,-0.114700,0.033301,0.032713,-0.000588,0.038880,0.038880,0.000000,0.000000,0.000012,0.000000,0.000000,0.000000,0.000000,0.000012,B,B,True,,,True,True
ClF3,1,internal,True,231.582000,231.685800,0.103800,0.104846,0.104694,-0.000152,0.430250,0.430280,0.000030,0.000000,0.000009,0.000000,0.000000,0.000000,0.000000,0.000009,B,B,True,,,True,True
SeF4,4,internal,True,348.134700,348.197600,0.062900,0.068025,0.067903,-0.000122,0.300620,0.300570,-0.000050,0.000004,0.000000,0.000008,0.000000,0.000004,0.000005,0.000008,B,B,True,,,True,True
SF4,9,internal,True,866.910500,867.000200,0.089700,0.750411,0.750404,-0.000006,0.564510,0.564510,0.000000,0.000000,0.000003,0.000000,0.000004,0.000000,0.000000,0.000004,SB,SB,True,,,True,True
SF4,8,internal,True,847.472700,847.405500,-0.067200,0.720416,0.720404,-0.000012,0.674930,0.674940,0.000010,0.000000,0.000000,0.000000,0.000000,0.000000,0.000000,0.000000,SB,SB,True,,,True,True
ClH3,1,internal,True,758.379600,758.940300,0.560700,0.000000,0.000000,0.000000,0.036450,0.036450,0.000000,0.000000,0.000000,0.000000,0.000000,0.000000,0.000000,0.000000,B,B,True,,,True,True
F4,3,internal,True,360.764800,361.811900,1.047100,0.000000,0.000000,0.000000,0.866020,0.866030,0.000010,0.000000,0.000000,0.000000,0.000000,0.000000,0.000000,0.000000,B,B,True,,,True,True
SeF4,3,internal,True,347.452600,347.198400,-0.254200,0.000000,0.000000,0.000000,0.000000,0.000000,0.000000,0.000000,0.000000,0.000000,0.000000,0.000000,0.000000,0.000000,B,B,True,,,True,True
XeH4,1,internal,True,238.212400,246.714100,8.501700,0.000000,0.000000,0.000000,0.000000,0.000000,0.000000,0.000000,0.000000,0.000000,0.000000,0.000000,0.000000,0.000000,B,B,True,,,True,True
XeH4,4,internal,True,698.515300,699.254100,0.738800,0.000000,0.000000,0.000000,0.000000,0.000000,0.000000,0.000000,0.000000,0.000000,0.000000,0.000000,0.000000,0.000000,B,B,True,,,True,True
XeH4,5,internal,True,719.798900,721.291100,1.492200,0.000000,0.000000,0.000000,0.015280,0.015280,0.000000,0.000000,0.000000,0.000000,0.000000,0.000000,0.000000,0.000000,B,B,True,,,True,True
XeH4,6,internal,True,1250.944600,1243.357800,-7.586800,1.000000,1.000000,0.000000,0.000000,0.000000,0.000000,0.000000,0.000000,0.000000,0.000000,0.000000,0.000000,0.000000,S,S,True,,,True,True
XeH4,9,internal,True,1281.178100,1268.351400,-12.826700,1.000000,1.000000,0.000000,0.000000,0.000000,0.000000,0.000000,0.000000,0.000000,0.000000,0.000000,0.000000,0.000000,S,S,True,,,True,True
OCl4,1,internal,True,104.637100,104.626700,-0.010400,0.025059,0.025703,0.000644,0.032090,0.033030,0.000940,0.000002,0.000000,0.000794,0.000000,0.000000,0.000000,0.000794,B,B,True,,,True,False
C6H6,29,internal,True,3209.632500,3209.632500,0.000000,0.995386,0.995324,-0.000062,,,,0.000129,0.000661,0.000000,0.000000,0.000000,0.000000,0.000661,S,S,True,,,True,False
SbH3,3,internal,True,832.918500,832.918500,0.000000,0.007843,0.007839,-0.000005,0.006350,0.006350,-0.000000,0.000002,0.000002,0.000001,0.000586,0.000001,0.000491,0.000586,B,B,True,,,True,False
BF3,1,internal,True,484.220900,484.220900,0.000000,0.046586,0.046526,-0.000060,0.377871,0.377870,-0.000001,0.000271,0.000000,0.000000,0.000000,0.000000,0.000001,0.000271,B,B,True,,,True,False
BF3,2,internal,True,484.220900,484.220900,0.000000,0.050354,0.050353,-0.000001,0.377871,0.377870,-0.000001,0.000001,0.000205,0.000000,0.000000,0.000000,0.000265,0.000265,B,B,True,,,True,False
SeF4,Rx,external,True,0.000000,0.000000,0.000000,0.000000,0.000000,0.000000,,,,0.000000,0.000261,0.000000,0.000000,0.000000,0.000000,0.000261,Rx,Rx,True,,,True,False
SeF4,Ty,external,True,0.000000,0.000000,0.000000,0.000000,0.000000,0.000000,,,,0.000000,0.000000,0.000000,0.000261,0.000000,0.000000,0.000261,Ty,Ty,True,,,True,False
SbH3,2,internal,True,832.918500,832.918500,0.000000,0.006427,0.006424,-0.000004,0.006350,0.006350,-0.000000,0.000227,0.000000,0.000250,0.000001,0.000204,0.000001,0.000250,B,B,True,,,True,False
C6H6,27,internal,True,3191.891000,3191.891000,0.000000,0.987785,0.987785,0.000000,,,,0.000000,0.000000,0.000000,0.000000,0.000000,0.000199,0.000199,S,S,True,,,True,False
SnH4,8,internal,True,1928.092600,1928.092600,0.000000,0.999591,0.999591,-0.000000,0.009249,0.009244,-0.000005,0.000133,0.000108,0.000193,0.000071,0.000116,0.000047,0.000193,S,S,True,,,True,False
OCl4,3,internal,True,106.157100,106.155800,-0.001300,0.233536,0.233439,-0.000097,0.362890,0.362860,-0.000030,0.000000,0.000000,0.000178,0.000000,0.000004,0.000000,0.000178,SB,SB,True,,,True,False
SeF4,Ry,external,True,0.000000,0.000000,0.000000,0.000000,0.000000,-0.000000,,,,0.000145,0.000000,0.000000,0.000000,0.000000,0.000000,0.000145,Ry,Ry,True,,,True,False
SeF4,Tx,external,True,0.000000,0.000000,0.000000,0.000000,0.000000,0.000000,,,,0.000000,0.000000,0.000000,0.000000,0.000145,0.000000,0.000145,Tx,Tx,True,,,True,False
C6H6,24,internal,True,1598.898700,1598.898700,0.000000,0.311421,0.311500,0.000079,,,,0.000000,0.000000,0.000000,0.000000,0.000000,0.000142,0.000142,SB,SB,True,,,True,False
BF3,5,internal,True,1583.603200,1583.603200,0.000000,0.772902,0.772901,-0.000001,0.915513,0.915514,0.000001,0.000001,0.000061,0.000000,0.000000,0.000000,0.000095,0.000095,SB,SB,True,,,True,False
C6H6,21,internal,True,1532.846500,1532.846500,0.000000,0.082327,0.082328,0.000001,,,,0.000014,0.000088,0.000000,0.000000,0.000000,0.000000,0.000088,B,B,True,,,True,False
SbH5,10,internal,True,1902.907900,1902.907900,0.000000,0.992718,0.992718,-0.000000,0.009450,0.009450,0.000000,0.000000,0.000000,0.000061,0.000000,0.000000,0.000000,0.000061,S,S,True,,,True,False
SF4,6,internal,True,585.996000,585.958800,-0.037200,0.998923,0.998917,-0.000006,0.002830,0.002730,-0.000100,0.000000,0.000000,0.000056,0.000000,0.000000,0.000000,0.000056,S,S,True,,,True,False
C6H6,13,internal,True,1056.390100,1056.390100,0.000000,0.202612,0.202608,-0.000004,,,,0.000004,0.000049,0.000000,0.000000,0.000000,0.000000,0.000049,SB,SB,True,,,True,False
CSe2,1,internal,True,327.994900,327.994900,0.000000,0.000000,0.000000,0.000000,0.994410,0.994410,0.000000,0.000000,0.000000,0.000042,0.000000,0.000000,0.000000,0.000042,B,B,True,,,True,False
CSe2,2,internal,True,327.994900,327.994900,0.000000,0.000000,0.000000,0.000000,0.994410,0.994410,0.000000,0.000000,0.000042,0.000000,0.000000,0.000000,0.000000,0.000042,B,B,True,,,True,False
C6H6,23,internal,True,1598.898700,1598.898700,0.000000,0.305545,0.305386,-0.000159,,,,0.000000,0.000000,0.000000,0.000000,0.000000,0.000035,0.000035,SB,SB,True,,,True,False
TeH6,7,internal,True,1088.222300,1088.222300,0.000000,0.000000,0.000000,0.000000,0.000000,0.000000,0.000000,0.000000,0.000000,0.000000,0.000000,0.000035,0.000035,0.000035,B,B,True,,,True,False
TeH6,9,internal,True,1088.222300,1088.222300,0.000000,0.000000,0.000000,0.000000,0.000000,0.000000,0.000000,0.000000,0.000000,0.000000,0.000000,0.000035,0.000035,0.000035,B,B,True,,,True,False
C6H6,26,internal,True,3191.891000,3191.891000,0.000000,0.988217,0.988215,-0.000002,,,,0.000000,0.000000,0.000000,0.000000,0.000000,0.000033,0.000033,S,S,True,,,True,False
ClF3,Rz,external,True,0.000000,0.000000,0.000000,0.000000,0.000000,-0.000000,,,,0.000029,0.000000,0.000000,0.000000,0.000000,0.000000,0.000029,Rz,Rz,True,,,True,False
ClF3,Tx,external,True,0.000000,0.000000,0.000000,0.000000,0.000000,0.000000,,,,0.000000,0.000000,0.000000,0.000000,0.000000,0.000029,0.000029,Tx,Tx,True,,,True,False
C6H6,18,internal,True,1247.140300,1247.140300,0.000000,0.059200,0.059218,0.000017,,,,0.000000,0.000000,0.000000,0.000000,0.000000,0.000025,0.000025,B,B,True,,,True,False
C6H6,4,internal,True,645.892600,645.892600,0.000000,0.053399,0.053406,0.000006,,,,0.000000,0.000000,0.000000,0.000000,0.000000,0.000024,0.000024,B,B,True,,,True,False
C6H6,14,internal,True,1056.390100,1056.390100,0.000000,0.227427,0.227433,0.000007,,,,0.000023,0.000010,0.000000,0.000000,0.000000,0.000000,0.000023,SB,SB,True,,,True,False
SeCl4,2,internal,True,198.591700,198.594900,0.003200,0.019206,0.019176,-0.000029,0.555210,0.555200,-0.000010,0.000000,0.000000,0.000023,0.000000,0.000000,0.000000,0.000023,B,B,True,,,True,False
ClF3,6,internal,True,684.452400,684.436100,-0.016300,0.845024,0.845033,0.000008,0.628220,0.628210,-0.000010,0.000010,0.000000,0.000000,0.000000,0.000000,0.000023,0.000023,SB,SB,True,,,True,False
SbH5,6,internal,True,1097.106200,1097.106200,0.000000,0.000000,0.000000,0.000000,0.000000,0.000000,0.000000,0.000000,0.000000,0.000000,0.000000,0.000000,0.000022,0.000022,B,B,True,,,True,False
C6H6,3,internal,True,645.892600,645.892600,0.000000,0.052013,0.052030,0.000017,,,,0.000000,0.000000,0.000000,0.000000,0.000000,0.000020,0.000020,B,B,True,,,True,False
SeCl4,3,internal,True,217.475400,217.457800,-0.017600,0.001453,0.001449,-0.000004,0.271920,0.271910,-0.000010,0.000000,0.000011,0.000000,0.000020,0.000000,0.000000,0.000020,B,B,True,,,True,False
SbH5,7,internal,True,1097.106200,1097.106200,0.000000,0.000000,0.000000,0.000000,0.000000,0.000000,0.000000,0.000000,0.000000,0.000000,0.000000,0.000018,0.000000,0.000018,B,B,True,,,True,False
C6H6,22,internal,True,1532.846500,1532.846500,0.000000,0.091021,0.091021,-0.000000,,,,0.000017,0.000003,0.000000,0.000000,0.000000,0.000000,0.000017,B,B,True,,,True,False
ClBr3,6,internal,True,227.520700,227.522400,0.001700,0.763034,0.763035,0.000001,0.942520,0.942520,0.000000,0.000016,0.000000,0.000000,0.000000,0.000000,0.000000,0.000016,SB,SB,True,,,True,False
C6H6,17,internal,True,1247.140300,1247.140300,0.000000,0.059004,0.058988,-0.000016,,,,0.000000,0.000000,0.000000,0.000000,0.000000,0.000015,0.000015,B,B,True,,,True,False
SF4,2,internal,True,321.257900,321.258000,0.000100,0.000582,0.000584,0.000002,0.354370,0.354360,-0.000010,0.000000,0.000004,0.000000,0.000014,0.000000,0.000000,0.000014,B,B,True,,,True,False
OCl4,4,internal,True,106.180200,106.192400,0.012200,0.126607,0.126586,-0.000021,0.364030,0.364050,0.000020,0.000000,0.000012,0.000000,0.000004,0.000000,0.000000,0.000012,B,B,True,,,True,False
SeCl4,Ry,external,True,0.000000,0.000000,0.000000,0.000000,0.000000,-0.000000,,,,0.000012,0.000000,0.000000,0.000000,0.000000,0.000000,0.000012,Ry,Ry,True,,,True,False
SeCl4,Tx,external,True,0.000000,0.000000,0.000000,0.000000,0.000000,0.000000,,,,0.000000,0.000000,0.000000,0.000000,0.000012,0.000000,0.000012,Tx,Tx,True,,,True,False
SF4,4,internal,True,451.524000,451.514800,-0.009200,0.049370,0.049376,0.000007,0.210380,0.210380,0.000000,0.000007,0.000000,0.000000,0.000000,0.000011,0.000000,0.000011,B,B,True,,,True,False
SeH4,4,internal,True,1306.854400,1306.852900,-0.001500,0.122590,0.122597,0.000006,0.019940,0.019940,0.000000,0.000011,0.000000,0.000000,0.000000,0.000007,0.000000,0.000011,B,B,True,,,True,False
SeCl4,Rx,external,True,0.000000,0.000000,0.000000,0.000000,0.000000,0.000000,,,,0.000000,0.000010,0.000000,0.000000,0.000000,0.000000,0.000010,Rx,Rx,True,,,True,False
SeCl4,Ty,external,True,0.000000,0.000000,0.000000,0.000000,0.000000,0.000000,,,,0.000000,0.000000,0.000000,0.000010,0.000000,0.000000,0.000010,Ty,Ty,True,,,True,False
SbH3,4,internal,True,1929.892500,1929.892500,0.000000,0.999947,0.999947,-0.000000,0.008520,0.008520,0.000000,0.000002,0.000004,0.000002,0.000003,0.000000,0.000009,0.000009,S,S,True,,,True,False
SbH5,4,internal,True,878.296000,878.296000,0.000000,0.017903,0.017903,0.000001,0.015060,0.015060,0.000000,0.000000,0.000008,0.000001,0.000001,0.000000,0.000000,0.000008,B,B,True,,,True,False
SF4,5,internal,True,456.272900,456.267800,-0.005100,0.131730,0.131745,0.000015,0.439720,0.439740,0.000020,0.000000,0.000000,0.000008,0.000000,0.000000,0.000000,0.000008,B,B,True,,,True,False
OCl4,Rx,external,True,0.000000,0.000000,0.000000,0.000000,0.000000,0.000000,,,,0.000000,0.000008,0.000000,0.000000,0.000000,0.000000,0.000008,Rx,Rx,True,,,True,False
OCl4,Ty,external,True,0.000000,0.000000,0.000000,0.000000,0.000000,0.000000,,,,0.000000,0.000000,0.000000,0.000008,0.000000,0.000000,0.000008,Ty,Ty,True,,,True,False
FCl3,6,internal,True,272.675100,272.675100,0.000000,0.720898,0.720900,0.000002,0.944400,0.944400,0.000000,0.000007,0.000000,0.000000,0.000000,0.000000,0.000000,0.000007,SB,SB,True,,,True,False
SeCl4,4,internal,True,217.477200,217.465200,-0.012000,0.001453,0.001449,-0.000005,0.271920,0.271900,-0.000020,0.000001,0.000000,0.000000,0.000000,0.000007,0.000000,0.000007,B,B,True,,,True,False
SeH4,3,internal,True,1306.780200,1306.777800,-0.002400,0.122554,0.122550,-0.000004,0.019940,0.019940,0.000000,0.000000,0.000006,0.000000,0.000005,0.000000,0.000000,0.000006,B,B,True,,,True,False
ClBr3,1,internal,True,40.745000,40.744700,-0.000300,0.012009,0.012006,-0.000003,0.432020,0.432020,0.000000,0.000002,0.000006,0.000000,0.000000,0.000000,0.000004,0.000006,B,B,True,,,True,False
XeOH4,3,internal,True,413.575500,413.576300,0.000800,0.131536,0.131527,-0.000009,0.002160,0.002160,0.000000,0.000000,0.000006,0.000000,0.000000,0.000000,0.000000,0.000006,B,B,True,,,True,False
XeOH4,4,internal,True,413.575600,413.576300,0.000700,0.131536,0.131527,-0.000009,0.002160,0.002160,0.000000,0.000000,0.000000,0.000006,0.000000,0.000000,0.000000,0.000006,B,B,True,,,True,False
SH4,Ry,external,True,0.000000,0.000000,0.000000,0.000000,0.000000,0.000000,,,,0.000006,0.000000,0.000000,0.000000,0.000000,0.000000,0.000006,Ry,Ry,True,,,True,False
SH4,Tx,external,True,0.000000,0.000000,0.000000,0.000000,0.000000,0.000000,,,,0.000000,0.000000,0.000000,0.000000,0.000006,0.000000,0.000006,Tx,Tx,True,,,True,False
OCl4,Ry,external,True,0.000000,0.000000,0.000000,0.000000,0.000000,0.000000,,,,0.000006,0.000000,0.000000,0.000000,0.000000,0.000000,0.000006,Ry,Ry,True,,,True,False
OCl4,Tx,external,True,0.000000,0.000000,0.000000,0.000000,0.000000,0.000000,,,,0.000000,0.000000,0.000000,0.000000,0.000006,0.000000,0.000006,Tx,Tx,True,,,True,False
SeH4,1,internal,True,449.191300,449.204300,0.013000,0.325071,0.325075,0.000004,0.000010,0.000010,0.000000,0.000000,0.000000,0.000006,0.000000,0.000000,0.000000,0.000006,SB,SB,True,,,True,False
SbH5,3,internal,True,878.296000,878.296000,0.000000,0.015223,0.015223,0.000000,0.015060,0.015060,0.000000,0.000000,0.000000,0.000005,0.000000,0.000000,0.000000,0.000005,B,B,True,,,True,False
OCl4,5,internal,True,106.333500,106.346500,0.013000,0.126458,0.126418,-0.000040,0.363960,0.363990,0.000030,0.000005,0.000000,0.000001,0.000000,0.000001,0.000000,0.000005,B,B,True,,,True,False
XeOH4,11,internal,True,1817.836200,1817.843000,0.006800,0.903682,0.903682,0.000000,0.013620,0.013620,0.000000,0.000000,0.000000,0.000000,0.000000,0.000000,0.000005,0.000005,S,S,True,,,True,False
XeOH4,12,internal,True,1817.836200,1817.843000,0.006800,0.903682,0.903682,0.000000,0.013620,0.013620,0.000000,0.000000,0.000000,0.000000,0.000000,0.000005,0.000000,0.000005,S,S,True,,,True,False
ClBr3,2,internal,True,40.770800,40.771000,0.000200,0.012379,0.012381,0.000003,0.431680,0.431680,0.000000,0.000005,0.000000,0.000000,0.000000,0.000000,0.000001,0.000005,B,B,True,,,True,False
ClBr3,5,internal,True,227.350100,227.348200,-0.001900,0.681522,0.681519,-0.000004,0.942570,0.942570,0.000000,0.000005,0.000003,0.000000,0.000000,0.000000,0.000003,0.000005,SB,SB,True,,,True,False
SbH5,11,internal,True,1902.907900,1902.907900,0.000000,0.993377,0.993377,0.000000,0.009450,0.009450,0.000000,0.000000,0.000001,0.000002,0.000004,0.000000,0.000000,0.000004,S,S,True,,,True,False
SH4,2,internal,True,843.664000,843.636500,-0.027500,0.283448,0.283458,0.000010,0.000010,0.000010,0.000000,0.000000,0.000000,0.000004,0.000000,0.000000,0.000000,0.000004,SB,SB,True,,,True,False
SeH4,6,internal,True,1583.396700,1583.399300,0.002600,0.945690,0.945690,0.000000,0.000000,0.000000,0.000000,0.000000,0.000000,0.000004,0.000000,0.000000,0.000000,0.000004,S,S,True,,,True,False
ClH3,Rz,external,True,0.000000,0.000000,0.000000,0.000000,0.000000,0.000000,,,,0.000003,0.000000,0.000000,0.000000,0.000000,0.000000,0.000003,Rz,Rz,True,,,True,False
ClH3,Tx,external,True,0.000000,0.000000,0.000000,0.000000,0.000000,0.000000,,,,0.000000,0.000000,0.000000,0.000000,0.000000,0.000003,0.000003,Tx,Tx,True,,,True,False
SH4,5,internal,True,1584.821800,1584.824400,0.002600,0.958985,0.958982,-0.000003,0.000000,0.000000,0.000000,0.000000,0.000000,0.000003,0.000000,0.000000,0.000000,0.000003,S,S,True,,,True,False
XeOH4,5,internal,True,485.864000,485.865800,0.001800,0.161152,0.161148,-0.000004,0.009920,0.009920,0.000000,0.000000,0.000000,0.000003,0.000000,0.000002,0.000000,0.000003,B,B,True,,,True,False
XeOH4,6,internal,True,485.864000,485.865800,0.001800,0.161152,0.161148,-0.000004,0.009920,0.009920,0.000000,0.000000,0.000003,0.000000,0.000000,0.000000,0.000002,0.000003,B,B,True,,,True,False
SF4,1,internal,True,132.148300,132.143800,-0.004500,0.056024,0.056024,-0.000000,0.006370,0.006360,-0.000010,0.000000,0.000000,0.000003,0.000000,0.000000,0.000000,0.000003,B,B,True,,,True,False
TeH6,1,internal,True,880.032500,880.032500,0.000000,0.000000,0.000000,0.000000,0.000000,0.000000,0.000000,0.000000,0.000003,0.000003,0.000000,0.000000,0.000000,0.000003,B,B,True,,,True,False
TeH6,3,internal,True,880.032500,880.032500,0.000000,0.000000,0.000000,0.000000,0.000000,0.000000,0.000000,0.000000,0.000003,0.000003,0.000000,0.000000,0.000000,0.000003,B,B,True,,,True,False
SeH4,Ry,external,True,0.000000,0.000000,0.000000,0.000000,0.000000,0.000000,,,,0.000003,0.000000,0.000000,0.000000,0.000000,0.000000,0.000003,Ry,Ry,True,,,True,False
SeH4,Tx,external,True,0.000000,0.000000,0.000000,0.000000,0.000000,0.000000,,,,0.000000,0.000000,0.000000,0.000000,0.000003,0.000000,0.000003,Tx,Tx,True,,,True,False
SeH4,7,internal,True,1603.165500,1603.160300,-0.005200,0.919357,0.919356,-0.000001,0.011400,0.011400,0.000000,0.000001,0.000000,0.000000,0.000000,0.000003,0.000000,0.000003,S,S,True,,,True,False
SH4,Rx,external,True,0.000000,0.000000,0.000000,0.000000,0.000000,0.000000,,,,0.000000,0.000003,0.000000,0.000000,0.000000,0.000000,0.000003,Rx,Rx,True,,,True,False
SH4,Ty,external,True,0.000000,0.000000,0.000000,0.000000,0.000000,0.000000,,,,0.000000,0.000000,0.000000,0.000003,0.000000,0.000000,0.000003,Ty,Ty,True,,,True,False
OBr4,4,internal,True,85.920900,85.920800,-0.000100,0.133744,0.133747,0.000002,0.376130,0.376130,0.000000,0.000000,0.000002,0.000002,0.000003,0.000000,0.000000,0.000003,B,B,True,,,True,False
OBr4,5,internal,True,85.925100,85.925000,-0.000100,0.133736,0.133738,0.000002,0.376130,0.376130,0.000000,0.000002,0.000000,0.000002,0.000000,0.000003,0.000000,0.000003,B,B,True,,,True,False
SH4,7,internal,True,1634.949100,1634.950000,0.000900,0.752479,0.752446,-0.000033,0.014920,0.014910,-0.000010,0.000000,0.000000,0.000000,0.000002,0.000000,0.000000,0.000002,SB,SB,True,,,True,False
FCl3,4,internal,True,271.475800,271.475800,0.000000,0.983659,0.983658,-0.000000,0.135250,0.135250,0.000000,0.000002,0.000001,0.000000,0.000000,0.000000,0.000002,0.000002,S,S,True,,,True,False
SBr4,6,internal,True,152.877200,152.877100,-0.000100,0.546421,0.546414,-0.000007,0.414110,0.414110,0.000000,0.000000,0.000000,0.000002,0.000000,0.000000,0.000000,0.000002,SB,SB,True,,,True,False
ClBr3,Rz,external,True,0.000000,0.000000,0.000000,0.000000,0.000000,0.000000,,,,0.000000,0.000002,0.000000,0.000000,0.000000,0.000000,0.000002,Rz,Rz,True,,,True,False
ClBr3,Ty,external,True,0.000000,0.000000,0.000000,0.000000,0.000000,0.000000,,,,0.000000,0.000000,0.000000,0.000000,0.000000,0.000002,0.000002,Ty,Ty,True,,,True,False
SeH4,2,internal,True,849.519200,849.510500,-0.008700,0.104764,0.104769,0.000005,0.024710,0.024710,0.000000,0.000000,0.000000,0.000002,0.000000,0.000000,0.000000,0.000002,B,B,True,,,True,False
SF4,Rx,external,True,0.000000,0.000000,0.000000,0.000000,0.000000,0.000000,,,,0.000000,0.000002,0.000000,0.000000,0.000000,0.000000,0.000002,Rx,Rx,True,,,True,False
SF4,Ty,external,True,0.000000,0.000000,0.000000,0.000000,0.000000,0.000000,,,,0.000000,0.000000,0.000000,0.000002,0.000000,0.000000,0.000002,Ty,Ty,True,,,True,False
SeH4,9,internal,True,1867.423200,1867.420900,-0.002300,0.995437,0.995437,0.000000,0.004790,0.004790,0.000000,0.000000,0.000000,0.000001,0.000000,0.000000,0.000000,0.000001,S,S,True,,,True,False
ClF3,4,internal,True,380.418200,380.438100,0.019900,0.990877,0.990918,0.000041,0.012420,0.012290,-0.000130,0.000000,0.000001,0.000000,0.000000,0.000000,0.000000,0.000001,S,S,True,,,True,False
SH4,9,internal,True,1976.610300,1976.619100,0.008800,0.997906,0.997905,-0.000001,0.005290,0.005290,0.000000,0.000000,0.000000,0.000001,0.000000,0.000000,0.000000,0.000001,S,S,True,,,True,False
SH4,6,internal,True,1634.928100,1634.942100,0.014000,0.752417,0.752444,0.000027,0.014910,0.014910,0.000000,0.000000,0.000000,0.000000,0.000000,0.000000,0.000000,0.000000,SB,SB,True,,,True,False
SeH4,8,internal,True,1603.260600,1603.263000,0.002400,0.919355,0.919355,0.000000,0.011400,0.011400,0.000000,0.000000,0.000000,0.000000,0.000000,0.000000,0.000000,0.000000,S,S,True,,,True,False
SeH4,Rx,external,True,0.000000,0.000000,0.000000,0.000000,0.000000,0.000000,,,,0.000000,0.000000,0.000000,0.000000,0.000000,0.000000,0.000000,Rx,Rx,True,,,True,False
SeH4,Ty,external,True,0.000000,0.000000,0.000000,0.000000,0.000000,0.000000,,,,0.000000,0.000000,0.000000,0.000000,0.000000,0.000000,0.000000,Ty,Ty,True,,,True,False
SF4,Ry,external,True,0.000000,0.000000,0.000000,0.000000,0.000000,0.000000,,,,0.000000,0.000000,0.000000,0.000000,0.000000,0.000000,0.000000,Ry,Ry,True,,,True,False
SF4,Tx,external,True,0.000000,0.000000,0.000000,0.000000,0.000000,0.000000,,,,0.000000,0.000000,0.000000,0.000000,0.000000,0.000000,0.000000,Tx,Tx,True,,,True,False
TeH4,7,internal,True,1719.238200,1719.237600,-0.000600,0.992255,0.992255,0.000000,0.009330,0.009330,0.000000,0.000000,0.000000,0.000000,0.000000,0.000000,0.000000,0.000000,S,S,True,,,True,False
TeH4,Ry,external,True,0.000000,0.000000,0.000000,0.000000,0.000000,0.000000,,,,0.000000,0.000000,0.000000,0.000000,0.000000,0.000000,0.000000,Ry,Ry,True,,,True,False
TeH4,Tx,external,True,0.000000,0.000000,0.000000,0.000000,0.000000,0.000000,,,,0.000000,0.000000,0.000000,0.000000,0.000000,0.000000,0.000000,Tx,Tx,True,,,True,False
SBr4,7,internal,True,360.371400,360.371300,-0.000100,0.563570,0.563570,0.000000,0.969740,0.969740,0.000000,0.000000,0.000000,0.000000,0.000000,0.000000,0.000000,0.000000,SB,SB,True,,,True,False
SBr4,Ry,external,True,0.000000,0.000000,0.000000,0.000000,0.000000,0.000000,,,,0.000000,0.000000,0.000000,0.000000,0.000000,0.000000,0.000000,Ry,Ry,True,,,True,False
SBr4,Tx,external,True,0.000000,0.000000,0.000000,0.000000,0.000000,0.000000,,,,0.000000,0.000000,0.000000,0.000000,0.000000,0.000000,0.000000,Tx,Tx,True,,,True,False
SBr4,4,internal,True,125.212900,125.213000,0.000100,0.065939,0.065939,-0.000000,0.294780,0.294780,0.000000,0.000000,0.000000,0.000000,0.000000,0.000000,0.000000,0.000000,B,B,True,,,True,False
OBr4,9,internal,True,482.841800,482.841700,-0.000100,0.444222,0.444222,0.000000,0.991240,0.991240,0.000000,0.000000,0.000000,0.000000,0.000000,0.000000,0.000000,0.000000,SB,SB,True,,,True,False
TeH4,8,internal,True,1720.094200,1720.094700,0.000500,0.992316,0.992316,-0.000000,0.009330,0.009330,0.000000,0.000000,0.000000,0.000000,0.000000,0.000000,0.000000,0.000000,S,S,True,,,True,False
TeH4,Ty,external,True,0.000000,0.000000,0.000000,0.000000,0.000000,0.000000,,,,0.000000,0.000000,0.000000,0.000000,0.000000,0.000000,0.000000,Ty,Ty,True,,,True,False
TeH4,Rx,external,True,0.000000,0.000000,0.000000,0.000000,0.000000,0.000000,,,,0.000000,0.000000,0.000000,0.000000,0.000000,0.000000,0.000000,Rx,Rx,True,,,True,False
OBr4,8,internal,True,482.830500,482.830400,-0.000100,0.444216,0.444216,0.000000,0.991240,0.991240,0.000000,0.000000,0.000000,0.000000,0.000000,0.000000,0.000000,0.000000,SB,SB,True,,,True,False
OBr4,Ry,external,True,0.000000,0.000000,0.000000,0.000000,0.000000,-0.000000,,,,0.000000,0.000000,0.000000,0.000000,0.000000,0.000000,0.000000,Ry,Ry,True,,,True,False
OBr4,Tx,external,True,0.000000,0.000000,0.000000,0.000000,0.000000,0.000000,,,,0.000000,0.000000,0.000000,0.000000,0.000000,0.000000,0.000000,Tx,Tx,True,,,True,False
SBr4,9,internal,True,411.140500,411.140000,-0.000500,0.492911,0.492911,-0.000000,0.949340,0.949340,0.000000,0.000000,0.000000,0.000000,0.000000,0.000000,0.000000,0.000000,SB,SB,True,,,True,False
SBr4,2,internal,True,85.954300,85.954400,0.000100,0.028832,0.028832,0.000000,0.483970,0.483970,0.000000,0.000000,0.000000,0.000000,0.000000,0.000000,0.000000,0.000000,B,B,True,,,True,False
OBr4,Rx,external,True,0.000000,0.000000,0.000000,0.000000,0.000000,0.000000,,,,0.000000,0.000000,0.000000,0.000000,0.000000,0.000000,0.000000,Rx,Rx,True,,,True,False
OBr4,Ty,external,True,0.000000,0.000000,0.000000,0.000000,0.000000,0.000000,,,,0.000000,0.000000,0.000000,0.000000,0.000000,0.000000,0.000000,Ty,Ty,True,,,True,False
SBr4,Rx,external,True,0.000000,0.000000,0.000000,0.000000,0.000000,0.000000,,,,0.000000,0.000000,0.000000,0.000000,0.000000,0.000000,0.000000,Rx,Rx,True,,,True,False
SBr4,Ty,external,True,0.000000,0.000000,0.000000,0.000000,0.000000,0.000000,,,,0.000000,0.000000,0.000000,0.000000,0.000000,0.000000,0.000000,Ty,Ty,True,,,True,False
TeH4,3,internal,True,1128.939800,1128.939900,0.000100,0.033553,0.033553,-0.000000,0.010150,0.010150,0.000000,0.000000,0.000000,0.000000,0.000000,0.000000,0.000000,0.000000,B,B,True,,,True,False
BrCl3,5,internal,True,355.899200,355.899300,0.000100,0.896793,0.896793,-0.000000,0.533300,0.533300,0.000000,0.000000,0.000000,0.000000,0.000000,0.000000,0.000000,0.000000,SB,SB,True,,,True,False
BrCl3,Rz,external,True,0.000000,0.000000,0.000000,0.000000,0.000000,-0.000000,,,,0.000000,0.000000,0.000000,0.000000,0.000000,0.000000,0.000000,Rz,Rz,True,,,True,False
BrCl3,Tx,external,True,0.000000,0.000000,0.000000,0.000000,0.000000,0.000000,,,,0.000000,0.000000,0.000000,0.000000,0.000000,0.000000,0.000000,Tx,Tx,True,,,True,False
BrCl3,3,internal,True,160.492700,160.492700,0.000000,0.005558,0.005558,0.000000,0.190100,0.190100,0.000000,0.000000,0.000000,0.000000,0.000000,0.000000,0.000000,0.000000,B,B,True,,,True,False
TeH4,4,internal,True,1129.055800,1129.055700,-0.000100,0.033454,0.033454,0.000000,0.010140,0.010140,0.000000,0.000000,0.000000,0.000000,0.000000,0.000000,0.000000,0.000000,B,B,True,,,True,False
SH4,1,internal,True,453.755700,453.800400,0.044700,0.075195,0.075207,0.000012,0.062640,0.062640,0.000000,0.000000,0.000000,0.000000,0.000000,0.000000,0.000000,0.000000,B,B,True,,,True,False
AlBr3,3,internal,True,167.825500,167.825500,0.000000,0.000000,0.000000,0.000000,0.981070,0.981070,0.000000,0.000000,0.000000,0.000000,0.000000,0.000000,0.000000,0.000000,B,B,True,,,True,False
AlBr3,4,internal,True,217.089600,217.089600,0.000000,1.000000,1.000000,0.000000,0.000000,0.000000,0.000000,0.000000,0.000000,0.000000,0.000000,0.000000,0.000000,0.000000,S,S,True,,,True,False
AlBr3,Rx,external,True,0.000000,0.000000,0.000000,0.000000,0.000000,0.000000,,,,0.000000,0.000000,0.000000,0.000000,0.000000,0.000000,0.000000,Rx,Rx,True,,,True,False
AlBr3,Ry,external,True,0.000000,0.000000,0.000000,0.000000,0.000000,0.000000,,,,0.000000,0.000000,0.000000,0.000000,0.000000,0.000000,0.000000,Ry,Ry,True,,,True,False
AlBr3,Rz,external,True,0.000000,0.000000,0.000000,0.000000,0.000000,0.000000,,,,0.000000,0.000000,0.000000,0.000000,0.000000,0.000000,0.000000,Rz,Rz,True,,,True,False
AlBr3,Tx,external,True,0.000000,0.000000,0.000000,0.000000,0.000000,0.000000,,,,0.000000,0.000000,0.000000,0.000000,0.000000,0.000000,0.000000,Tx,Tx,True,,,True,False
AlBr3,Ty,external,True,0.000000,0.000000,0.000000,0.000000,0.000000,0.000000,,,,0.000000,0.000000,0.000000,0.000000,0.000000,0.000000,0.000000,Ty,Ty,True,,,True,False
AlBr3,Tz,external,True,0.000000,0.000000,0.000000,0.000000,0.000000,0.000000,,,,0.000000,0.000000,0.000000,0.000000,0.000000,0.000000,0.000000,Tz,Tz,True,,,True,False
AlCl3,3,internal,True,189.561400,189.561400,0.000000,0.000000,0.000000,0.000000,0.913460,0.913460,0.000000,0.000000,0.000000,0.000000,0.000000,0.000000,0.000000,0.000000,B,B,True,,,True,False
AlCl3,4,internal,True,351.203700,351.203700,0.000000,1.000000,1.000000,0.000000,0.000000,0.000000,0.000000,0.000000,0.000000,0.000000,0.000000,0.000000,0.000000,0.000000,S,S,True,,,True,False
AlCl3,Rx,external,True,0.000000,0.000000,0.000000,0.000000,0.000000,0.000000,,,,0.000000,0.000000,0.000000,0.000000,0.000000,0.000000,0.000000,Rx,Rx,True,,,True,False
AlCl3,Ry,external,True,0.000000,0.000000,0.000000,0.000000,0.000000,0.000000,,,,0.000000,0.000000,0.000000,0.000000,0.000000,0.000000,0.000000,Ry,Ry,True,,,True,False
AlCl3,Rz,external,True,0.000000,0.000000,0.000000,0.000000,0.000000,0.000000,,,,0.000000,0.000000,0.000000,0.000000,0.000000,0.000000,0.000000,Rz,Rz,True,,,True,False
AlCl3,Tx,external,True,0.000000,0.000000,0.000000,0.000000,0.000000,0.000000,,,,0.000000,0.000000,0.000000,0.000000,0.000000,0.000000,0.000000,Tx,Tx,True,,,True,False
AlCl3,Ty,external,True,0.000000,0.000000,0.000000,0.000000,0.000000,0.000000,,,,0.000000,0.000000,0.000000,0.000000,0.000000,0.000000,0.000000,Ty,Ty,True,,,True,False
AlCl3,Tz,external,True,0.000000,0.000000,0.000000,0.000000,0.000000,0.000000,,,,0.000000,0.000000,0.000000,0.000000,0.000000,0.000000,0.000000,Tz,Tz,True,,,True,False
AlF3,1,internal,True,277.017800,277.017800,0.000000,0.000000,0.000000,0.000000,0.773290,0.773290,0.000000,0.000000,0.000000,0.000000,0.000000,0.000000,0.000000,0.000000,B,B,True,,,True,False
AlF3,4,internal,True,724.582600,724.582600,0.000000,1.000000,1.000000,0.000000,0.000000,0.000000,0.000000,0.000000,0.000000,0.000000,0.000000,0.000000,0.000000,0.000000,S,S,True,,,True,False
AlF3,Rx,external,True,0.000000,0.000000,0.000000,0.000000,0.000000,0.000000,,,,0.000000,0.000000,0.000000,0.000000,0.000000,0.000000,0.000000,Rx,Rx,True,,,True,False
AlF3,Ry,external,True,0.000000,0.000000,0.000000,0.000000,0.000000,0.000000,,,,0.000000,0.000000,0.000000,0.000000,0.000000,0.000000,0.000000,Ry,Ry,True,,,True,False
AlF3,Rz,external,True,0.000000,0.000000,0.000000,0.000000,0.000000,0.000000,,,,0.000000,0.000000,0.000000,0.000000,0.000000,0.000000,0.000000,Rz,Rz,True,,,True,False
AlF3,Tx,external,True,0.000000,0.000000,0.000000,0.000000,0.000000,0.000000,,,,0.000000,0.000000,0.000000,0.000000,0.000000,0.000000,0.000000,Tx,Tx,True,,,True,False
AlF3,Ty,external,True,0.000000,0.000000,0.000000,0.000000,0.000000,0.000000,,,,0.000000,0.000000,0.000000,0.000000,0.000000,0.000000,0.000000,Ty,Ty,True,,,True,False
AlF3,Tz,external,True,0.000000,0.000000,0.000000,0.000000,0.000000,0.000000,,,,0.000000,0.000000,0.000000,0.000000,0.000000,0.000000,0.000000,Tz,Tz,True,,,True,False
AlH3,1,internal,True,713.118900,713.118900,0.000000,0.000000,0.000000,0.000000,0.064560,0.064560,0.000000,0.000000,0.000000,0.000000,0.000000,0.000000,0.000000,0.000000,B,B,True,,,True,False
AlH3,4,internal,True,1922.529800,1922.529800,0.000000,1.000000,1.000000,0.000000,0.000000,0.000000,0.000000,0.000000,0.000000,0.000000,0.000000,0.000000,0.000000,0.000000,S,S,True,,,True,False
AlH3,Rx,external,True,0.000000,0.000000,0.000000,0.000000,0.000000,0.000000,,,,0.000000,0.000000,0.000000,0.000000,0.000000,0.000000,0.000000,Rx,Rx,True,,,True,False
AlH3,Ry,external,True,0.000000,0.000000,0.000000,0.000000,0.000000,0.000000,,,,0.000000,0.000000,0.000000,0.000000,0.000000,0.000000,0.000000,Ry,Ry,True,,,True,False
AlH3,Rz,external,True,0.000000,0.000000,0.000000,0.000000,0.000000,0.000000,,,,0.000000,0.000000,0.000000,0.000000,0.000000,0.000000,0.000000,Rz,Rz,True,,,True,False
AlH3,Tx,external,True,0.000000,0.000000,0.000000,0.000000,0.000000,0.000000,,,,0.000000,0.000000,0.000000,0.000000,0.000000,0.000000,0.000000,Tx,Tx,True,,,True,False
AlH3,Ty,external,True,0.000000,0.000000,0.000000,0.000000,0.000000,0.000000,,,,0.000000,0.000000,0.000000,0.000000,0.000000,0.000000,0.000000,Ty,Ty,True,,,True,False
AlH3,Tz,external,True,0.000000,0.000000,0.000000,0.000000,0.000000,0.000000,,,,0.000000,0.000000,0.000000,0.000000,0.000000,0.000000,0.000000,Tz,Tz,True,,,True,False
AsBr3,3,internal,True,117.087500,117.087500,0.000000,0.107035,0.107035,0.000000,0.533870,0.533870,0.000000,0.000000,0.000000,0.000000,0.000000,0.000000,0.000000,0.000000,B,B,True,,,True,False
AsBr3,4,internal,True,249.107700,249.107600,-0.000100,0.733667,0.733667,0.000000,0.705730,0.705730,0.000000,0.000000,0.000000,0.000000,0.000000,0.000000,0.000000,0.000000,SB,SB,True,,,True,False
AsBr3,Rx,external,True,0.000000,0.000000,0.000000,0.000000,0.000000,0.000000,,,,0.000000,0.000000,0.000000,0.000000,0.000000,0.000000,0.000000,Rx,Rx,True,,,True,False
AsBr3,Ry,external,True,0.000000,0.000000,0.000000,0.000000,0.000000,0.000000,,,,0.000000,0.000000,0.000000,0.000000,0.000000,0.000000,0.000000,Ry,Ry,True,,,True,False
AsBr3,Rz,external,True,0.000000,0.000000,0.000000,0.000000,0.000000,0.000000,,,,0.000000,0.000000,0.000000,0.000000,0.000000,0.000000,0.000000,Rz,Rz,True,,,True,False
AsBr3,Tx,external,True,0.000000,0.000000,0.000000,0.000000,0.000000,0.000000,,,,0.000000,0.000000,0.000000,0.000000,0.000000,0.000000,0.000000,Tx,Tx,True,,,True,False
AsBr3,Ty,external,True,0.000000,0.000000,0.000000,0.000000,0.000000,0.000000,,,,0.000000,0.000000,0.000000,0.000000,0.000000,0.000000,0.000000,Ty,Ty,True,,,True,False
AsBr3,Tz,external,True,0.000000,0.000000,0.000000,0.000000,0.000000,0.000000,,,,0.000000,0.000000,0.000000,0.000000,0.000000,0.000000,0.000000,Tz,Tz,True,,,True,False
AsCl3,3,internal,True,199.027900,199.027900,0.000000,0.059645,0.059645,0.000000,0.411310,0.411310,0.000000,0.000000,0.000000,0.000000,0.000000,0.000000,0.000000,0.000000,B,B,True,,,True,False
AsCl3,6,internal,True,426.582200,426.582200,0.000000,0.885243,0.885243,0.000000,0.391630,0.391630,0.000000,0.000000,0.000000,0.000000,0.000000,0.000000,0.000000,0.000000,SB,SB,True,,,True,False
AsCl3,Rx,external,True,0.000000,0.000000,0.000000,0.000000,0.000000,0.000000,,,,0.000000,0.000000,0.000000,0.000000,0.000000,0.000000,0.000000,Rx,Rx,True,,,True,False
AsCl3,Ry,external,True,0.000000,0.000000,0.000000,0.000000,0.000000,0.000000,,,,0.000000,0.000000,0.000000,0.000000,0.000000,0.000000,0.000000,Ry,Ry,True,,,True,False
AsCl3,Rz,external,True,0.000000,0.000000,0.000000,0.000000,0.000000,0.000000,,,,0.000000,0.000000,0.000000,0.000000,0.000000,0.000000,0.000000,Rz,Rz,True,,,True,False
AsCl3,Tx,external,True,0.000000,0.000000,0.000000,0.000000,0.000000,0.000000,,,,0.000000,0.000000,0.000000,0.000000,0.000000,0.000000,0.000000,Tx,Tx,True,,,True,False
AsCl3,Ty,external,True,0.000000,0.000000,0.000000,0.000000,0.000000,0.000000,,,,0.000000,0.000000,0.000000,0.000000,0.000000,0.000000,0.000000,Ty,Ty,True,,,True,False
AsCl3,Tz,external,True,0.000000,0.000000,0.000000,0.000000,0.000000,0.000000,,,,0.000000,0.000000,0.000000,0.000000,0.000000,0.000000,0.000000,Tz,Tz,True,,,True,False
AsF3,3,internal,True,352.269400,352.269400,0.000000,0.032114,0.032114,0.000000,0.278370,0.278370,0.000000,0.000000,0.000000,0.000000,0.000000,0.000000,0.000000,0.000000,B,B,True,,,True,False
AsF3,6,internal,True,799.931100,799.931100,0.000000,0.952877,0.952877,0.000000,0.232000,0.232000,0.000000,0.000000,0.000000,0.000000,0.000000,0.000000,0.000000,0.000000,S,S,True,,,True,False
AsF3,Rx,external,True,0.000000,0.000000,0.000000,0.000000,0.000000,0.000000,,,,0.000000,0.000000,0.000000,0.000000,0.000000,0.000000,0.000000,Rx,Rx,True,,,True,False
AsF3,Ry,external,True,0.000000,0.000000,0.000000,0.000000,0.000000,0.000000,,,,0.000000,0.000000,0.000000,0.000000,0.000000,0.000000,0.000000,Ry,Ry,True,,,True,False
AsF3,Rz,external,True,0.000000,0.000000,0.000000,0.000000,0.000000,0.000000,,,,0.000000,0.000000,0.000000,0.000000,0.000000,0.000000,0.000000,Rz,Rz,True,,,True,False
AsF3,Tx,external,True,0.000000,0.000000,0.000000,0.000000,0.000000,0.000000,,,,0.000000,0.000000,0.000000,0.000000,0.000000,0.000000,0.000000,Tx,Tx,True,,,True,False
AsF3,Ty,external,True,0.000000,0.000000,0.000000,0.000000,0.000000,0.000000,,,,0.000000,0.000000,0.000000,0.000000,0.000000,0.000000,0.000000,Ty,Ty,True,,,True,False
AsF3,Tz,external,True,0.000000,0.000000,0.000000,0.000000,0.000000,0.000000,,,,0.000000,0.000000,0.000000,0.000000,0.000000,0.000000,0.000000,Tz,Tz,True,,,True,False
AsH3,1,internal,True,934.006700,934.006700,0.000000,0.094836,0.094836,0.000000,0.020660,0.020660,0.000000,0.000000,0.000000,0.000000,0.000000,0.000000,0.000000,0.000000,B,B,True,,,True,False
AsH3,2,internal,True,986.178800,986.178800,0.000000,0.019026,0.019026,0.000000,0.010620,0.010620,0.000000,0.000000,0.000000,0.000000,0.000000,0.000000,0.000000,0.000000,B,B,True,,,True,False
AsH3,3,internal,True,986.178800,986.178800,0.000000,0.015568,0.015568,0.000000,0.010620,0.010620,0.000000,0.000000,0.000000,0.000000,0.000000,0.000000,0.000000,0.000000,B,B,True,,,True,False
AsH3,4,internal,True,2082.298400,2082.298400,0.000000,0.999810,0.999810,0.000000,0.013720,0.013720,0.000000,0.000000,0.000000,0.000000,0.000000,0.000000,0.000000,0.000000,S,S,True,,,True,False
AsH3,5,internal,True,2082.298400,2082.298400,0.000000,0.999806,0.999806,0.000000,0.013720,0.013720,0.000000,0.000000,0.000000,0.000000,0.000000,0.000000,0.000000,0.000000,S,S,True,,,True,False
AsH3,6,internal,True,2093.307500,2093.307500,0.000000,0.996886,0.996886,0.000000,0.010440,0.010440,0.000000,0.000000,0.000000,0.000000,0.000000,0.000000,0.000000,0.000000,S,S,True,,,True,False
AsH3,Rx,external,True,0.000000,0.000000,0.000000,0.000000,0.000000,0.000000,,,,0.000000,0.000000,0.000000,0.000000,0.000000,0.000000,0.000000,Rx,Rx,True,,,True,False
AsH3,Ry,external,True,0.000000,0.000000,0.000000,0.000000,0.000000,0.000000,,,,0.000000,0.000000,0.000000,0.000000,0.000000,0.000000,0.000000,Ry,Ry,True,,,True,False
AsH3,Rz,external,True,0.000000,0.000000,0.000000,0.000000,0.000000,0.000000,,,,0.000000,0.000000,0.000000,0.000000,0.000000,0.000000,0.000000,Rz,Rz,True,,,True,False
AsH3,Tx,external,True,0.000000,0.000000,0.000000,0.000000,0.000000,0.000000,,,,0.000000,0.000000,0.000000,0.000000,0.000000,0.000000,0.000000,Tx,Tx,True,,,True,False
AsH3,Ty,external,True,0.000000,0.000000,0.000000,0.000000,0.000000,0.000000,,,,0.000000,0.000000,0.000000,0.000000,0.000000,0.000000,0.000000,Ty,Ty,True,,,True,False
AsH3,Tz,external,True,0.000000,0.000000,0.000000,0.000000,0.000000,0.000000,,,,0.000000,0.000000,0.000000,0.000000,0.000000,0.000000,0.000000,Tz,Tz,True,,,True,False
BBr3,3,internal,True,275.463500,275.463500,0.000000,1.000000,1.000000,0.000000,0.000000,0.000000,0.000000,0.000000,0.000000,0.000000,0.000000,0.000000,0.000000,0.000000,S,S,True,,,True,False
BBr3,4,internal,True,435.641400,435.641400,0.000000,0.000000,0.000000,0.000000,0.996770,0.996770,0.000000,0.000000,0.000000,0.000000,0.000000,0.000000,0.000000,0.000000,B,B,True,,,True,False
BBr3,Rx,external,True,0.000000,0.000000,0.000000,0.000000,0.000000,0.000000,,,,0.000000,0.000000,0.000000,0.000000,0.000000,0.000000,0.000000,Rx,Rx,True,,,True,False
BBr3,Ry,external,True,0.000000,0.000000,0.000000,0.000000,0.000000,0.000000,,,,0.000000,0.000000,0.000000,0.000000,0.000000,0.000000,0.000000,Ry,Ry,True,,,True,False
BBr3,Rz,external,True,0.000000,0.000000,0.000000,0.000000,0.000000,0.000000,,,,0.000000,0.000000,0.000000,0.000000,0.000000,0.000000,0.000000,Rz,Rz,True,,,True,False
BBr3,Tx,external,True,0.000000,0.000000,0.000000,0.000000,0.000000,0.000000,,,,0.000000,0.000000,0.000000,0.000000,0.000000,0.000000,0.000000,Tx,Tx,True,,,True,False
BBr3,Ty,external,True,0.000000,0.000000,0.000000,0.000000,0.000000,0.000000,,,,0.000000,0.000000,0.000000,0.000000,0.000000,0.000000,0.000000,Ty,Ty,True,,,True,False
BBr3,Tz,external,True,0.000000,0.000000,0.000000,0.000000,0.000000,0.000000,,,,0.000000,0.000000,0.000000,0.000000,0.000000,0.000000,0.000000,Tz,Tz,True,,,True,False
BCl3,3,internal,True,434.803800,434.803800,0.000000,1.000000,1.000000,0.000000,0.000000,0.000000,0.000000,0.000000,0.000000,0.000000,0.000000,0.000000,0.000000,0.000000,S,S,True,,,True,False
BCl3,4,internal,True,465.832900,465.832900,0.000000,0.000000,0.000000,0.000000,0.983880,0.983880,0.000000,0.000000,0.000000,0.000000,0.000000,0.000000,0.000000,0.000000,B,B,True,,,True,False
BCl3,Rx,external,True,0.000000,0.000000,0.000000,0.000000,0.000000,0.000000,,,,0.000000,0.000000,0.000000,0.000000,0.000000,0.000000,0.000000,Rx,Rx,True,,,True,False
BCl3,Ry,external,True,0.000000,0.000000,0.000000,0.000000,0.000000,0.000000,,,,0.000000,0.000000,0.000000,0.000000,0.000000,0.000000,0.000000,Ry,Ry,True,,,True,False
BCl3,Rz,external,True,0.000000,0.000000,0.000000,0.000000,0.000000,0.000000,,,,0.000000,0.000000,0.000000,0.000000,0.000000,0.000000,0.000000,Rz,Rz,True,,,True,False
BCl3,Tx,external,True,0.000000,0.000000,0.000000,0.000000,0.000000,0.000000,,,,0.000000,0.000000,0.000000,0.000000,0.000000,0.000000,0.000000,Tx,Tx,True,,,True,False
BCl3,Ty,external,True,0.000000,0.000000,0.000000,0.000000,0.000000,0.000000,,,,0.000000,0.000000,0.000000,0.000000,0.000000,0.000000,0.000000,Ty,Ty,True,,,True,False
BCl3,Tz,external,True,0.000000,0.000000,0.000000,0.000000,0.000000,0.000000,,,,0.000000,0.000000,0.000000,0.000000,0.000000,0.000000,0.000000,Tz,Tz,True,,,True,False
BF3,3,internal,True,663.527300,663.527300,0.000000,0.000000,0.000000,0.000000,0.948330,0.948330,0.000000,0.000000,0.000000,0.000000,0.000000,0.000000,0.000000,0.000000,B,B,True,,,True,False
BF3,4,internal,True,910.694500,910.694400,-0.000100,1.000000,1.000000,0.000000,0.000000,0.000000,0.000000,0.000000,0.000000,0.000000,0.000000,0.000000,0.000000,0.000000,S,S,True,,,True,False
BF3,Rx,external,True,0.000000,0.000000,0.000000,0.000000,0.000000,0.000000,,,,0.000000,0.000000,0.000000,0.000000,0.000000,0.000000,0.000000,Rx,Rx,True,,,True,False
BF3,Ry,external,True,0.000000,0.000000,0.000000,0.000000,0.000000,0.000000,,,,0.000000,0.000000,0.000000,0.000000,0.000000,0.000000,0.000000,Ry,Ry,True,,,True,False
BF3,Rz,external,True,0.000000,0.000000,0.000000,0.000000,0.000000,0.000000,,,,0.000000,0.000000,0.000000,0.000000,0.000000,0.000000,0.000000,Rz,Rz,True,,,True,False
BF3,Tx,external,True,0.000000,0.000000,0.000000,0.000000,0.000000,0.000000,,,,0.000000,0.000000,0.000000,0.000000,0.000000,0.000000,0.000000,Tx,Tx,True,,,True,False
BF3,Ty,external,True,0.000000,0.000000,0.000000,0.000000,0.000000,0.000000,,,,0.000000,0.000000,0.000000,0.000000,0.000000,0.000000,0.000000,Ty,Ty,True,,,True,False
BF3,Tz,external,True,0.000000,0.000000,0.000000,0.000000,0.000000,0.000000,,,,0.000000,0.000000,0.000000,0.000000,0.000000,0.000000,0.000000,Tz,Tz,True,,,True,False
BH3,1,internal,True,1185.755800,1185.755800,0.000000,0.000000,0.000000,0.000000,0.156600,0.156600,0.000000,0.000000,0.000000,0.000000,0.000000,0.000000,0.000000,0.000000,B,B,True,,,True,False
BH3,4,internal,True,2615.389700,2615.389700,0.000000,1.000000,1.000000,0.000000,0.000000,0.000000,0.000000,0.000000,0.000000,0.000000,0.000000,0.000000,0.000000,0.000000,S,S,True,,,True,False
BH3,Rx,external,True,0.000000,0.000000,0.000000,0.000000,0.000000,0.000000,,,,0.000000,0.000000,0.000000,0.000000,0.000000,0.000000,0.000000,Rx,Rx,True,,,True,False
BH3,Ry,external,True,0.000000,0.000000,0.000000,0.000000,0.000000,0.000000,,,,0.000000,0.000000,0.000000,0.000000,0.000000,0.000000,0.000000,Ry,Ry,True,,,True,False
BH3,Rz,external,True,0.000000,0.000000,0.000000,0.000000,0.000000,0.000000,,,,0.000000,0.000000,0.000000,0.000000,0.000000,0.000000,0.000000,Rz,Rz,True,,,True,False
BH3,Tx,external,True,0.000000,0.000000,0.000000,0.000000,0.000000,0.000000,,,,0.000000,0.000000,0.000000,0.000000,0.000000,0.000000,0.000000,Tx,Tx,True,,,True,False
BH3,Ty,external,True,0.000000,0.000000,0.000000,0.000000,0.000000,0.000000,,,,0.000000,0.000000,0.000000,0.000000,0.000000,0.000000,0.000000,Ty,Ty,True,,,True,False
BH3,Tz,external,True,0.000000,0.000000,0.000000,0.000000,0.000000,0.000000,,,,0.000000,0.000000,0.000000,0.000000,0.000000,0.000000,0.000000,Tz,Tz,True,,,True,False
Br2O,1,internal,True,176.019300,176.019200,-0.000100,0.169718,0.169718,0.000000,0.550700,0.550700,0.000000,0.000000,0.000000,0.000000,0.000000,0.000000,0.000000,0.000000,B,B,True,,,True,False
Br2O,2,internal,True,445.015300,445.015200,-0.000100,0.639383,0.639383,0.000000,0.979440,0.979440,0.000000,0.000000,0.000000,0.000000,0.000000,0.000000,0.000000,0.000000,SB,SB,True,,,True,False
Br2O,3,internal,True,604.094200,604.094100,-0.000100,0.859619,0.859619,0.000000,0.985280,0.985280,0.000000,0.000000,0.000000,0.000000,0.000000,0.000000,0.000000,0.000000,SB,SB,True,,,True,False
Br2O,Rx,external,True,0.000000,0.000000,0.000000,0.000000,0.000000,0.000000,,,,0.000000,0.000000,0.000000,0.000000,0.000000,0.000000,0.000000,Rx,Rx,True,,,True,False
Br2O,Ry,external,True,0.000000,0.000000,0.000000,0.000000,0.000000,0.000000,,,,0.000000,0.000000,0.000000,0.000000,0.000000,0.000000,0.000000,Ry,Ry,True,,,True,False
Br2O,Rz,external,True,0.000000,0.000000,0.000000,0.000000,0.000000,0.000000,,,,0.000000,0.000000,0.000000,0.000000,0.000000,0.000000,0.000000,Rz,Rz,True,,,True,False
Br2O,Tx,external,True,0.000000,0.000000,0.000000,0.000000,0.000000,0.000000,,,,0.000000,0.000000,0.000000,0.000000,0.000000,0.000000,0.000000,Tx,Tx,True,,,True,False
Br2O,Ty,external,True,0.000000,0.000000,0.000000,0.000000,0.000000,0.000000,,,,0.000000,0.000000,0.000000,0.000000,0.000000,0.000000,0.000000,Ty,Ty,True,,,True,False
Br2O,Tz,external,True,0.000000,0.000000,0.000000,0.000000,0.000000,0.000000,,,,0.000000,0.000000,0.000000,0.000000,0.000000,0.000000,0.000000,Tz,Tz,True,,,True,False
BrCl3,1,internal,True,97.501300,97.501300,0.000000,0.012287,0.012287,0.000000,0.360320,0.360320,0.000000,0.000000,0.000000,0.000000,0.000000,0.000000,0.000000,0.000000,B,B,True,,,True,False
BrCl3,2,internal,True,132.700800,132.700800,0.000000,0.000000,0.000000,0.000000,0.550240,0.550240,0.000000,0.000000,0.000000,0.000000,0.000000,0.000000,0.000000,0.000000,B,B,True,,,True,False
BrCl3,4,internal,True,242.591800,242.591700,-0.000100,0.997936,0.997936,0.000000,0.053430,0.053430,0.000000,0.000000,0.000000,0.000000,0.000000,0.000000,0.000000,0.000000,S,S,True,,,True,False
BrCl3,6,internal,True,405.633100,405.633100,0.000000,0.849880,0.849880,-0.000000,0.409340,0.409340,0.000000,0.000000,0.000000,0.000000,0.000000,0.000000,0.000000,0.000000,SB,SB,True,,,True,False
BrCl3,Rx,external,True,0.000000,0.000000,0.000000,0.000000,0.000000,0.000000,,,,0.000000,0.000000,0.000000,0.000000,0.000000,0.000000,0.000000,Rx,Rx,True,,,True,False
BrCl3,Ry,external,True,0.000000,0.000000,0.000000,0.000000,0.000000,0.000000,,,,0.000000,0.000000,0.000000,0.000000,0.000000,0.000000,0.000000,Ry,Ry,True,,,True,False
BrCl3,Ty,external,True,0.000000,0.000000,0.000000,0.000000,0.000000,0.000000,,,,0.000000,0.000000,0.000000,0.000000,0.000000,0.000000,0.000000,Ty,Ty,True,,,True,False
BrCl3,Tz,external,True,0.000000,0.000000,0.000000,0.000000,0.000000,0.000000,,,,0.000000,0.000000,0.000000,0.000000,0.000000,0.000000,0.000000,Tz,Tz,True,,,True,False
BrF3,1,internal,True,220.598200,220.598200,0.000000,0.000000,0.000000,0.000000,0.277760,0.277760,0.000000,0.000000,0.000000,0.000000,0.000000,0.000000,0.000000,0.000000,B,B,True,,,True,False
BrF3,2,internal,True,231.798700,231.798700,0.000000,0.037377,0.037377,0.000000,0.263160,0.263160,0.000000,0.000000,0.000000,0.000000,0.000000,0.000000,0.000000,0.000000,B,B,True,,,True,False
BrF3,3,internal,True,314.294000,314.294000,0.000000,0.027789,0.027789,0.000000,0.101570,0.101570,0.000000,0.000000,0.000000,0.000000,0.000000,0.000000,0.000000,0.000000,B,B,True,,,True,False
BrF3,4,internal,True,485.762900,485.762900,0.000000,0.998912,0.998912,0.000000,0.001070,0.001070,0.000000,0.000000,0.000000,0.000000,0.000000,0.000000,0.000000,0.000000,S,S,True,,,True,False
BrF3,5,internal,True,588.813900,588.813900,0.000000,0.969083,0.969083,0.000000,0.226360,0.226360,0.000000,0.000000,0.000000,0.000000,0.000000,0.000000,0.000000,0.000000,S,S,True,,,True,False
BrF3,6,internal,True,594.110600,594.110500,-0.000100,0.934687,0.934687,0.000000,0.327410,0.327410,0.000000,0.000000,0.000000,0.000000,0.000000,0.000000,0.000000,0.000000,S,S,True,,,True,False
BrF3,Rx,external,True,0.000000,0.000000,0.000000,0.000000,0.000000,0.000000,,,,0.000000,0.000000,0.000000,0.000000,0.000000,0.000000,0.000000,Rx,Rx,True,,,True,False
BrF3,Ry,external,True,0.000000,0.000000,0.000000,0.000000,0.000000,0.000000,,,,0.000000,0.000000,0.000000,0.000000,0.000000,0.000000,0.000000,Ry,Ry,True,,,True,False
BrF3,Rz,external,True,0.000000,0.000000,0.000000,0.000000,0.000000,0.000000,,,,0.000000,0.000000,0.000000,0.000000,0.000000,0.000000,0.000000,Rz,Rz,True,,,True,False
BrF3,Tx,external,True,0.000000,0.000000,0.000000,0.000000,0.000000,0.000000,,,,0.000000,0.000000,0.000000,0.000000,0.000000,0.000000,0.000000,Tx,Tx,True,,,True,False
BrF3,Ty,external,True,0.000000,0.000000,0.000000,0.000000,0.000000,0.000000,,,,0.000000,0.000000,0.000000,0.000000,0.000000,0.000000,0.000000,Ty,Ty,True,,,True,False
BrF3,Tz,external,True,0.000000,0.000000,0.000000,0.000000,0.000000,0.000000,,,,0.000000,0.000000,0.000000,0.000000,0.000000,0.000000,0.000000,Tz,Tz,True,,,True,False
BrH3,1,internal,True,813.610800,813.610800,0.000000,0.000000,0.000000,0.000000,0.015420,0.015420,0.000000,0.000000,0.000000,0.000000,0.000000,0.000000,0.000000,0.000000,B,B,True,,,True,False
BrH3,2,internal,True,843.765800,843.765800,0.000000,0.052735,0.052735,0.000000,0.017500,0.017500,0.000000,0.000000,0.000000,0.000000,0.000000,0.000000,0.000000,0.000000,B,B,True,,,True,False
BrH3,3,internal,True,974.999200,974.999200,0.000000,0.087290,0.087290,0.000000,0.013060,0.013060,0.000000,0.000000,0.000000,0.000000,0.000000,0.000000,0.000000,0.000000,B,B,True,,,True,False
BrH3,4,internal,True,1208.915900,1208.915900,0.000000,0.998418,0.998418,0.000000,0.002610,0.002610,0.000000,0.000000,0.000000,0.000000,0.000000,0.000000,0.000000,0.000000,S,S,True,,,True,False
BrH3,5,internal,True,1284.420400,1284.420400,0.000000,0.978052,0.978052,0.000000,0.015870,0.015870,0.000000,0.000000,0.000000,0.000000,0.000000,0.000000,0.000000,0.000000,S,S,True,,,True,False
BrH3,6,internal,True,2344.158900,2344.158900,0.000000,0.999528,0.999528,0.000000,0.012930,0.012930,0.000000,0.000000,0.000000,0.000000,0.000000,0.000000,0.000000,0.000000,S,S,True,,,True,False
BrH3,Rx,external,True,0.000000,0.000000,0.000000,0.000000,0.000000,0.000000,,,,0.000000,0.000000,0.000000,0.000000,0.000000,0.000000,0.000000,Rx,Rx,True,,,True,False
BrH3,Ry,external,True,0.000000,0.000000,0.000000,0.000000,0.000000,0.000000,,,,0.000000,0.000000,0.000000,0.000000,0.000000,0.000000,0.000000,Ry,Ry,True,,,True,False
BrH3,Rz,external,True,0.000000,0.000000,0.000000,0.000000,0.000000,0.000000,,,,0.000000,0.000000,0.000000,0.000000,0.000000,0.000000,0.000000,Rz,Rz,True,,,True,False
BrH3,Tx,external,True,0.000000,0.000000,0.000000,0.000000,0.000000,0.000000,,,,0.000000,0.000000,0.000000,0.000000,0.000000,0.000000,0.000000,Tx,Tx,True,,,True,False
BrH3,Ty,external,True,0.000000,0.000000,0.000000,0.000000,0.000000,0.000000,,,,0.000000,0.000000,0.000000,0.000000,0.000000,0.000000,0.000000,Ty,Ty,True,,,True,False
BrH3,Tz,external,True,0.000000,0.000000,0.000000,0.000000,0.000000,0.000000,,,,0.000000,0.000000,0.000000,0.000000,0.000000,0.000000,0.000000,Tz,Tz,True,,,True,False
C6H6,1,internal,True,411.984700,411.984700,0.000000,0.000000,0.000000,0.000000,,,,0.000000,0.000000,0.000000,0.000000,0.000000,0.000000,0.000000,B,B,True,,,True,False
C6H6,10,internal,True,931.241700,931.241700,0.000000,0.000000,0.000000,0.000000,,,,0.000000,0.000000,0.000000,0.000000,0.000000,0.000000,0.000000,B,B,True,,,True,False
C6H6,11,internal,True,933.524900,933.524900,0.000000,0.000000,0.000000,0.000000,,,,0.000000,0.000000,0.000000,0.000000,0.000000,0.000000,0.000000,B,B,True,,,True,False
C6H6,12,internal,True,992.583000,992.583000,0.000000,1.000000,1.000000,0.000000,,,,0.000000,0.000000,0.000000,0.000000,0.000000,0.000000,0.000000,S,S,True,,,True,False
C6H6,15,internal,True,1067.465000,1067.465000,0.000000,0.000034,0.000034,0.000000,,,,0.000000,0.000000,0.000000,0.000000,0.000000,0.000000,0.000000,B,B,True,,,True,False
C6H6,16,internal,True,1237.293200,1237.293100,-0.000100,0.097858,0.097858,0.000000,,,,0.000000,0.000000,0.000000,0.000000,0.000000,0.000000,0.000000,B,B,True,,,True,False
C6H6,19,internal,True,1319.268500,1319.268500,0.000000,0.262620,0.262620,0.000000,,,,0.000000,0.000000,0.000000,0.000000,0.000000,0.000000,0.000000,SB,SB,True,,,True,False
C6H6,2,internal,True,411.984700,411.984700,0.000000,0.000000,0.000000,0.000000,,,,0.000000,0.000000,0.000000,0.000000,0.000000,0.000000,0.000000,B,B,True,,,True,False
C6H6,20,internal,True,1435.483500,1435.483500,0.000000,0.000006,0.000006,0.000000,,,,0.000000,0.000000,0.000000,0.000000,0.000000,0.000000,0.000000,B,B,True,,,True,False
C6H6,25,internal,True,3182.291500,3182.291500,0.000000,0.982005,0.982005,0.000000,,,,0.000000,0.000000,0.000000,0.000000,0.000000,0.000000,0.000000,S,S,True,,,True,False
C6H6,30,internal,True,3223.169600,3223.169600,0.000000,1.000000,1.000000,0.000000,,,,0.000000,0.000000,0.000000,0.000000,0.000000,0.000000,0.000000,S,S,True,,,True,False
C6H6,5,internal,True,678.165200,678.165200,0.000000,0.000000,0.000000,0.000000,,,,0.000000,0.000000,0.000000,0.000000,0.000000,0.000000,0.000000,B,B,True,,,True,False
C6H6,6,internal,True,684.169400,684.169400,0.000000,0.000000,0.000000,0.000000,,,,0.000000,0.000000,0.000000,0.000000,0.000000,0.000000,0.000000,B,B,True,,,True,False
C6H6,7,internal,True,852.231400,852.231400,0.000000,0.000000,0.000000,0.000000,,,,0.000000,0.000000,0.000000,0.000000,0.000000,0.000000,0.000000,B,B,True,,,True,False
C6H6,8,internal,True,852.231400,852.231400,0.000000,0.000000,0.000000,0.000000,,,,0.000000,0.000000,0.000000,0.000000,0.000000,0.000000,0.000000,B,B,True,,,True,False
C6H6,9,internal,True,931.241700,931.241700,0.000000,0.000000,0.000000,0.000000,,,,0.000000,0.000000,0.000000,0.000000,0.000000,0.000000,0.000000,B,B,True,,,True,False
C6H6,Rx,external,True,0.000000,0.000000,0.000000,0.000000,0.000000,0.000000,,,,0.000000,0.000000,0.000000,0.000000,0.000000,0.000000,0.000000,Rx,Rx,True,,,True,False
C6H6,Ry,external,True,0.000000,0.000000,0.000000,0.000000,0.000000,0.000000,,,,0.000000,0.000000,0.000000,0.000000,0.000000,0.000000,0.000000,Ry,Ry,True,,,True,False
C6H6,Rz,external,True,0.000000,0.000000,0.000000,0.000000,0.000000,0.000000,,,,0.000000,0.000000,0.000000,0.000000,0.000000,0.000000,0.000000,Rz,Rz,True,,,True,False
C6H6,Tx,external,True,0.000000,0.000000,0.000000,0.000000,0.000000,0.000000,,,,0.000000,0.000000,0.000000,0.000000,0.000000,0.000000,0.000000,Tx,Tx,True,,,True,False
C6H6,Ty,external,True,0.000000,0.000000,0.000000,0.000000,0.000000,0.000000,,,,0.000000,0.000000,0.000000,0.000000,0.000000,0.000000,0.000000,Ty,Ty,True,,,True,False
C6H6,Tz,external,True,0.000000,0.000000,0.000000,0.000000,0.000000,0.000000,,,,0.000000,0.000000,0.000000,0.000000,0.000000,0.000000,0.000000,Tz,Tz,True,,,True,False
CO2,3,internal,True,1241.283700,1241.283700,0.000000,1.000000,1.000000,0.000000,0.000000,0.000000,0.000000,0.000000,0.000000,0.000000,0.000000,0.000000,0.000000,0.000000,S,S,True,,,True,False
CO2,4,internal,True,2347.643400,2347.643400,0.000000,1.000000,1.000000,0.000000,0.883390,0.883390,0.000000,0.000000,0.000000,0.000000,0.000000,0.000000,0.000000,0.000000,S,S,True,,,True,False
CO2,Ry,external,True,0.000000,0.000000,0.000000,0.000000,0.000000,0.000000,,,,0.000000,0.000000,0.000000,0.000000,0.000000,0.000000,0.000000,Ry,Ry,True,,,True,False
CO2,Rz,external,True,0.000000,0.000000,0.000000,0.000000,0.000000,0.000000,,,,0.000000,0.000000,0.000000,0.000000,0.000000,0.000000,0.000000,Rz,Rz,True,,,True,False
CO2,Tx,external,True,0.000000,0.000000,0.000000,0.000000,0.000000,0.000000,,,,0.000000,0.000000,0.000000,0.000000,0.000000,0.000000,0.000000,Tx,Tx,True,,,True,False
CO2,Ty,external,True,0.000000,0.000000,0.000000,0.000000,0.000000,0.000000,,,,0.000000,0.000000,0.000000,0.000000,0.000000,0.000000,0.000000,Ty,Ty,True,,,True,False
CO2,Tz,external,True,0.000000,0.000000,0.000000,0.000000,0.000000,0.000000,,,,0.000000,0.000000,0.000000,0.000000,0.000000,0.000000,0.000000,Tz,Tz,True,,,True,False
CS2,3,internal,True,604.620800,604.620800,0.000000,1.000000,1.000000,0.000000,0.000000,0.000000,0.000000,0.000000,0.000000,0.000000,0.000000,0.000000,0.000000,0.000000,S,S,True,,,True,False
CS2,4,internal,True,1499.106200,1499.106200,0.000000,1.000000,1.000000,0.000000,0.966540,0.966540,0.000000,0.000000,0.000000,0.000000,0.000000,0.000000,0.000000,0.000000,S,S,True,,,True,False
CS2,Ry,external,True,0.000000,0.000000,0.000000,0.000000,0.000000,0.000000,,,,0.000000,0.000000,0.000000,0.000000,0.000000,0.000000,0.000000,Ry,Ry,True,,,True,False
CS2,Rz,external,True,0.000000,0.000000,0.000000,0.000000,0.000000,0.000000,,,,0.000000,0.000000,0.000000,0.000000,0.000000,0.000000,0.000000,Rz,Rz,True,,,True,False
CS2,Tx,external,True,0.000000,0.000000,0.000000,0.000000,0.000000,0.000000,,,,0.000000,0.000000,0.000000,0.000000,0.000000,0.000000,0.000000,Tx,Tx,True,,,True,False
CS2,Ty,external,True,0.000000,0.000000,0.000000,0.000000,0.000000,0.000000,,,,0.000000,0.000000,0.000000,0.000000,0.000000,0.000000,0.000000,Ty,Ty,True,,,True,False
CS2,Tz,external,True,0.000000,0.000000,0.000000,0.000000,0.000000,0.000000,,,,0.000000,0.000000,0.000000,0.000000,0.000000,0.000000,0.000000,Tz,Tz,True,,,True,False
CSe2,3,internal,True,360.993300,360.993300,0.000000,1.000000,1.000000,0.000000,0.000000,0.000000,0.000000,0.000000,0.000000,0.000000,0.000000,0.000000,0.000000,0.000000,S,S,True,,,True,False
CSe2,4,internal,True,1349.745700,1349.745700,0.000000,1.000000,1.000000,0.000000,0.994410,0.994410,0.000000,0.000000,0.000000,0.000000,0.000000,0.000000,0.000000,0.000000,S,S,True,,,True,False
CSe2,Ry,external,True,0.000000,0.000000,0.000000,0.000000,0.000000,0.000000,,,,0.000000,0.000000,0.000000,0.000000,0.000000,0.000000,0.000000,Ry,Ry,True,,,True,False
CSe2,Rz,external,True,0.000000,0.000000,0.000000,0.000000,0.000000,0.000000,,,,0.000000,0.000000,0.000000,0.000000,0.000000,0.000000,0.000000,Rz,Rz,True,,,True,False
CSe2,Tx,external,True,0.000000,0.000000,0.000000,0.000000,0.000000,0.000000,,,,0.000000,0.000000,0.000000,0.000000,0.000000,0.000000,0.000000,Tx,Tx,True,,,True,False
CSe2,Ty,external,True,0.000000,0.000000,0.000000,0.000000,0.000000,0.000000,,,,0.000000,0.000000,0.000000,0.000000,0.000000,0.000000,0.000000,Ty,Ty,True,,,True,False
CSe2,Tz,external,True,0.000000,0.000000,0.000000,0.000000,0.000000,0.000000,,,,0.000000,0.000000,0.000000,0.000000,0.000000,0.000000,0.000000,Tz,Tz,True,,,True,False
CTe2,1,internal,True,250.998700,250.998700,0.000000,1.000000,1.000000,0.000000,0.000000,0.000000,0.000000,0.000000,0.000000,0.000000,0.000000,0.000000,0.000000,0.000000,S,S,True,,,True,False
CTe2,2,internal,True,255.530500,255.530500,0.000000,0.000000,0.000000,0.000000,0.997870,0.997870,0.000000,0.000000,0.000000,0.000000,0.000000,0.000000,0.000000,0.000000,B,B,True,,,True,False
CTe2,3,internal,True,255.530500,255.530500,0.000000,0.000000,0.000000,0.000000,0.997870,0.997870,0.000000,0.000000,0.000000,0.000000,0.000000,0.000000,0.000000,0.000000,B,B,True,,,True,False
CTe2,4,internal,True,1190.952900,1190.952800,-0.000100,1.000000,1.000000,0.000000,0.997870,0.997870,0.000000,0.000000,0.000000,0.000000,0.000000,0.000000,0.000000,0.000000,S,S,True,,,True,False
CTe2,Ry,external,True,0.000000,0.000000,0.000000,0.000000,0.000000,0.000000,,,,0.000000,0.000000,0.000000,0.000000,0.000000,0.000000,0.000000,Ry,Ry,True,,,True,False
CTe2,Rz,external,True,0.000000,0.000000,0.000000,0.000000,0.000000,0.000000,,,,0.000000,0.000000,0.000000,0.000000,0.000000,0.000000,0.000000,Rz,Rz,True,,,True,False
CTe2,Tx,external,True,0.000000,0.000000,0.000000,0.000000,0.000000,0.000000,,,,0.000000,0.000000,0.000000,0.000000,0.000000,0.000000,0.000000,Tx,Tx,True,,,True,False
CTe2,Ty,external,True,0.000000,0.000000,0.000000,0.000000,0.000000,0.000000,,,,0.000000,0.000000,0.000000,0.000000,0.000000,0.000000,0.000000,Ty,Ty,True,,,True,False
CTe2,Tz,external,True,0.000000,0.000000,0.000000,0.000000,0.000000,0.000000,,,,0.000000,0.000000,0.000000,0.000000,0.000000,0.000000,0.000000,Tz,Tz,True,,,True,False
ClBr3,3,internal,True,119.190700,119.190700,0.000000,0.000000,0.000000,0.000000,0.968800,0.968800,0.000000,0.000000,0.000000,0.000000,0.000000,0.000000,0.000000,0.000000,B,B,True,,,True,False
ClBr3,4,internal,True,148.600400,148.600300,-0.000100,0.999996,0.999996,0.000000,0.002170,0.002140,-0.000030,0.000000,0.000000,0.000000,0.000000,0.000000,0.000000,0.000000,S,S,True,,,True,False
ClBr3,Rx,external,True,0.000000,0.000000,0.000000,0.000000,0.000000,0.000000,,,,0.000000,0.000000,0.000000,0.000000,0.000000,0.000000,0.000000,Rx,Rx,True,,,True,False
ClBr3,Ry,external,True,0.000000,0.000000,0.000000,0.000000,0.000000,0.000000,,,,0.000000,0.000000,0.000000,0.000000,0.000000,0.000000,0.000000,Ry,Ry,True,,,True,False
ClBr3,Tx,external,True,0.000000,0.000000,0.000000,0.000000,0.000000,0.000000,,,,0.000000,0.000000,0.000000,0.000000,0.000000,0.000000,0.000000,Tx,Tx,True,,,True,False
ClBr3,Tz,external,True,0.000000,0.000000,0.000000,0.000000,0.000000,0.000000,,,,0.000000,0.000000,0.000000,0.000000,0.000000,0.000000,0.000000,Tz,Tz,True,,,True,False
ClF3,2,internal,True,234.172000,234.159200,-0.012800,0.000000,0.000000,0.000000,0.555830,0.555760,-0.000070,0.000000,0.000000,0.000000,0.000000,0.000000,0.000000,0.000000,B,B,True,,,True,False
ClF3,Rx,external,True,0.000000,0.000000,0.000000,0.000000,0.000000,0.000000,,,,0.000000,0.000000,0.000000,0.000000,0.000000,0.000000,0.000000,Rx,Rx,True,,,True,False
ClF3,Ry,external,True,0.000000,0.000000,0.000000,0.000000,0.000000,0.000000,,,,0.000000,0.000000,0.000000,0.000000,0.000000,0.000000,0.000000,Ry,Ry,True,,,True,False
ClF3,Ty,external,True,0.000000,0.000000,0.000000,0.000000,0.000000,0.000000,,,,0.000000,0.000000,0.000000,0.000000,0.000000,0.000000,0.000000,Ty,Ty,True,,,True,False
ClF3,Tz,external,True,0.000000,0.000000,0.000000,0.000000,0.000000,0.000000,,,,0.000000,0.000000,0.000000,0.000000,0.000000,0.000000,0.000000,Tz,Tz,True,,,True,False
ClH3,Rx,external,True,0.000000,0.000000,0.000000,0.000000,0.000000,0.000000,,,,0.000000,0.000000,0.000000,0.000000,0.000000,0.000000,0.000000,Rx,Rx,True,,,True,False
ClH3,Ry,external,True,0.000000,0.000000,0.000000,0.000000,0.000000,0.000000,,,,0.000000,0.000000,0.000000,0.000000,0.000000,0.000000,0.000000,Ry,Ry,True,,,True,False
ClH3,Ty,external,True,0.000000,0.000000,0.000000,0.000000,0.000000,0.000000,,,,0.000000,0.000000,0.000000,0.000000,0.000000,0.000000,0.000000,Ty,Ty,True,,,True,False
ClH3,Tz,external,True,0.000000,0.000000,0.000000,0.000000,0.000000,0.000000,,,,0.000000,0.000000,0.000000,0.000000,0.000000,0.000000,0.000000,Tz,Tz,True,,,True,False
F4,Rx,external,True,0.000000,0.000000,0.000000,0.000000,0.000000,0.000000,,,,0.000000,0.000000,0.000000,0.000000,0.000000,0.000000,0.000000,Rx,Rx,True,,,True,False
F4,Ry,external,True,0.000000,0.000000,0.000000,0.000000,0.000000,0.000000,,,,0.000000,0.000000,0.000000,0.000000,0.000000,0.000000,0.000000,Ry,Ry,True,,,True,False
F4,Ty,external,True,0.000000,0.000000,0.000000,0.000000,0.000000,0.000000,,,,0.000000,0.000000,0.000000,0.000000,0.000000,0.000000,0.000000,Ty,Ty,True,,,True,False
F4,Tz,external,True,0.000000,0.000000,0.000000,0.000000,0.000000,0.000000,,,,0.000000,0.000000,0.000000,0.000000,0.000000,0.000000,0.000000,Tz,Tz,True,,,True,False
FBr3,Rx,external,True,0.000000,0.000000,0.000000,0.000000,0.000000,0.000000,,,,0.000000,0.000000,0.000000,0.000000,0.000000,0.000000,0.000000,Rx,Rx,True,,,True,False
FCl3,1,internal,True,73.832900,73.832900,0.000000,0.271423,0.271423,0.000000,0.183830,0.183830,0.000000,0.000000,0.000000,0.000000,0.000000,0.000000,0.000000,0.000000,SB,SB,True,,,True,False
FCl3,2,internal,True,74.121500,74.121500,0.000000,0.328657,0.328657,0.000000,0.185780,0.185780,0.000000,0.000000,0.000000,0.000000,0.000000,0.000000,0.000000,0.000000,SB,SB,True,,,True,False
FCl3,3,internal,True,180.355500,180.355500,0.000000,0.000000,0.000000,0.000000,0.954160,0.954160,0.000000,0.000000,0.000000,0.000000,0.000000,0.000000,0.000000,0.000000,B,B,True,,,True,False
FCl3,5,internal,True,271.931000,271.930900,-0.000100,0.627772,0.627772,0.000000,0.947950,0.947950,0.000000,0.000000,0.000000,0.000000,0.000000,0.000000,0.000000,0.000000,SB,SB,True,,,True,False
FCl3,Rx,external,True,0.000000,0.000000,0.000000,0.000000,0.000000,0.000000,,,,0.000000,0.000000,0.000000,0.000000,0.000000,0.000000,0.000000,Rx,Rx,True,,,True,False
FCl3,Ry,external,True,0.000000,0.000000,0.000000,0.000000,0.000000,0.000000,,,,0.000000,0.000000,0.000000,0.000000,0.000000,0.000000,0.000000,Ry,Ry,True,,,True,False
FCl3,Rz,external,True,0.000000,0.000000,0.000000,0.000000,0.000000,0.000000,,,,0.000000,0.000000,0.000000,0.000000,0.000000,0.000000,0.000000,Rz,Rz,True,,,True,False
FCl3,Tx,external,True,0.000000,0.000000,0.000000,0.000000,0.000000,0.000000,,,,0.000000,0.000000,0.000000,0.000000,0.000000,0.000000,0.000000,Tx,Tx,True,,,True,False
FCl3,Ty,external,True,0.000000,0.000000,0.000000,0.000000,0.000000,0.000000,,,,0.000000,0.000000,0.000000,0.000000,0.000000,0.000000,0.000000,Ty,Ty,True,,,True,False
FCl3,Tz,external,True,0.000000,0.000000,0.000000,0.000000,0.000000,0.000000,,,,0.000000,0.000000,0.000000,0.000000,0.000000,0.000000,0.000000,Tz,Tz,True,,,True,False
GaCl3,3,internal,True,129.832100,129.832100,0.000000,0.000000,0.000000,0.000000,0.660100,0.660100,0.000000,0.000000,0.000000,0.000000,0.000000,0.000000,0.000000,0.000000,B,B,True,,,True,False
GaCl3,4,internal,True,357.091300,357.091300,0.000000,1.000000,1.000000,0.000000,0.000000,0.000000,0.000000,0.000000,0.000000,0.000000,0.000000,0.000000,0.000000,0.000000,S,S,True,,,True,False
GaCl3,Rx,external,True,0.000000,0.000000,0.000000,0.000000,0.000000,0.000000,,,,0.000000,0.000000,0.000000,0.000000,0.000000,0.000000,0.000000,Rx,Rx,True,,,True,False
GaCl3,Ry,external,True,0.000000,0.000000,0.000000,0.000000,0.000000,0.000000,,,,0.000000,0.000000,0.000000,0.000000,0.000000,0.000000,0.000000,Ry,Ry,True,,,True,False
GaCl3,Rz,external,True,0.000000,0.000000,0.000000,0.000000,0.000000,0.000000,,,,0.000000,0.000000,0.000000,0.000000,0.000000,0.000000,0.000000,Rz,Rz,True,,,True,False
GaCl3,Tx,external,True,0.000000,0.000000,0.000000,0.000000,0.000000,0.000000,,,,0.000000,0.000000,0.000000,0.000000,0.000000,0.000000,0.000000,Tx,Tx,True,,,True,False
GaCl3,Ty,external,True,0.000000,0.000000,0.000000,0.000000,0.000000,0.000000,,,,0.000000,0.000000,0.000000,0.000000,0.000000,0.000000,0.000000,Ty,Ty,True,,,True,False
GaCl3,Tz,external,True,0.000000,0.000000,0.000000,0.000000,0.000000,0.000000,,,,0.000000,0.000000,0.000000,0.000000,0.000000,0.000000,0.000000,Tz,Tz,True,,,True,False
GaF3,1,internal,True,198.675800,198.675700,-0.000100,0.000000,0.000000,0.000000,0.430840,0.430840,0.000000,0.000000,0.000000,0.000000,0.000000,0.000000,0.000000,0.000000,B,B,True,,,True,False
GaF3,4,internal,True,774.355500,774.355400,-0.000100,1.000000,1.000000,0.000000,0.000000,0.000000,0.000000,0.000000,0.000000,0.000000,0.000000,0.000000,0.000000,0.000000,S,S,True,,,True,False
GaF3,Rx,external,True,0.000000,0.000000,0.000000,0.000000,0.000000,0.000000,,,,0.000000,0.000000,0.000000,0.000000,0.000000,0.000000,0.000000,Rx,Rx,True,,,True,False
GaF3,Ry,external,True,0.000000,0.000000,0.000000,0.000000,0.000000,0.000000,,,,0.000000,0.000000,0.000000,0.000000,0.000000,0.000000,0.000000,Ry,Ry,True,,,True,False
GaF3,Rz,external,True,0.000000,0.000000,0.000000,0.000000,0.000000,0.000000,,,,0.000000,0.000000,0.000000,0.000000,0.000000,0.000000,0.000000,Rz,Rz,True,,,True,False
GaF3,Tx,external,True,0.000000,0.000000,0.000000,0.000000,0.000000,0.000000,,,,0.000000,0.000000,0.000000,0.000000,0.000000,0.000000,0.000000,Tx,Tx,True,,,True,False
GaF3,Ty,external,True,0.000000,0.000000,0.000000,0.000000,0.000000,0.000000,,,,0.000000,0.000000,0.000000,0.000000,0.000000,0.000000,0.000000,Ty,Ty,True,,,True,False
GaF3,Tz,external,True,0.000000,0.000000,0.000000,0.000000,0.000000,0.000000,,,,0.000000,0.000000,0.000000,0.000000,0.000000,0.000000,0.000000,Tz,Tz,True,,,True,False
GaH3,1,internal,True,733.294500,733.294500,0.000000,0.000000,0.000000,0.000000,0.025320,0.025320,0.000000,0.000000,0.000000,0.000000,0.000000,0.000000,0.000000,0.000000,B,B,True,,,True,False
GaH3,6,internal,True,1858.719200,1858.719200,0.000000,1.000000,1.000000,0.000000,0.000000,0.000000,0.000000,0.000000,0.000000,0.000000,0.000000,0.000000,0.000000,0.000000,S,S,True,,,True,False
GaH3,Rx,external,True,0.000000,0.000000,0.000000,0.000000,0.000000,0.000000,,,,0.000000,0.000000,0.000000,0.000000,0.000000,0.000000,0.000000,Rx,Rx,True,,,True,False
GaH3,Ry,external,True,0.000000,0.000000,0.000000,0.000000,0.000000,0.000000,,,,0.000000,0.000000,0.000000,0.000000,0.000000,0.000000,0.000000,Ry,Ry,True,,,True,False
GaH3,Rz,external,True,0.000000,0.000000,0.000000,0.000000,0.000000,0.000000,,,,0.000000,0.000000,0.000000,0.000000,0.000000,0.000000,0.000000,Rz,Rz,True,,,True,False
GaH3,Tx,external,True,0.000000,0.000000,0.000000,0.000000,0.000000,0.000000,,,,0.000000,0.000000,0.000000,0.000000,0.000000,0.000000,0.000000,Tx,Tx,True,,,True,False
GaH3,Ty,external,True,0.000000,0.000000,0.000000,0.000000,0.000000,0.000000,,,,0.000000,0.000000,0.000000,0.000000,0.000000,0.000000,0.000000,Ty,Ty,True,,,True,False
GaH3,Tz,external,True,0.000000,0.000000,0.000000,0.000000,0.000000,0.000000,,,,0.000000,0.000000,0.000000,0.000000,0.000000,0.000000,0.000000,Tz,Tz,True,,,True,False
H2O,1,internal,True,1722.457000,1722.457000,0.000000,0.134270,0.134270,0.000000,0.074780,0.074780,0.000000,0.000000,0.000000,0.000000,0.000000,0.000000,0.000000,0.000000,B,B,True,,,True,False
H2O,2,internal,True,3501.507300,3501.507300,0.000000,0.996628,0.996628,0.000000,0.044080,0.044080,0.000000,0.000000,0.000000,0.000000,0.000000,0.000000,0.000000,0.000000,S,S,True,,,True,False
H2O,3,internal,True,3660.797300,3660.797300,0.000000,0.998417,0.998417,0.000000,0.070620,0.070620,0.000000,0.000000,0.000000,0.000000,0.000000,0.000000,0.000000,0.000000,S,S,True,,,True,False
H2O,Rx,external,True,0.000000,0.000000,0.000000,0.000000,0.000000,0.000000,,,,0.000000,0.000000,0.000000,0.000000,0.000000,0.000000,0.000000,Rx,Rx,True,,,True,False
H2O,Ry,external,True,0.000000,0.000000,0.000000,0.000000,0.000000,0.000000,,,,0.000000,0.000000,0.000000,0.000000,0.000000,0.000000,0.000000,Ry,Ry,True,,,True,False
H2O,Rz,external,True,0.000000,0.000000,0.000000,0.000000,0.000000,0.000000,,,,0.000000,0.000000,0.000000,0.000000,0.000000,0.000000,0.000000,Rz,Rz,True,,,True,False
H2O,Tx,external,True,0.000000,0.000000,0.000000,0.000000,0.000000,0.000000,,,,0.000000,0.000000,0.000000,0.000000,0.000000,0.000000,0.000000,Tx,Tx,True,,,True,False
H2O,Ty,external,True,0.000000,0.000000,0.000000,0.000000,0.000000,0.000000,,,,0.000000,0.000000,0.000000,0.000000,0.000000,0.000000,0.000000,Ty,Ty,True,,,True,False
H2O,Tz,external,True,0.000000,0.000000,0.000000,0.000000,0.000000,0.000000,,,,0.000000,0.000000,0.000000,0.000000,0.000000,0.000000,0.000000,Tz,Tz,True,,,True,False
H2S,1,internal,True,1227.725100,1227.725100,0.000000,0.063170,0.063170,0.000000,0.033750,0.033750,0.000000,0.000000,0.000000,0.000000,0.000000,0.000000,0.000000,0.000000,B,B,True,,,True,False
H2S,2,internal,True,2491.178500,2491.178500,0.000000,0.999451,0.999451,0.000000,0.028070,0.028070,0.000000,0.000000,0.000000,0.000000,0.000000,0.000000,0.000000,0.000000,S,S,True,,,True,False
H2S,3,internal,True,2517.745200,2517.745200,0.000000,0.999539,0.999539,0.000000,0.032760,0.032760,0.000000,0.000000,0.000000,0.000000,0.000000,0.000000,0.000000,0.000000,S,S,True,,,True,False
H2S,Rx,external,True,0.000000,0.000000,0.000000,0.000000,0.000000,0.000000,,,,0.000000,0.000000,0.000000,0.000000,0.000000,0.000000,0.000000,Rx,Rx,True,,,True,False
H2S,Ry,external,True,0.000000,0.000000,0.000000,0.000000,0.000000,0.000000,,,,0.000000,0.000000,0.000000,0.000000,0.000000,0.000000,0.000000,Ry,Ry,True,,,True,False
H2S,Rz,external,True,0.000000,0.000000,0.000000,0.000000,0.000000,0.000000,,,,0.000000,0.000000,0.000000,0.000000,0.000000,0.000000,0.000000,Rz,Rz,True,,,True,False
H2S,Tx,external,True,0.000000,0.000000,0.000000,0.000000,0.000000,0.000000,,,,0.000000,0.000000,0.000000,0.000000,0.000000,0.000000,0.000000,Tx,Tx,True,,,True,False
H2S,Ty,external,True,0.000000,0.000000,0.000000,0.000000,0.000000,0.000000,,,,0.000000,0.000000,0.000000,0.000000,0.000000,0.000000,0.000000,Ty,Ty,True,,,True,False
H2S,Tz,external,True,0.000000,0.000000,0.000000,0.000000,0.000000,0.000000,,,,0.000000,0.000000,0.000000,0.000000,0.000000,0.000000,0.000000,Tz,Tz,True,,,True,False
H2Se,1,internal,True,1076.708900,1076.708900,0.000000,0.054222,0.054222,0.000000,0.013370,0.013370,0.000000,0.000000,0.000000,0.000000,0.000000,0.000000,0.000000,0.000000,B,B,True,,,True,False
H2Se,2,internal,True,2231.496700,2231.496700,0.000000,0.999122,0.999122,0.000000,0.011640,0.011640,0.000000,0.000000,0.000000,0.000000,0.000000,0.000000,0.000000,0.000000,S,S,True,,,True,False
H2Se,3,internal,True,2245.584700,2245.584700,0.000000,0.999923,0.999923,0.000000,0.012860,0.012860,0.000000,0.000000,0.000000,0.000000,0.000000,0.000000,0.000000,0.000000,S,S,True,,,True,False
H2Se,Rx,external,True,0.000000,0.000000,0.000000,0.000000,0.000000,0.000000,,,,0.000000,0.000000,0.000000,0.000000,0.000000,0.000000,0.000000,Rx,Rx,True,,,True,False
H2Se,Ry,external,True,0.000000,0.000000,0.000000,0.000000,0.000000,0.000000,,,,0.000000,0.000000,0.000000,0.000000,0.000000,0.000000,0.000000,Ry,Ry,True,,,True,False
H2Se,Rz,external,True,0.000000,0.000000,0.000000,0.000000,0.000000,0.000000,,,,0.000000,0.000000,0.000000,0.000000,0.000000,0.000000,0.000000,Rz,Rz,True,,,True,False
H2Se,Tx,external,True,0.000000,0.000000,0.000000,0.000000,0.000000,0.000000,,,,0.000000,0.000000,0.000000,0.000000,0.000000,0.000000,0.000000,Tx,Tx,True,,,True,False
H2Se,Ty,external,True,0.000000,0.000000,0.000000,0.000000,0.000000,0.000000,,,,0.000000,0.000000,0.000000,0.000000,0.000000,0.000000,0.000000,Ty,Ty,True,,,True,False
H2Se,Tz,external,True,0.000000,0.000000,0.000000,0.000000,0.000000,0.000000,,,,0.000000,0.000000,0.000000,0.000000,0.000000,0.000000,0.000000,Tz,Tz,True,,,True,False
IH3,1,internal,True,827.385800,827.385800,0.000000,0.000000,0.000000,0.000000,0.008930,0.008930,0.000000,0.000000,0.000000,0.000000,0.000000,0.000000,0.000000,0.000000,B,B,True,,,True,False
IH3,2,internal,True,950.601400,950.601400,0.000000,0.119524,0.119524,0.000000,0.011180,0.011180,0.000000,0.000000,0.000000,0.000000,0.000000,0.000000,0.000000,0.000000,B,B,True,,,True,False
IH3,3,internal,True,1203.976500,1203.976500,0.000000,0.173269,0.173269,0.000000,0.008780,0.008780,0.000000,0.000000,0.000000,0.000000,0.000000,0.000000,0.000000,0.000000,B,B,True,,,True,False
IH3,4,internal,True,1254.650000,1254.649900,-0.000100,0.928656,0.928656,0.000000,0.008850,0.008850,0.000000,0.000000,0.000000,0.000000,0.000000,0.000000,0.000000,0.000000,S,S,True,,,True,False
IH3,5,internal,True,1355.730500,1355.730600,0.000100,0.991912,0.991912,0.000000,0.001830,0.001830,0.000000,0.000000,0.000000,0.000000,0.000000,0.000000,0.000000,0.000000,S,S,True,,,True,False
IH3,6,internal,True,1966.160100,1966.160100,0.000000,0.999582,0.999582,0.000000,0.007680,0.007680,0.000000,0.000000,0.000000,0.000000,0.000000,0.000000,0.000000,0.000000,S,S,True,,,True,False
IH3,Rx,external,True,0.000000,0.000000,0.000000,0.000000,0.000000,0.000000,,,,0.000000,0.000000,0.000000,0.000000,0.000000,0.000000,0.000000,Rx,Rx,True,,,True,False
IH3,Ry,external,True,0.000000,0.000000,0.000000,0.000000,0.000000,0.000000,,,,0.000000,0.000000,0.000000,0.000000,0.000000,0.000000,0.000000,Ry,Ry,True,,,True,False
IH3,Rz,external,True,0.000000,0.000000,0.000000,0.000000,0.000000,0.000000,,,,0.000000,0.000000,0.000000,0.000000,0.000000,0.000000,0.000000,Rz,Rz,True,,,True,False
IH3,Tx,external,True,0.000000,0.000000,0.000000,0.000000,0.000000,0.000000,,,,0.000000,0.000000,0.000000,0.000000,0.000000,0.000000,0.000000,Tx,Tx,True,,,True,False
IH3,Ty,external,True,0.000000,0.000000,0.000000,0.000000,0.000000,0.000000,,,,0.000000,0.000000,0.000000,0.000000,0.000000,0.000000,0.000000,Ty,Ty,True,,,True,False
IH3,Tz,external,True,0.000000,0.000000,0.000000,0.000000,0.000000,0.000000,,,,0.000000,0.000000,0.000000,0.000000,0.000000,0.000000,0.000000,Tz,Tz,True,,,True,False
InH3,1,internal,True,609.539900,609.539900,0.000000,0.000000,0.000000,0.000000,0.015190,0.015190,0.000000,0.000000,0.000000,0.000000,0.000000,0.000000,0.000000,0.000000,B,B,True,,,True,False
InH3,6,internal,True,1791.359800,1791.359800,0.000000,1.000000,1.000000,0.000000,0.000000,0.000000,0.000000,0.000000,0.000000,0.000000,0.000000,0.000000,0.000000,0.000000,S,S,True,,,True,False
InH3,Rx,external,True,0.000000,0.000000,0.000000,0.000000,0.000000,0.000000,,,,0.000000,0.000000,0.000000,0.000000,0.000000,0.000000,0.000000,Rx,Rx,True,,,True,False
InH3,Ry,external,True,0.000000,0.000000,0.000000,0.000000,0.000000,0.000000,,,,0.000000,0.000000,0.000000,0.000000,0.000000,0.000000,0.000000,Ry,Ry,True,,,True,False
InH3,Rz,external,True,0.000000,0.000000,0.000000,0.000000,0.000000,0.000000,,,,0.000000,0.000000,0.000000,0.000000,0.000000,0.000000,0.000000,Rz,Rz,True,,,True,False
InH3,Tx,external,True,0.000000,0.000000,0.000000,0.000000,0.000000,0.000000,,,,0.000000,0.000000,0.000000,0.000000,0.000000,0.000000,0.000000,Tx,Tx,True,,,True,False
InH3,Ty,external,True,0.000000,0.000000,0.000000,0.000000,0.000000,0.000000,,,,0.000000,0.000000,0.000000,0.000000,0.000000,0.000000,0.000000,Ty,Ty,True,,,True,False
InH3,Tz,external,True,0.000000,0.000000,0.000000,0.000000,0.000000,0.000000,,,,0.000000,0.000000,0.000000,0.000000,0.000000,0.000000,0.000000,Tz,Tz,True,,,True,False
NBr3,3,internal,True,187.785100,187.785200,0.000100,0.486361,0.486361,0.000000,0.370920,0.370920,0.000000,0.000000,0.000000,0.000000,0.000000,0.000000,0.000000,0.000000,SB,SB,True,,,True,False
NBr3,4,internal,True,356.927400,356.927400,0.000000,0.453824,0.453824,0.000000,0.992030,0.992030,0.000000,0.000000,0.000000,0.000000,0.000000,0.000000,0.000000,0.000000,SB,SB,True,,,True,False
NBr3,Rx,external,True,0.000000,0.000000,0.000000,0.000000,0.000000,0.000000,,,,0.000000,0.000000,0.000000,0.000000,0.000000,0.000000,0.000000,Rx,Rx,True,,,True,False
NBr3,Ry,external,True,0.000000,0.000000,0.000000,0.000000,0.000000,0.000000,,,,0.000000,0.000000,0.000000,0.000000,0.000000,0.000000,0.000000,Ry,Ry,True,,,True,False
NBr3,Rz,external,True,0.000000,0.000000,0.000000,0.000000,0.000000,0.000000,,,,0.000000,0.000000,0.000000,0.000000,0.000000,0.000000,0.000000,Rz,Rz,True,,,True,False
NBr3,Tx,external,True,0.000000,0.000000,0.000000,0.000000,0.000000,0.000000,,,,0.000000,0.000000,0.000000,0.000000,0.000000,0.000000,0.000000,Tx,Tx,True,,,True,False
NBr3,Ty,external,True,0.000000,0.000000,0.000000,0.000000,0.000000,0.000000,,,,0.000000,0.000000,0.000000,0.000000,0.000000,0.000000,0.000000,Ty,Ty,True,,,True,False
NBr3,Tz,external,True,0.000000,0.000000,0.000000,0.000000,0.000000,0.000000,,,,0.000000,0.000000,0.000000,0.000000,0.000000,0.000000,0.000000,Tz,Tz,True,,,True,False
NCl3,3,internal,True,356.757600,356.757600,0.000000,0.334104,0.334104,0.000000,0.487570,0.487570,0.000000,0.000000,0.000000,0.000000,0.000000,0.000000,0.000000,0.000000,SB,SB,True,,,True,False
NCl3,4,internal,True,553.530900,553.530900,0.000000,0.500431,0.500431,0.000000,0.945420,0.945420,0.000000,0.000000,0.000000,0.000000,0.000000,0.000000,0.000000,0.000000,SB,SB,True,,,True,False
NCl3,Rx,external,True,0.000000,0.000000,0.000000,0.000000,0.000000,0.000000,,,,0.000000,0.000000,0.000000,0.000000,0.000000,0.000000,0.000000,Rx,Rx,True,,,True,False
NCl3,Ry,external,True,0.000000,0.000000,0.000000,0.000000,0.000000,0.000000,,,,0.000000,0.000000,0.000000,0.000000,0.000000,0.000000,0.000000,Ry,Ry,True,,,True,False
NCl3,Rz,external,True,0.000000,0.000000,0.000000,0.000000,0.000000,0.000000,,,,0.000000,0.000000,0.000000,0.000000,0.000000,0.000000,0.000000,Rz,Rz,True,,,True,False
NCl3,Tx,external,True,0.000000,0.000000,0.000000,0.000000,0.000000,0.000000,,,,0.000000,0.000000,0.000000,0.000000,0.000000,0.000000,0.000000,Tx,Tx,True,,,True,False
NCl3,Ty,external,True,0.000000,0.000000,0.000000,0.000000,0.000000,0.000000,,,,0.000000,0.000000,0.000000,0.000000,0.000000,0.000000,0.000000,Ty,Ty,True,,,True,False
NCl3,Tz,external,True,0.000000,0.000000,0.000000,0.000000,0.000000,0.000000,,,,0.000000,0.000000,0.000000,0.000000,0.000000,0.000000,0.000000,Tz,Tz,True,,,True,False
NF3,3,internal,True,549.497900,549.497900,0.000000,0.237656,0.237656,0.000000,0.462710,0.462710,0.000000,0.000000,0.000000,0.000000,0.000000,0.000000,0.000000,0.000000,SB,SB,True,,,True,False
NF3,6,internal,True,939.303800,939.303800,0.000000,0.642401,0.642401,0.000000,0.838390,0.838390,0.000000,0.000000,0.000000,0.000000,0.000000,0.000000,0.000000,0.000000,SB,SB,True,,,True,False
NF3,Rx,external,True,0.000000,0.000000,0.000000,0.000000,0.000000,0.000000,,,,0.000000,0.000000,0.000000,0.000000,0.000000,0.000000,0.000000,Rx,Rx,True,,,True,False
NF3,Ry,external,True,0.000000,0.000000,0.000000,0.000000,0.000000,0.000000,,,,0.000000,0.000000,0.000000,0.000000,0.000000,0.000000,0.000000,Ry,Ry,True,,,True,False
NF3,Rz,external,True,0.000000,0.000000,0.000000,0.000000,0.000000,0.000000,,,,0.000000,0.000000,0.000000,0.000000,0.000000,0.000000,0.000000,Rz,Rz,True,,,True,False
NF3,Tx,external,True,0.000000,0.000000,0.000000,0.000000,0.000000,0.000000,,,,0.000000,0.000000,0.000000,0.000000,0.000000,0.000000,0.000000,Tx,Tx,True,,,True,False
NF3,Ty,external,True,0.000000,0.000000,0.000000,0.000000,0.000000,0.000000,,,,0.000000,0.000000,0.000000,0.000000,0.000000,0.000000,0.000000,Ty,Ty,True,,,True,False
NF3,Tz,external,True,0.000000,0.000000,0.000000,0.000000,0.000000,0.000000,,,,0.000000,0.000000,0.000000,0.000000,0.000000,0.000000,0.000000,Tz,Tz,True,,,True,False
OBr4,1,internal,True,69.285600,69.285400,-0.000200,0.000082,0.000082,0.000000,0.000090,0.000090,0.000000,0.000000,0.000000,0.000000,0.000000,0.000000,0.000000,0.000000,B,B,True,,,True,False
OBr4,2,internal,True,69.300800,69.300700,-0.000100,0.000000,0.000000,0.000000,0.000000,0.000000,0.000000,0.000000,0.000000,0.000000,0.000000,0.000000,0.000000,0.000000,B,B,True,,,True,False
OBr4,3,internal,True,85.897500,85.897300,-0.000200,0.246122,0.246122,0.000000,0.376150,0.376150,0.000000,0.000000,0.000000,0.000000,0.000000,0.000000,0.000000,0.000000,SB,SB,True,,,True,False
OBr4,6,internal,True,186.222800,186.222700,-0.000100,1.000000,1.000000,-0.000000,0.000040,0.000040,0.000000,0.000000,0.000000,0.000000,0.000000,0.000000,0.000000,0.000000,S,S,True,,,True,False
OBr4,7,internal,True,482.805900,482.805600,-0.000300,0.610407,0.610407,-0.000000,0.991240,0.991240,0.000000,0.000000,0.000000,0.000000,0.000000,0.000000,0.000000,0.000000,SB,SB,True,,,True,False
OBr4,Rz,external,True,0.000000,0.000000,0.000000,0.000000,0.000000,0.000000,,,,0.000000,0.000000,0.000000,0.000000,0.000000,0.000000,0.000000,Rz,Rz,True,,,True,False
OBr4,Tz,external,True,0.000000,0.000000,0.000000,0.000000,0.000000,0.000000,,,,0.000000,0.000000,0.000000,0.000000,0.000000,0.000000,0.000000,Tz,Tz,True,,,True,False
OCl2,1,internal,True,254.988600,254.988600,0.000000,0.100317,0.100317,0.000000,0.529870,0.529870,0.000000,0.000000,0.000000,0.000000,0.000000,0.000000,0.000000,0.000000,B,B,True,,,True,False
OCl2,2,internal,True,539.413700,539.413700,0.000000,0.742614,0.742614,0.000000,0.900510,0.900510,0.000000,0.000000,0.000000,0.000000,0.000000,0.000000,0.000000,0.000000,SB,SB,True,,,True,False
OCl2,3,internal,True,638.929700,638.929700,0.000000,0.878721,0.878721,0.000000,0.928060,0.928060,0.000000,0.000000,0.000000,0.000000,0.000000,0.000000,0.000000,0.000000,SB,SB,True,,,True,False
OCl2,Rx,external,True,0.000000,0.000000,0.000000,0.000000,0.000000,0.000000,,,,0.000000,0.000000,0.000000,0.000000,0.000000,0.000000,0.000000,Rx,Rx,True,,,True,False
OCl2,Ry,external,True,0.000000,0.000000,0.000000,0.000000,0.000000,0.000000,,,,0.000000,0.000000,0.000000,0.000000,0.000000,0.000000,0.000000,Ry,Ry,True,,,True,False
OCl2,Rz,external,True,0.000000,0.000000,0.000000,0.000000,0.000000,0.000000,,,,0.000000,0.000000,0.000000,0.000000,0.000000,0.000000,0.000000,Rz,Rz,True,,,True,False
OCl2,Tx,external,True,0.000000,0.000000,0.000000,0.000000,0.000000,0.000000,,,,0.000000,0.000000,0.000000,0.000000,0.000000,0.000000,0.000000,Tx,Tx,True,,,True,False
OCl2,Ty,external,True,0.000000,0.000000,0.000000,0.000000,0.000000,0.000000,,,,0.000000,0.000000,0.000000,0.000000,0.000000,0.000000,0.000000,Ty,Ty,True,,,True,False
OCl2,Tz,external,True,0.000000,0.000000,0.000000,0.000000,0.000000,0.000000,,,,0.000000,0.000000,0.000000,0.000000,0.000000,0.000000,0.000000,Tz,Tz,True,,,True,False
OCl4,2,internal,True,104.691100,104.687000,-0.004100,0.000000,0.000000,0.000000,0.000000,0.000000,0.000000,0.000000,0.000000,0.000000,0.000000,0.000000,0.000000,0.000000,B,B,True,,,True,False
OCl4,Rz,external,True,0.000000,0.000000,0.000000,0.000000,0.000000,0.000000,,,,0.000000,0.000000,0.000000,0.000000,0.000000,0.000000,0.000000,Rz,Rz,True,,,True,False
OCl4,Tz,external,True,0.000000,0.000000,0.000000,0.000000,0.000000,0.000000,,,,0.000000,0.000000,0.000000,0.000000,0.000000,0.000000,0.000000,Tz,Tz,True,,,True,False
OF2,1,internal,True,387.840000,387.840000,0.000000,0.059792,0.059792,0.000000,0.453460,0.453460,0.000000,0.000000,0.000000,0.000000,0.000000,0.000000,0.000000,0.000000,B,B,True,,,True,False
OF2,2,internal,True,945.285200,945.285200,0.000000,0.840492,0.840492,0.000000,0.753290,0.753290,0.000000,0.000000,0.000000,0.000000,0.000000,0.000000,0.000000,0.000000,SB,SB,True,,,True,False
OF2,3,internal,True,967.296300,967.296200,-0.000100,0.900249,0.900249,0.000000,0.791490,0.791490,0.000000,0.000000,0.000000,0.000000,0.000000,0.000000,0.000000,0.000000,SB,SB,True,,,True,False
OF2,Rx,external,True,0.000000,0.000000,0.000000,0.000000,0.000000,0.000000,,,,0.000000,0.000000,0.000000,0.000000,0.000000,0.000000,0.000000,Rx,Rx,True,,,True,False
OF2,Ry,external,True,0.000000,0.000000,0.000000,0.000000,0.000000,0.000000,,,,0.000000,0.000000,0.000000,0.000000,0.000000,0.000000,0.000000,Ry,Ry,True,,,True,False
OF2,Rz,external,True,0.000000,0.000000,0.000000,0.000000,0.000000,0.000000,,,,0.000000,0.000000,0.000000,0.000000,0.000000,0.000000,0.000000,Rz,Rz,True,,,True,False
OF2,Tx,external,True,0.000000,0.000000,0.000000,0.000000,0.000000,0.000000,,,,0.000000,0.000000,0.000000,0.000000,0.000000,0.000000,0.000000,Tx,Tx,True,,,True,False
OF2,Ty,external,True,0.000000,0.000000,0.000000,0.000000,0.000000,0.000000,,,,0.000000,0.000000,0.000000,0.000000,0.000000,0.000000,0.000000,Ty,Ty,True,,,True,False
OF2,Tz,external,True,0.000000,0.000000,0.000000,0.000000,0.000000,0.000000,,,,0.000000,0.000000,0.000000,0.000000,0.000000,0.000000,0.000000,Tz,Tz,True,,,True,False
PCl3,3,internal,True,198.958100,198.958100,0.000000,0.137784,0.137784,0.000000,0.508950,0.508950,0.000000,0.000000,0.000000,0.000000,0.000000,0.000000,0.000000,0.000000,B,B,True,,,True,False
PCl3,4,internal,True,408.423900,408.423900,0.000000,0.711797,0.711797,0.000000,0.752080,0.752080,0.000000,0.000000,0.000000,0.000000,0.000000,0.000000,0.000000,0.000000,SB,SB,True,,,True,False
PCl3,Rx,external,True,0.000000,0.000000,0.000000,0.000000,0.000000,0.000000,,,,0.000000,0.000000,0.000000,0.000000,0.000000,0.000000,0.000000,Rx,Rx,True,,,True,False
PCl3,Ry,external,True,0.000000,0.000000,0.000000,0.000000,0.000000,0.000000,,,,0.000000,0.000000,0.000000,0.000000,0.000000,0.000000,0.000000,Ry,Ry,True,,,True,False
PCl3,Rz,external,True,0.000000,0.000000,0.000000,0.000000,0.000000,0.000000,,,,0.000000,0.000000,0.000000,0.000000,0.000000,0.000000,0.000000,Rz,Rz,True,,,True,False
PCl3,Tx,external,True,0.000000,0.000000,0.000000,0.000000,0.000000,0.000000,,,,0.000000,0.000000,0.000000,0.000000,0.000000,0.000000,0.000000,Tx,Tx,True,,,True,False
PCl3,Ty,external,True,0.000000,0.000000,0.000000,0.000000,0.000000,0.000000,,,,0.000000,0.000000,0.000000,0.000000,0.000000,0.000000,0.000000,Ty,Ty,True,,,True,False
PCl3,Tz,external,True,0.000000,0.000000,0.000000,0.000000,0.000000,0.000000,,,,0.000000,0.000000,0.000000,0.000000,0.000000,0.000000,0.000000,Tz,Tz,True,,,True,False
PF3,3,internal,True,380.312400,380.312300,-0.000100,0.116846,0.116846,0.000000,0.410090,0.410090,0.000000,0.000000,0.000000,0.000000,0.000000,0.000000,0.000000,0.000000,B,B,True,,,True,False
PF3,4,internal,True,802.072600,802.072600,0.000000,0.822501,0.822501,0.000000,0.538730,0.538730,0.000000,0.000000,0.000000,0.000000,0.000000,0.000000,0.000000,0.000000,SB,SB,True,,,True,False
PF3,Rx,external,True,0.000000,0.000000,0.000000,0.000000,0.000000,0.000000,,,,0.000000,0.000000,0.000000,0.000000,0.000000,0.000000,0.000000,Rx,Rx,True,,,True,False
PF3,Ry,external,True,0.000000,0.000000,0.000000,0.000000,0.000000,0.000000,,,,0.000000,0.000000,0.000000,0.000000,0.000000,0.000000,0.000000,Ry,Ry,True,,,True,False
PF3,Rz,external,True,0.000000,0.000000,0.000000,0.000000,0.000000,0.000000,,,,0.000000,0.000000,0.000000,0.000000,0.000000,0.000000,0.000000,Rz,Rz,True,,,True,False
PF3,Tx,external,True,0.000000,0.000000,0.000000,0.000000,0.000000,0.000000,,,,0.000000,0.000000,0.000000,0.000000,0.000000,0.000000,0.000000,Tx,Tx,True,,,True,False
PF3,Ty,external,True,0.000000,0.000000,0.000000,0.000000,0.000000,0.000000,,,,0.000000,0.000000,0.000000,0.000000,0.000000,0.000000,0.000000,Ty,Ty,True,,,True,False
PF3,Tz,external,True,0.000000,0.000000,0.000000,0.000000,0.000000,0.000000,,,,0.000000,0.000000,0.000000,0.000000,0.000000,0.000000,0.000000,Tz,Tz,True,,,True,False
PH3,1,internal,True,1040.603900,1040.603900,0.000000,0.094499,0.094499,0.000000,0.049660,0.049660,0.000000,0.000000,0.000000,0.000000,0.000000,0.000000,0.000000,0.000000,B,B,True,,,True,False
PH3,4,internal,True,2301.284800,2301.284800,0.000000,0.998377,0.998377,0.000000,0.024630,0.024630,0.000000,0.000000,0.000000,0.000000,0.000000,0.000000,0.000000,0.000000,S,S,True,,,True,False
PH3,Rx,external,True,0.000000,0.000000,0.000000,0.000000,0.000000,0.000000,,,,0.000000,0.000000,0.000000,0.000000,0.000000,0.000000,0.000000,Rx,Rx,True,,,True,False
PH3,Ry,external,True,0.000000,0.000000,0.000000,0.000000,0.000000,0.000000,,,,0.000000,0.000000,0.000000,0.000000,0.000000,0.000000,0.000000,Ry,Ry,True,,,True,False
PH3,Rz,external,True,0.000000,0.000000,0.000000,0.000000,0.000000,0.000000,,,,0.000000,0.000000,0.000000,0.000000,0.000000,0.000000,0.000000,Rz,Rz,True,,,True,False
PH3,Tx,external,True,0.000000,0.000000,0.000000,0.000000,0.000000,0.000000,,,,0.000000,0.000000,0.000000,0.000000,0.000000,0.000000,0.000000,Tx,Tx,True,,,True,False
PH3,Ty,external,True,0.000000,0.000000,0.000000,0.000000,0.000000,0.000000,,,,0.000000,0.000000,0.000000,0.000000,0.000000,0.000000,0.000000,Ty,Ty,True,,,True,False
PH3,Tz,external,True,0.000000,0.000000,0.000000,0.000000,0.000000,0.000000,,,,0.000000,0.000000,0.000000,0.000000,0.000000,0.000000,0.000000,Tz,Tz,True,,,True,False
SBr2,1,internal,True,99.019300,99.019300,0.000000,0.061561,0.061561,0.000000,0.535360,0.535360,0.000000,0.000000,0.000000,0.000000,0.000000,0.000000,0.000000,0.000000,B,B,True,,,True,False
SBr2,2,internal,True,335.135800,335.135800,0.000000,0.758190,0.758190,0.000000,0.920310,0.920310,0.000000,0.000000,0.000000,0.000000,0.000000,0.000000,0.000000,0.000000,SB,SB,True,,,True,False
SBr2,3,internal,True,367.263900,367.263900,0.000000,0.856101,0.856101,0.000000,0.938530,0.938530,0.000000,0.000000,0.000000,0.000000,0.000000,0.000000,0.000000,0.000000,SB,SB,True,,,True,False
SBr2,Rx,external,True,0.000000,0.000000,0.000000,0.000000,0.000000,0.000000,,,,0.000000,0.000000,0.000000,0.000000,0.000000,0.000000,0.000000,Rx,Rx,True,,,True,False
SBr2,Ry,external,True,0.000000,0.000000,0.000000,0.000000,0.000000,0.000000,,,,0.000000,0.000000,0.000000,0.000000,0.000000,0.000000,0.000000,Ry,Ry,True,,,True,False
SBr2,Rz,external,True,0.000000,0.000000,0.000000,0.000000,0.000000,0.000000,,,,0.000000,0.000000,0.000000,0.000000,0.000000,0.000000,0.000000,Rz,Rz,True,,,True,False
SBr2,Tx,external,True,0.000000,0.000000,0.000000,0.000000,0.000000,0.000000,,,,0.000000,0.000000,0.000000,0.000000,0.000000,0.000000,0.000000,Tx,Tx,True,,,True,False
SBr2,Ty,external,True,0.000000,0.000000,0.000000,0.000000,0.000000,0.000000,,,,0.000000,0.000000,0.000000,0.000000,0.000000,0.000000,0.000000,Ty,Ty,True,,,True,False
SBr2,Tz,external,True,0.000000,0.000000,0.000000,0.000000,0.000000,0.000000,,,,0.000000,0.000000,0.000000,0.000000,0.000000,0.000000,0.000000,Tz,Tz,True,,,True,False
SBr4,1,internal,True,54.259800,54.259800,0.000000,0.033123,0.033124,0.000001,0.239780,0.239780,0.000000,0.000000,0.000000,0.000000,0.000000,0.000000,0.000000,0.000000,B,B,True,,,True,False
SBr4,3,internal,True,99.251500,99.251500,0.000000,0.000000,0.000000,0.000000,0.000000,0.000000,0.000000,0.000000,0.000000,0.000000,0.000000,0.000000,0.000000,0.000000,B,B,True,,,True,False
SBr4,5,internal,True,135.073600,135.073500,-0.000100,0.407058,0.407058,0.000000,0.368200,0.368200,0.000000,0.000000,0.000000,0.000000,0.000000,0.000000,0.000000,0.000000,SB,SB,True,,,True,False
SBr4,8,internal,True,392.232200,392.231800,-0.000400,0.471731,0.471731,-0.000000,0.937670,0.937670,0.000000,0.000000,0.000000,0.000000,0.000000,0.000000,0.000000,0.000000,SB,SB,True,,,True,False
SBr4,Rz,external,True,0.000000,0.000000,0.000000,0.000000,0.000000,0.000000,,,,0.000000,0.000000,0.000000,0.000000,0.000000,0.000000,0.000000,Rz,Rz,True,,,True,False
SBr4,Tz,external,True,0.000000,0.000000,0.000000,0.000000,0.000000,0.000000,,,,0.000000,0.000000,0.000000,0.000000,0.000000,0.000000,0.000000,Tz,Tz,True,,,True,False
SCl2,1,internal,True,143.619800,143.619800,0.000000,0.041262,0.041262,0.000000,0.452730,0.452730,0.000000,0.000000,0.000000,0.000000,0.000000,0.000000,0.000000,0.000000,B,B,True,,,True,False
SCl2,2,internal,True,413.267500,413.267500,0.000000,0.856025,0.856025,0.000000,0.719660,0.719660,0.000000,0.000000,0.000000,0.000000,0.000000,0.000000,0.000000,0.000000,SB,SB,True,,,True,False
SCl2,3,internal,True,425.179400,425.179400,0.000000,0.905525,0.905525,0.000000,0.765560,0.765560,0.000000,0.000000,0.000000,0.000000,0.000000,0.000000,0.000000,0.000000,S,S,True,,,True,False
SCl2,Rx,external,True,0.000000,0.000000,0.000000,0.000000,0.000000,0.000000,,,,0.000000,0.000000,0.000000,0.000000,0.000000,0.000000,0.000000,Rx,Rx,True,,,True,False
SCl2,Ry,external,True,0.000000,0.000000,0.000000,0.000000,0.000000,0.000000,,,,0.000000,0.000000,0.000000,0.000000,0.000000,0.000000,0.000000,Ry,Ry,True,,,True,False
SCl2,Rz,external,True,0.000000,0.000000,0.000000,0.000000,0.000000,0.000000,,,,0.000000,0.000000,0.000000,0.000000,0.000000,0.000000,0.000000,Rz,Rz,True,,,True,False
SCl2,Tx,external,True,0.000000,0.000000,0.000000,0.000000,0.000000,0.000000,,,,0.000000,0.000000,0.000000,0.000000,0.000000,0.000000,0.000000,Tx,Tx,True,,,True,False
SCl2,Ty,external,True,0.000000,0.000000,0.000000,0.000000,0.000000,0.000000,,,,0.000000,0.000000,0.000000,0.000000,0.000000,0.000000,0.000000,Ty,Ty,True,,,True,False
SCl2,Tz,external,True,0.000000,0.000000,0.000000,0.000000,0.000000,0.000000,,,,0.000000,0.000000,0.000000,0.000000,0.000000,0.000000,0.000000,Tz,Tz,True,,,True,False
SCl4,1,internal,True,106.175800,106.175700,-0.000100,0.018444,0.018444,0.000000,0.153230,0.153230,0.000000,0.000000,0.000000,0.000000,0.000000,0.000000,0.000000,0.000000,B,B,True,,,True,False
SCl4,2,internal,True,158.691300,158.691200,-0.000100,0.016048,0.016048,0.000000,0.442630,0.442630,0.000000,0.000000,0.000000,0.000000,0.000000,0.000000,0.000000,0.000000,B,B,True,,,True,False
SCl4,3,internal,True,195.143500,195.143500,0.000000,0.000000,0.000000,0.000000,0.000000,0.000000,0.000000,0.000000,0.000000,0.000000,0.000000,0.000000,0.000000,0.000000,B,B,True,,,True,False
SCl4,4,internal,True,232.857400,232.857300,-0.000100,0.097450,0.097450,0.000000,0.224150,0.224150,0.000000,0.000000,0.000000,0.000000,0.000000,0.000000,0.000000,0.000000,B,B,True,,,True,False
SCl4,5,internal,True,237.793700,237.793600,-0.000100,0.310749,0.310749,0.000000,0.418100,0.418100,0.000000,0.000000,0.000000,0.000000,0.000000,0.000000,0.000000,0.000000,SB,SB,True,,,True,False
SCl4,6,internal,True,256.699300,256.699200,-0.000100,0.687706,0.687706,0.000000,0.308880,0.308880,0.000000,0.000000,0.000000,0.000000,0.000000,0.000000,0.000000,0.000000,SB,SB,True,,,True,False
SCl4,7,internal,True,425.520700,425.520800,0.000100,0.618848,0.618848,0.000000,0.876980,0.876980,0.000000,0.000000,0.000000,0.000000,0.000000,0.000000,0.000000,0.000000,SB,SB,True,,,True,False
SCl4,8,internal,True,505.973700,505.973600,-0.000100,0.565195,0.565195,0.000000,0.751250,0.751250,0.000000,0.000000,0.000000,0.000000,0.000000,0.000000,0.000000,0.000000,SB,SB,True,,,True,False
SCl4,9,internal,True,511.336100,511.336000,-0.000100,0.607576,0.607576,0.000000,0.791830,0.791830,0.000000,0.000000,0.000000,0.000000,0.000000,0.000000,0.000000,0.000000,SB,SB,True,,,True,False
SCl4,Rx,external,True,0.000000,0.000000,0.000000,0.000000,0.000000,0.000000,,,,0.000000,0.000000,0.000000,0.000000,0.000000,0.000000,0.000000,Rx,Rx,True,,,True,False
SCl4,Ry,external,True,0.000000,0.000000,0.000000,0.000000,0.000000,0.000000,,,,0.000000,0.000000,0.000000,0.000000,0.000000,0.000000,0.000000,Ry,Ry,True,,,True,False
SCl4,Rz,external,True,0.000000,0.000000,0.000000,0.000000,0.000000,0.000000,,,,0.000000,0.000000,0.000000,0.000000,0.000000,0.000000,0.000000,Rz,Rz,True,,,True,False
SCl4,Tx,external,True,0.000000,0.000000,0.000000,0.000000,0.000000,0.000000,,,,0.000000,0.000000,0.000000,0.000000,0.000000,0.000000,0.000000,Tx,Tx,True,,,True,False
SCl4,Ty,external,True,0.000000,0.000000,0.000000,0.000000,0.000000,0.000000,,,,0.000000,0.000000,0.000000,0.000000,0.000000,0.000000,0.000000,Ty,Ty,True,,,True,False
SCl4,Tz,external,True,0.000000,0.000000,0.000000,0.000000,0.000000,0.000000,,,,0.000000,0.000000,0.000000,0.000000,0.000000,0.000000,0.000000,Tz,Tz,True,,,True,False
SF2,1,internal,True,303.693800,303.693800,0.000000,0.053990,0.053990,0.000000,0.342280,0.342280,0.000000,0.000000,0.000000,0.000000,0.000000,0.000000,0.000000,0.000000,B,B,True,,,True,False
SF2,2,internal,True,780.293300,780.293300,0.000000,0.914422,0.914422,0.000000,0.500920,0.500920,0.000000,0.000000,0.000000,0.000000,0.000000,0.000000,0.000000,0.000000,S,S,True,,,True,False
SF2,3,internal,True,801.253700,801.253700,0.000000,0.944605,0.944605,0.000000,0.538840,0.538840,0.000000,0.000000,0.000000,0.000000,0.000000,0.000000,0.000000,0.000000,S,S,True,,,True,False
SF2,Rx,external,True,0.000000,0.000000,0.000000,0.000000,0.000000,0.000000,,,,0.000000,0.000000,0.000000,0.000000,0.000000,0.000000,0.000000,Rx,Rx,True,,,True,False
SF2,Ry,external,True,0.000000,0.000000,0.000000,0.000000,0.000000,0.000000,,,,0.000000,0.000000,0.000000,0.000000,0.000000,0.000000,0.000000,Ry,Ry,True,,,True,False
SF2,Rz,external,True,0.000000,0.000000,0.000000,0.000000,0.000000,0.000000,,,,0.000000,0.000000,0.000000,0.000000,0.000000,0.000000,0.000000,Rz,Rz,True,,,True,False
SF2,Tx,external,True,0.000000,0.000000,0.000000,0.000000,0.000000,0.000000,,,,0.000000,0.000000,0.000000,0.000000,0.000000,0.000000,0.000000,Tx,Tx,True,,,True,False
SF2,Ty,external,True,0.000000,0.000000,0.000000,0.000000,0.000000,0.000000,,,,0.000000,0.000000,0.000000,0.000000,0.000000,0.000000,0.000000,Ty,Ty,True,,,True,False
SF2,Tz,external,True,0.000000,0.000000,0.000000,0.000000,0.000000,0.000000,,,,0.000000,0.000000,0.000000,0.000000,0.000000,0.000000,0.000000,Tz,Tz,True,,,True,False
SF4,3,internal,True,403.776900,403.769000,-0.007900,0.000000,0.000000,0.000000,0.000000,0.000000,0.000000,0.000000,0.000000,0.000000,0.000000,0.000000,0.000000,0.000000,B,B,True,,,True,False
SF4,Rz,external,True,0.000000,0.000000,0.000000,0.000000,0.000000,0.000000,,,,0.000000,0.000000,0.000000,0.000000,0.000000,0.000000,0.000000,Rz,Rz,True,,,True,False
SF4,Tz,external,True,0.000000,0.000000,0.000000,0.000000,0.000000,0.000000,,,,0.000000,0.000000,0.000000,0.000000,0.000000,0.000000,0.000000,Tz,Tz,True,,,True,False
SH4,8,internal,True,1759.446800,1759.449800,0.003000,0.000000,0.000000,0.000000,0.000000,0.000000,0.000000,0.000000,0.000000,0.000000,0.000000,0.000000,0.000000,0.000000,B,B,True,,,True,False
SH4,Rz,external,True,0.000000,0.000000,0.000000,0.000000,0.000000,0.000000,,,,0.000000,0.000000,0.000000,0.000000,0.000000,0.000000,0.000000,Rz,Rz,True,,,True,False
SH4,Tz,external,True,0.000000,0.000000,0.000000,0.000000,0.000000,0.000000,,,,0.000000,0.000000,0.000000,0.000000,0.000000,0.000000,0.000000,Tz,Tz,True,,,True,False
SbH3,1,internal,True,819.160700,819.160700,0.000000,0.054059,0.054059,0.000000,0.012450,0.012450,0.000000,0.000000,0.000000,0.000000,0.000000,0.000000,0.000000,0.000000,B,B,True,,,True,False
SbH3,6,internal,True,1938.441800,1938.441800,0.000000,0.999059,0.999059,0.000000,0.007170,0.007170,0.000000,0.000000,0.000000,0.000000,0.000000,0.000000,0.000000,0.000000,S,S,True,,,True,False
SbH3,Rx,external,True,0.000000,0.000000,0.000000,0.000000,0.000000,0.000000,,,,0.000000,0.000000,0.000000,0.000000,0.000000,0.000000,0.000000,Rx,Rx,True,,,True,False
SbH3,Ry,external,True,0.000000,0.000000,0.000000,0.000000,0.000000,0.000000,,,,0.000000,0.000000,0.000000,0.000000,0.000000,0.000000,0.000000,Ry,Ry,True,,,True,False
SbH3,Rz,external,True,0.000000,0.000000,0.000000,0.000000,0.000000,0.000000,,,,0.000000,0.000000,0.000000,0.000000,0.000000,0.000000,0.000000,Rz,Rz,True,,,True,False
SbH3,Tx,external,True,0.000000,0.000000,0.000000,0.000000,0.000000,0.000000,,,,0.000000,0.000000,0.000000,0.000000,0.000000,0.000000,0.000000,Tx,Tx,True,,,True,False
SbH3,Ty,external,True,0.000000,0.000000,0.000000,0.000000,0.000000,0.000000,,,,0.000000,0.000000,0.000000,0.000000,0.000000,0.000000,0.000000,Ty,Ty,True,,,True,False
SbH3,Tz,external,True,0.000000,0.000000,0.000000,0.000000,0.000000,0.000000,,,,0.000000,0.000000,0.000000,0.000000,0.000000,0.000000,0.000000,Tz,Tz,True,,,True,False
SbH5,1,internal,True,463.038100,463.038100,0.000000,0.035741,0.035741,0.000000,0.004940,0.004940,0.000000,0.000000,0.000000,0.000000,0.000000,0.000000,0.000000,0.000000,B,B,True,,,True,False
SbH5,12,internal,True,1941.392500,1941.392500,0.000000,1.000000,1.000000,0.000000,0.000000,0.000000,0.000000,0.000000,0.000000,0.000000,0.000000,0.000000,0.000000,0.000000,S,S,True,,,True,False
SbH5,2,internal,True,463.038300,463.038300,0.000000,0.033443,0.033443,0.000000,0.004940,0.004940,0.000000,0.000000,0.000000,0.000000,0.000000,0.000000,0.000000,0.000000,B,B,True,,,True,False
SbH5,5,internal,True,954.319300,954.319300,0.000000,0.015329,0.015329,0.000000,0.015600,0.015600,0.000000,0.000000,0.000000,0.000000,0.000000,0.000000,0.000000,0.000000,B,B,True,,,True,False
SbH5,8,internal,True,1641.927700,1641.927700,0.000000,1.000000,1.000000,0.000000,0.000000,0.000000,0.000000,0.000000,0.000000,0.000000,0.000000,0.000000,0.000000,0.000000,S,S,True,,,True,False
SbH5,9,internal,True,1694.950400,1694.950400,0.000000,0.988893,0.988893,0.000000,0.009910,0.009910,0.000000,0.000000,0.000000,0.000000,0.000000,0.000000,0.000000,0.000000,S,S,True,,,True,False
SbH5,Rx,external,True,0.000000,0.000000,0.000000,0.000000,0.000000,0.000000,,,,0.000000,0.000000,0.000000,0.000000,0.000000,0.000000,0.000000,Rx,Rx,True,,,True,False
SbH5,Ry,external,True,0.000000,0.000000,0.000000,0.000000,0.000000,0.000000,,,,0.000000,0.000000,0.000000,0.000000,0.000000,0.000000,0.000000,Ry,Ry,True,,,True,False
SbH5,Rz,external,True,0.000000,0.000000,0.000000,0.000000,0.000000,0.000000,,,,0.000000,0.000000,0.000000,0.000000,0.000000,0.000000,0.000000,Rz,Rz,True,,,True,False
SbH5,Tx,external,True,0.000000,0.000000,0.000000,0.000000,0.000000,0.000000,,,,0.000000,0.000000,0.000000,0.000000,0.000000,0.000000,0.000000,Tx,Tx,True,,,True,False
SbH5,Ty,external,True,0.000000,0.000000,0.000000,0.000000,0.000000,0.000000,,,,0.000000,0.000000,0.000000,0.000000,0.000000,0.000000,0.000000,Ty,Ty,True,,,True,False
SbH5,Tz,external,True,0.000000,0.000000,0.000000,0.000000,0.000000,0.000000,,,,0.000000,0.000000,0.000000,0.000000,0.000000,0.000000,0.000000,Tz,Tz,True,,,True,False
SeBr2,1,internal,True,83.864400,83.864400,0.000000,0.027654,0.027654,0.000000,0.452340,0.452340,0.000000,0.000000,0.000000,0.000000,0.000000,0.000000,0.000000,0.000000,B,B,True,,,True,False
SeBr2,2,internal,True,258.687700,258.687700,0.000000,0.870212,0.870212,0.000000,0.673860,0.673860,0.000000,0.000000,0.000000,0.000000,0.000000,0.000000,0.000000,0.000000,SB,SB,True,,,True,False
SeBr2,3,internal,True,271.710000,271.710000,0.000000,0.914513,0.914513,0.000000,0.734520,0.734520,0.000000,0.000000,0.000000,0.000000,0.000000,0.000000,0.000000,0.000000,S,S,True,,,True,False
SeBr2,Rx,external,True,0.000000,0.000000,0.000000,0.000000,0.000000,0.000000,,,,0.000000,0.000000,0.000000,0.000000,0.000000,0.000000,0.000000,Rx,Rx,True,,,True,False
SeBr2,Ry,external,True,0.000000,0.000000,0.000000,0.000000,0.000000,0.000000,,,,0.000000,0.000000,0.000000,0.000000,0.000000,0.000000,0.000000,Ry,Ry,True,,,True,False
SeBr2,Rz,external,True,0.000000,0.000000,0.000000,0.000000,0.000000,0.000000,,,,0.000000,0.000000,0.000000,0.000000,0.000000,0.000000,0.000000,Rz,Rz,True,,,True,False
SeBr2,Tx,external,True,0.000000,0.000000,0.000000,0.000000,0.000000,0.000000,,,,0.000000,0.000000,0.000000,0.000000,0.000000,0.000000,0.000000,Tx,Tx,True,,,True,False
SeBr2,Ty,external,True,0.000000,0.000000,0.000000,0.000000,0.000000,0.000000,,,,0.000000,0.000000,0.000000,0.000000,0.000000,0.000000,0.000000,Ty,Ty,True,,,True,False
SeBr2,Tz,external,True,0.000000,0.000000,0.000000,0.000000,0.000000,0.000000,,,,0.000000,0.000000,0.000000,0.000000,0.000000,0.000000,0.000000,Tz,Tz,True,,,True,False
SeCl2,1,internal,True,119.939800,119.939800,0.000000,0.014682,0.014682,0.000000,0.310550,0.310550,0.000000,0.000000,0.000000,0.000000,0.000000,0.000000,0.000000,0.000000,B,B,True,,,True,False
SeCl2,2,internal,True,351.341200,351.341200,0.000000,0.962029,0.962029,0.000000,0.429450,0.429450,0.000000,0.000000,0.000000,0.000000,0.000000,0.000000,0.000000,0.000000,S,S,True,,,True,False
SeCl2,3,internal,True,351.996200,351.996200,0.000000,0.949157,0.949157,0.000000,0.373730,0.373730,0.000000,0.000000,0.000000,0.000000,0.000000,0.000000,0.000000,0.000000,S,S,True,,,True,False
SeCl2,Rx,external,True,0.000000,0.000000,0.000000,0.000000,0.000000,0.000000,,,,0.000000,0.000000,0.000000,0.000000,0.000000,0.000000,0.000000,Rx,Rx,True,,,True,False
SeCl2,Ry,external,True,0.000000,0.000000,0.000000,0.000000,0.000000,0.000000,,,,0.000000,0.000000,0.000000,0.000000,0.000000,0.000000,0.000000,Ry,Ry,True,,,True,False
SeCl2,Rz,external,True,0.000000,0.000000,0.000000,0.000000,0.000000,0.000000,,,,0.000000,0.000000,0.000000,0.000000,0.000000,0.000000,0.000000,Rz,Rz,True,,,True,False
SeCl2,Tx,external,True,0.000000,0.000000,0.000000,0.000000,0.000000,0.000000,,,,0.000000,0.000000,0.000000,0.000000,0.000000,0.000000,0.000000,Tx,Tx,True,,,True,False
SeCl2,Ty,external,True,0.000000,0.000000,0.000000,0.000000,0.000000,0.000000,,,,0.000000,0.000000,0.000000,0.000000,0.000000,0.000000,0.000000,Ty,Ty,True,,,True,False
SeCl2,Tz,external,True,0.000000,0.000000,0.000000,0.000000,0.000000,0.000000,,,,0.000000,0.000000,0.000000,0.000000,0.000000,0.000000,0.000000,Tz,Tz,True,,,True,False
SeCl4,5,internal,True,236.034300,236.009600,-0.024700,0.000000,0.000000,0.000000,0.000000,0.000000,0.000000,0.000000,0.000000,0.000000,0.000000,0.000000,0.000000,0.000000,B,B,True,,,True,False
SeCl4,Rz,external,True,0.000000,0.000000,0.000000,0.000000,0.000000,0.000000,,,,0.000000,0.000000,0.000000,0.000000,0.000000,0.000000,0.000000,Rz,Rz,True,,,True,False
SeCl4,Tz,external,True,0.000000,0.000000,0.000000,0.000000,0.000000,0.000000,,,,0.000000,0.000000,0.000000,0.000000,0.000000,0.000000,0.000000,Tz,Tz,True,,,True,False
SeF2,1,internal,True,264.680200,264.680200,0.000000,0.018021,0.018021,0.000000,0.197800,0.197800,0.000000,0.000000,0.000000,0.000000,0.000000,0.000000,0.000000,0.000000,B,B,True,,,True,False
SeF2,2,internal,True,694.438900,694.438800,-0.000100,0.977930,0.977930,0.000000,0.219830,0.219830,0.000000,0.000000,0.000000,0.000000,0.000000,0.000000,0.000000,0.000000,S,S,True,,,True,False
SeF2,3,internal,True,695.147600,695.147600,0.000000,0.983252,0.983252,0.000000,0.245740,0.245740,0.000000,0.000000,0.000000,0.000000,0.000000,0.000000,0.000000,0.000000,S,S,True,,,True,False
SeF2,Rx,external,True,0.000000,0.000000,0.000000,0.000000,0.000000,0.000000,,,,0.000000,0.000000,0.000000,0.000000,0.000000,0.000000,0.000000,Rx,Rx,True,,,True,False
SeF2,Ry,external,True,0.000000,0.000000,0.000000,0.000000,0.000000,0.000000,,,,0.000000,0.000000,0.000000,0.000000,0.000000,0.000000,0.000000,Ry,Ry,True,,,True,False
SeF2,Rz,external,True,0.000000,0.000000,0.000000,0.000000,0.000000,0.000000,,,,0.000000,0.000000,0.000000,0.000000,0.000000,0.000000,0.000000,Rz,Rz,True,,,True,False
SeF2,Tx,external,True,0.000000,0.000000,0.000000,0.000000,0.000000,0.000000,,,,0.000000,0.000000,0.000000,0.000000,0.000000,0.000000,0.000000,Tx,Tx,True,,,True,False
SeF2,Ty,external,True,0.000000,0.000000,0.000000,0.000000,0.000000,0.000000,,,,0.000000,0.000000,0.000000,0.000000,0.000000,0.000000,0.000000,Ty,Ty,True,,,True,False
SeF2,Tz,external,True,0.000000,0.000000,0.000000,0.000000,0.000000,0.000000,,,,0.000000,0.000000,0.000000,0.000000,0.000000,0.000000,0.000000,Tz,Tz,True,,,True,False
SeF4,Rz,external,True,0.000000,0.000000,0.000000,0.000000,0.000000,0.000000,,,,0.000000,0.000000,0.000000,0.000000,0.000000,0.000000,0.000000,Rz,Rz,True,,,True,False
SeF4,Tz,external,True,0.000000,0.000000,0.000000,0.000000,0.000000,0.000000,,,,0.000000,0.000000,0.000000,0.000000,0.000000,0.000000,0.000000,Tz,Tz,True,,,True,False
SeH4,5,internal,True,1548.575000,1548.573800,-0.001200,0.000000,0.000000,0.000000,0.000000,0.000000,0.000000,0.000000,0.000000,0.000000,0.000000,0.000000,0.000000,0.000000,B,B,True,,,True,False
SeH4,Rz,external,True,0.000000,0.000000,0.000000,0.000000,0.000000,0.000000,,,,0.000000,0.000000,0.000000,0.000000,0.000000,0.000000,0.000000,Rz,Rz,True,,,True,False
SeH4,Tz,external,True,0.000000,0.000000,0.000000,0.000000,0.000000,0.000000,,,,0.000000,0.000000,0.000000,0.000000,0.000000,0.000000,0.000000,Tz,Tz,True,,,True,False
SnH4,4,internal,True,746.886100,746.886200,0.000100,0.000000,0.000000,0.000000,0.000000,0.000000,0.000000,0.000000,0.000000,0.000000,0.000000,0.000000,0.000000,0.000000,B,B,True,,,True,False
SnH4,5,internal,True,746.886200,746.886200,0.000000,0.000012,0.000000,-0.000012,0.000000,0.000000,0.000000,0.000000,0.000000,0.000000,0.000000,0.000000,0.000000,0.000000,B,B,True,,,True,False
SnH4,9,internal,True,1945.611400,1945.611300,-0.000100,1.000000,1.000000,0.000000,0.000000,0.000000,0.000000,0.000000,0.000000,0.000000,0.000000,0.000000,0.000000,0.000000,S,S,True,,,True,False
SnH4,Rx,external,True,0.000000,0.000000,0.000000,0.000000,0.000000,0.000000,,,,0.000000,0.000000,0.000000,0.000000,0.000000,0.000000,0.000000,Rx,Rx,True,,,True,False
SnH4,Ry,external,True,0.000000,0.000000,0.000000,0.000000,0.000000,0.000000,,,,0.000000,0.000000,0.000000,0.000000,0.000000,0.000000,0.000000,Ry,Ry,True,,,True,False
SnH4,Rz,external,True,0.000000,0.000000,0.000000,0.000000,0.000000,0.000000,,,,0.000000,0.000000,0.000000,0.000000,0.000000,0.000000,0.000000,Rz,Rz,True,,,True,False
SnH4,Tx,external,True,0.000000,0.000000,0.000000,0.000000,0.000000,0.000000,,,,0.000000,0.000000,0.000000,0.000000,0.000000,0.000000,0.000000,Tx,Tx,True,,,True,False
SnH4,Ty,external,True,0.000000,0.000000,0.000000,0.000000,0.000000,0.000000,,,,0.000000,0.000000,0.000000,0.000000,0.000000,0.000000,0.000000,Ty,Ty,True,,,True,False
SnH4,Tz,external,True,0.000000,0.000000,0.000000,0.000000,0.000000,0.000000,,,,0.000000,0.000000,0.000000,0.000000,0.000000,0.000000,0.000000,Tz,Tz,True,,,True,False
TeH2,1,internal,True,892.957200,892.957200,0.000000,0.026051,0.026051,0.000000,0.007970,0.007970,0.000000,0.000000,0.000000,0.000000,0.000000,0.000000,0.000000,0.000000,B,B,True,,,True,False
TeH2,2,internal,True,2062.327400,2062.327400,0.000000,0.999831,0.999831,0.000000,0.007480,0.007480,0.000000,0.000000,0.000000,0.000000,0.000000,0.000000,0.000000,0.000000,S,S,True,,,True,False
TeH2,3,internal,True,2070.551600,2070.551600,0.000000,0.999970,0.999970,0.000000,0.007830,0.007830,0.000000,0.000000,0.000000,0.000000,0.000000,0.000000,0.000000,0.000000,S,S,True,,,True,False
TeH2,Rx,external,True,0.000000,0.000000,0.000000,0.000000,0.000000,0.000000,,,,0.000000,0.000000,0.000000,0.000000,0.000000,0.000000,0.000000,Rx,Rx,True,,,True,False
TeH2,Ry,external,True,0.000000,0.000000,0.000000,0.000000,0.000000,0.000000,,,,0.000000,0.000000,0.000000,0.000000,0.000000,0.000000,0.000000,Ry,Ry,True,,,True,False
TeH2,Rz,external,True,0.000000,0.000000,0.000000,0.000000,0.000000,0.000000,,,,0.000000,0.000000,0.000000,0.000000,0.000000,0.000000,0.000000,Rz,Rz,True,,,True,False
TeH2,Tx,external,True,0.000000,0.000000,0.000000,0.000000,0.000000,0.000000,,,,0.000000,0.000000,0.000000,0.000000,0.000000,0.000000,0.000000,Tx,Tx,True,,,True,False
TeH2,Ty,external,True,0.000000,0.000000,0.000000,0.000000,0.000000,0.000000,,,,0.000000,0.000000,0.000000,0.000000,0.000000,0.000000,0.000000,Ty,Ty,True,,,True,False
TeH2,Tz,external,True,0.000000,0.000000,0.000000,0.000000,0.000000,0.000000,,,,0.000000,0.000000,0.000000,0.000000,0.000000,0.000000,0.000000,Tz,Tz,True,,,True,False
TeH4,1,internal,True,485.318000,485.317900,-0.000100,0.172937,0.172937,0.000000,0.000000,0.000000,0.000000,0.000000,0.000000,0.000000,0.000000,0.000000,0.000000,0.000000,B,B,True,,,True,False
TeH4,2,internal,True,822.670900,822.671000,0.000100,0.069925,0.069925,-0.000000,0.014910,0.014910,0.000000,0.000000,0.000000,0.000000,0.000000,0.000000,0.000000,0.000000,B,B,True,,,True,False
TeH4,5,internal,True,1286.567300,1286.567400,0.000100,0.000000,0.000000,0.000000,0.000000,0.000000,0.000000,0.000000,0.000000,0.000000,0.000000,0.000000,0.000000,0.000000,B,B,True,,,True,False
TeH4,6,internal,True,1657.203300,1657.203300,0.000000,0.984933,0.984933,-0.000000,0.000010,0.000010,0.000000,0.000000,0.000000,0.000000,0.000000,0.000000,0.000000,0.000000,S,S,True,,,True,False
TeH4,9,internal,True,1867.690500,1867.690500,0.000000,0.998079,0.998079,0.000000,0.004160,0.004160,0.000000,0.000000,0.000000,0.000000,0.000000,0.000000,0.000000,0.000000,S,S,True,,,True,False
TeH4,Rz,external,True,0.000000,0.000000,0.000000,0.000000,0.000000,0.000000,,,,0.000000,0.000000,0.000000,0.000000,0.000000,0.000000,0.000000,Rz,Rz,True,,,True,False
TeH4,Tz,external,True,0.000000,0.000000,0.000000,0.000000,0.000000,0.000000,,,,0.000000,0.000000,0.000000,0.000000,0.000000,0.000000,0.000000,Tz,Tz,True,,,True,False
TeH6,10,internal,True,1674.452300,1674.452300,0.000000,1.000000,1.000000,0.000000,0.000000,0.000000,0.000000,0.000000,0.000000,0.000000,0.000000,0.000000,0.000000,0.000000,S,S,True,,,True,False
TeH6,11,internal,True,1674.452300,1674.452300,0.000000,1.000000,1.000000,-0.000000,0.000000,0.000000,0.000000,0.000000,0.000000,0.000000,0.000000,0.000000,0.000000,0.000000,S,S,True,,,True,False
TeH6,14,internal,True,1694.784500,1694.784500,0.000000,0.997240,0.997240,0.000000,0.009810,0.009810,0.000000,0.000000,0.000000,0.000000,0.000000,0.000000,0.000000,0.000000,S,S,True,,,True,False
TeH6,15,internal,True,1894.991300,1894.991400,0.000100,1.000000,1.000000,0.000000,0.000000,0.000000,0.000000,0.000000,0.000000,0.000000,0.000000,0.000000,0.000000,0.000000,S,S,True,,,True,False
TeH6,2,internal,True,880.032500,880.032500,0.000000,0.000000,0.000000,0.000000,0.000000,0.000000,0.000000,0.000000,0.000000,0.000000,0.000000,0.000000,0.000000,0.000000,B,B,True,,,True,False
TeH6,6,internal,True,975.780800,975.780800,0.000000,0.005379,0.005379,0.000000,0.016070,0.016070,0.000000,0.000000,0.000000,0.000000,0.000000,0.000000,0.000000,0.000000,B,B,True,,,True,False
TeH6,8,internal,True,1088.222300,1088.222300,0.000000,0.000000,0.000000,0.000000,0.000000,0.000000,0.000000,0.000000,0.000000,0.000000,0.000000,0.000000,0.000000,0.000000,B,B,True,,,True,False
TeH6,Rx,external,True,0.000000,0.000000,0.000000,0.000000,0.000000,0.000000,,,,0.000000,0.000000,0.000000,0.000000,0.000000,0.000000,0.000000,Rx,Rx,True,,,True,False
TeH6,Ry,external,True,0.000000,0.000000,0.000000,0.000000,0.000000,0.000000,,,,0.000000,0.000000,0.000000,0.000000,0.000000,0.000000,0.000000,Ry,Ry,True,,,True,False
TeH6,Rz,external,True,0.000000,0.000000,0.000000,0.000000,0.000000,0.000000,,,,0.000000,0.000000,0.000000,0.000000,0.000000,0.000000,0.000000,Rz,Rz,True,,,True,False
TeH6,Tx,external,True,0.000000,0.000000,0.000000,0.000000,0.000000,0.000000,,,,0.000000,0.000000,0.000000,0.000000,0.000000,0.000000,0.000000,Tx,Tx,True,,,True,False
TeH6,Ty,external,True,0.000000,0.000000,0.000000,0.000000,0.000000,0.000000,,,,0.000000,0.000000,0.000000,0.000000,0.000000,0.000000,0.000000,Ty,Ty,True,,,True,False
TeH6,Tz,external,True,0.000000,0.000000,0.000000,0.000000,0.000000,0.000000,,,,0.000000,0.000000,0.000000,0.000000,0.000000,0.000000,0.000000,Tz,Tz,True,,,True,False
XeH4,Rx,external,True,0.000000,0.000000,0.000000,0.000000,0.000000,0.000000,,,,0.000000,0.000000,0.000000,0.000000,0.000000,0.000000,0.000000,Rx,Rx,True,,,True,False
XeH4,Ry,external,True,0.000000,0.000000,0.000000,0.000000,0.000000,0.000000,,,,0.000000,0.000000,0.000000,0.000000,0.000000,0.000000,0.000000,Ry,Ry,True,,,True,False
XeH4,Rz,external,True,0.000000,0.000000,0.000000,0.000000,0.000000,0.000000,,,,0.000000,0.000000,0.000000,0.000000,0.000000,0.000000,0.000000,Rz,Rz,True,,,True,False
XeH4,Tx,external,True,0.000000,0.000000,0.000000,0.000000,0.000000,0.000000,,,,0.000000,0.000000,0.000000,0.000000,0.000000,0.000000,0.000000,Tx,Tx,True,,,True,False
XeH4,Ty,external,True,0.000000,0.000000,0.000000,0.000000,0.000000,0.000000,,,,0.000000,0.000000,0.000000,0.000000,0.000000,0.000000,0.000000,Ty,Ty,True,,,True,False
XeH4,Tz,external,True,0.000000,0.000000,0.000000,0.000000,0.000000,0.000000,,,,0.000000,0.000000,0.000000,0.000000,0.000000,0.000000,0.000000,Tz,Tz,True,,,True,False
XeOH4,1,internal,True,302.852000,302.852100,0.000100,0.960016,0.960016,0.000000,0.097880,0.097880,0.000000,0.000000,0.000000,0.000000,0.000000,0.000000,0.000000,0.000000,S,S,True,,,True,False
XeOH4,10,internal,True,1788.451400,1788.458800,0.007400,0.999501,0.999501,0.000000,0.000510,0.000510,0.000000,0.000000,0.000000,0.000000,0.000000,0.000000,0.000000,0.000000,S,S,True,,,True,False
XeOH4,2,internal,True,332.420400,332.420400,0.000000,0.000000,0.000000,0.000000,0.000000,0.000000,0.000000,0.000000,0.000000,0.000000,0.000000,0.000000,0.000000,0.000000,B,B,True,,,True,False
XeOH4,7,internal,True,1074.983800,1074.983800,0.000000,0.021309,0.021309,0.000000,0.000000,0.000000,0.000000,0.000000,0.000000,0.000000,0.000000,0.000000,0.000000,0.000000,B,B,True,,,True,False
XeOH4,8,internal,True,1164.868900,1164.868900,0.000000,0.026900,0.026900,0.000000,0.017340,0.017340,0.000000,0.000000,0.000000,0.000000,0.000000,0.000000,0.000000,0.000000,B,B,True,,,True,False
XeOH4,9,internal,True,1726.357800,1726.365400,0.007600,0.999773,0.999773,0.000000,0.000000,0.000000,0.000000,0.000000,0.000000,0.000000,0.000000,0.000000,0.000000,0.000000,S,S,True,,,True,False
XeOH4,Rx,external,True,0.000000,0.000000,0.000000,0.000000,0.000000,0.000000,,,,0.000000,0.000000,0.000000,0.000000,0.000000,0.000000,0.000000,Rx,Rx,True,,,True,False
XeOH4,Ry,external,True,0.000000,0.000000,0.000000,0.000000,0.000000,0.000000,,,,0.000000,0.000000,0.000000,0.000000,0.000000,0.000000,0.000000,Ry,Ry,True,,,True,False
XeOH4,Rz,external,True,0.000000,0.000000,0.000000,0.000000,0.000000,0.000000,,,,0.000000,0.000000,0.000000,0.000000,0.000000,0.000000,0.000000,Rz,Rz,True,,,True,False
XeOH4,Tx,external,True,0.000000,0.000000,0.000000,0.000000,0.000000,0.000000,,,,0.000000,0.000000,0.000000,0.000000,0.000000,0.000000,0.000000,Tx,Tx,True,,,True,False
XeOH4,Ty,external,True,0.000000,0.000000,0.000000,0.000000,0.000000,0.000000,,,,0.000000,0.000000,0.000000,0.000000,0.000000,0.000000,0.000000,Ty,Ty,True,,,True,False
XeOH4,Tz,external,True,0.000000,0.000000,0.000000,0.000000,0.000000,0.000000,,,,0.000000,0.000000,0.000000,0.000000,0.000000,0.000000,0.000000,Tz,Tz,True,,,True,False
