molecule,mode_index,kind,freq,ref_label,ideal,V_Stretch,delta_b_mean,s_AB,rel_db,has_geometry,predicted_label,predicted_annotation,Tx,Ty,Tz,Rx,Ry,Rz,ref_key,reduced_mass,force_constant,irrep,d_CA,v_weighting
TeH2,Tx,external,0.0,translation,,0.0,,,,True,Tx,,1.0,0.0,0.0,0.0,0.0,0.1299086544814761,,,,,,mu
TeH2,Ty,external,0.0,translation,,0.0,,,,True,Ty,,0.0,1.0,0.0,0.0,0.0,0.0,,,,,,mu
TeH2,Tz,external,0.0,translation,,0.0,,,,True,Tz,,0.0,0.0,1.0,-0.3333333333333333,0.0,0.0,,,,,,mu
TeH2,Rx,external,0.0,rotation,,0.0,,,,True,Rx,,0.0,0.0,-0.3333333333333333,1.0,0.0,0.0,,,,,,mu
TeH2,Ry,external,0.0,rotation,,0.0,,,,True,Ry,,0.0,0.0,0.0,0.0,1.0,0.0,,,,,,mu
TeH2,Rz,external,0.0,rotation,,0.0,,,,True,Rz,,0.1299086544814761,0.0,0.0,0.0,0.0,1.0,,,,,,mu
TeH2,1,internal,892.9572,bend,yes,0.0260508077494502,0.0746272825508508,Te1-H2:-0.0130;Te1-H3:-0.0130,Te1-H2:0.0746;Te1-H3:0.0746,True,B,,0.0,0.1509486664618027,0.0,0.0,0.0,0.0,Shi1972,1.016,0.4773,A1,0.00797,mu
TeH2,2,internal,2062.3274,stretch,yes,0.9998312809551272,0.4199324494422962,Te1-H2:0.4999;Te1-H3:0.4999,Te1-H2:0.4199;Te1-H3:0.4199,True,S,,0.0,-0.1210971785283277,0.0,0.0,0.0,0.0,Shi1972,1.015,2.5436,A1,0.00748,mu
TeH2,3,internal,2070.5516,stretch,yes,0.999970416378891,0.4202589663409906,Te1-H2:0.5000;Te1-H3:-0.5000,Te1-H2:0.4203;Te1-H3:-0.4203,True,S,,0.142448988919943,0.0,0.0,0.0,0.0,0.3281077682242748,Shi1972,1.0157,2.5657,B2,0.00783,mu
IH3,Tx,external,0.0,translation,,0.0,,,,True,Tx,,1.0,0.0,0.0,0.0,0.0,0.074097937500097,,,,,,mu
IH3,Ty,external,0.0,translation,,0.0,,,,True,Ty,,0.0,1.0,0.0,0.0,0.0,0.0,,,,,,mu
IH3,Tz,external,0.0,translation,,0.0,,,,True,Tz,,0.0,0.0,1.0,-0.5,0.0,0.0,,,,,,mu
IH3,Rx,external,0.0,rotation,,0.0,,,,True,Rx,,0.0,0.0,-0.5,1.0,0.0,0.0,,,,,,mu
IH3,Ry,external,0.0,rotation,,0.0,,,,True,Ry,,0.0,0.0,0.0,0.0,1.0,0.0,,,,,,mu
IH3,Rz,external,0.0,rotation,,1.7477580385728248e-17,,,,True,Rz,,0.074097937500097,0.0,0.0,0.0,0.0,1.0,,,,,,mu
IH3,1,internal,827.3858,bend,yes,0.0,0.0464076753155754,I1-H2:0.0000;I1-H3:0.0000;I1-H4:0.0000,I1-H2:0.0100;I1-H3:0.0646;I1-H4:0.0646,True,B,,0.0,0.0,0.0,-0.5,0.0,0.0,Sch1974,1.0179,0.4105,B1,0.00893,mu
IH3,2,internal,950.6014,bend,yes,0.119523713506436,0.0847844396747002,I1-H2:-0.0035;I1-H3:0.0580;I1-H4:0.0580,I1-H2:-0.0363;I1-H3:0.1090;I1-H4:0.1090,True,B,,0.0,0.4806889676935648,0.0,0.0,0.0,0.0,Sch1974,1.0235,0.5449,A1,0.01118,mu
IH3,3,internal,1203.9765,bend,yes,0.1732689134405053,0.1118228645132901,I1-H2:0.0000;I1-H3:0.0866;I1-H4:-0.0866,I1-H2:0.1151;I1-H3:0.1277;I1-H4:-0.0927,True,B,,0.1774568980700703,0.0,0.0,0.0,0.0,0.0640104291205847,Sch1974,1.0175,0.869,B2,0.00878,mu
IH3,4,internal,1254.6499,stretch,yes,0.9286558483385356,0.2427733843995291,I1-H2:0.0000;I1-H3:0.4643;I1-H4:-0.4643,I1-H2:0.0107;I1-H3:0.3608;I1-H4:-0.3568,True,S,,-7.556057351809642e-06,0.0,0.0,0.0,0.0,0.0768152833291765,Sch1974,1.0177,0.9439,B2,0.00885,mu
IH3,5,internal,1355.7306,stretch,yes,0.9919121455107018,0.2752515712526846,I1-H2:-0.0254;I1-H3:0.4833;I1-H4:0.4833,I1-H2:-0.0956;I1-H3:0.3651;I1-H4:0.3651,True,S,,0.0,0.3597642333725512,0.0,0.0,0.0,0.0,Sch1974,1.0082,1.0919,A1,0.00183,mu
IH3,6,internal,1966.1601,stretch,yes,0.9995815213597397,0.2399945735097609,I1-H2:-0.9716;I1-H3:-0.0140;I1-H4:-0.0140,I1-H2:-0.5958;I1-H3:-0.0621;I1-H4:-0.0621,True,S,,0.0,-0.0389296384534148,0.0,0.0,0.0,0.0,Sch1974,1.0152,2.3124,A1,0.00768,mu
SbH3,Tx,external,0.0,translation,,0.0,,,,True,Tx,,1.0,0.0,0.0,0.0,-0.2750436305844809,0.0,,,,,,mu
SbH3,Ty,external,0.0,translation,,0.0,,,,True,Ty,,0.0,1.0,0.0,0.2942446357922011,0.0,6.360624697313947e-07,,,,,,mu
SbH3,Tz,external,0.0,translation,,0.0,,,,True,Tz,,0.0,0.0,1.0,0.0,-0.0992323985744348,0.0,,,,,,mu
SbH3,Rx,external,0.0,rotation,,4.1067888018090876e-17,,,,True,Rx,,0.0,0.2942446357922011,0.0,1.0,0.0,-0.1371698684892597,,,,,,mu
SbH3,Ry,external,0.0,rotation,,3.10510536317922e-17,,,,True,Ry,,-0.2750436305844809,0.0,-0.0992323985744347,0.0,1.0,0.0,,,,,,mu
SbH3,Rz,external,0.0,rotation,,0.0,,,,True,Rz,,0.0,4.770468523540572e-07,0.0,-0.1028774013669447,0.0,1.0,,,,,,mu
SbH3,1,internal,819.1607,bend,yes,0.0540587148427566,0.038038877229869,Sb1-H2:-0.0180;Sb1-H3:-0.0180;Sb1-H4:-0.0180,Sb1-H2:0.0380;Sb1-H3:0.0380;Sb1-H4:0.0380,True,B,,-8.586249184983075e-07,0.0,0.3970341762079485,0.0,-0.1172401047276702,0.0,Har2011,1.0264,0.4058,A1,0.01245,mu
SbH3,2,internal,832.9185,bend,yes,0.00642358286107,0.0538257402998122,Sb1-H2:0.0000;Sb1-H3:0.0032;Sb1-H4:-0.0032,Sb1-H2:0.0830;Sb1-H3:0.0429;Sb1-H4:0.0356,True,B,,1.7486651760767469e-06,0.0226988048784971,-5.079178285766206e-06,0.279935717442231,6.026724159668984e-06,0.1524469359851525,Har2011,1.0127,0.4139,E,0.00635,mu
SbH3,3,internal,832.9185,bend,yes,0.0078385689497118,0.0538809977487094,Sb1-H2:0.0029;Sb1-H3:-0.0025;Sb1-H4:-0.0025,Sb1-H2:0.0285;Sb1-H3:0.0666;Sb1-H4:0.0666,True,B,,0.0114175173976067,1.0502379035964848e-05,-0.0847486918404627,4.484297529167014e-06,0.2139262355295392,-1.3080063754740877e-05,Har2011,1.0127,0.4139,E,0.00635,mu
SbH3,4,internal,1929.8925,stretch,yes,0.9999474405690691,0.31528384451954,Sb1-H2:0.6666;Sb1-H3:-0.1667;Sb1-H4:-0.1666,Sb1-H2:0.4729;Sb1-H3:-0.2365;Sb1-H4:-0.2364,True,S,,-0.1650546587008385,-2.2921346265469827e-07,0.1346999919598794,3.639347172987567e-07,0.2410800783223708,-1.568258363553755e-06,Har2011,1.0165,2.2307,E,0.00852,mu
SbH3,5,internal,1929.8925,stretch,yes,0.99994584346182,0.2730453770715624,Sb1-H2:0.0000;Sb1-H3:0.5000;Sb1-H4:-0.5000,Sb1-H2:0.0000;Sb1-H3:0.4096;Sb1-H4:-0.4096,True,S,,-0.0007517712098134,-0.1364242930946196,-0.000752946554178,-0.0038945152041817,-0.0002345235326224,0.3301980803330541,Har2011,1.0165,2.2307,E,0.00852,mu
SbH3,6,internal,1938.4418,stretch,yes,0.9990593200645596,0.3333478755646844,Sb1-H2:0.3330;Sb1-H3:0.3330;Sb1-H4:0.3330,Sb1-H2:0.3333;Sb1-H3:0.3333;Sb1-H4:0.3333,True,S,,4.425846840183656e-06,0.0,-0.1223178552058189,0.0,-0.005045718469653,0.0,Har2011,1.014,2.2448,A1,0.00717,mu
InH3,Tx,external,0.0,translation,,0.0,,,,True,Tx,,1.0,0.0,0.0,0.0,0.0,0.0,,,,,,mu
InH3,Ty,external,0.0,translation,,0.0,,,,True,Ty,,0.0,1.0,0.0,0.0,0.0,-9.332618404004717e-08,,,,,,mu
InH3,Tz,external,0.0,translation,,0.0,,,,True,Tz,,0.0,0.0,1.0,0.0,0.3333333333333333,0.0,,,,,,mu
InH3,Rx,external,0.0,rotation,,0.0,,,,True,Rx,,0.0,0.0,0.0,1.0,0.0,0.0,,,,,,mu
InH3,Ry,external,0.0,rotation,,0.0,,,,True,Ry,,0.0,0.0,0.25,0.0,1.0,0.0,,,,,,mu
InH3,Rz,external,0.0,rotation,,3.600124714136618e-17,,,,True,Rz,,0.0,-6.999463797452421e-08,0.0,0.0,0.0,1.0,,,,,,mu
InH3,1,internal,609.5399,bend,yes,0.0,0.0539121620769186,In1-H2:0.0000;In1-H3:0.0000;In1-H4:0.0000,In1-H2:0.0539;In1-H3:0.0539;In1-H4:0.0539,True,B,,0.0,0.0,0.5,0.0,0.3333333333333333,0.0,Shi1977,1.0341,0.2264,"A2""",0.01519,mu
InH3,2,internal,653.4335,bend,yes,0.031781557771378,0.052498819872602,In1-H2:0.0018;In1-H3:-0.0148;In1-H4:-0.0151,In1-H2:0.0242;In1-H3:0.0677;In1-H4:0.0656,True,B,,0.431108286192176,0.0582996946813306,0.0,0.0,0.0,0.0807181467110244,Shi1977,1.022,0.2571,E',0.011150542587695,mu
InH3,3,internal,653.4335,bend,yes,0.0303960672906586,0.0519684476265892,In1-H2:-0.0003;In1-H3:0.0149;In1-H4:-0.0152,In1-H2:0.1024;In1-H3:0.0462;In1-H4:0.0073,True,B,,0.0019472407609416,0.278670865974807,0.0,0.0,0.0,-0.3318120169446559,Shi1977,1.022,0.2571,E',0.011150542587695,mu
InH3,4,internal,1774.5433,stretch,yes,0.9991613747408892,0.2740202562491378,In1-H2:0.0016;In1-H3:0.4745;In1-H4:-0.5231,In1-H2:0.0197;In1-H3:0.3914;In1-H4:-0.4109,True,S,,0.1457846693799264,-0.0185502358772516,0.0,0.0,0.0,-0.2387011801969246,Shi1977,1.0196,1.8917,E',0.0101690953383277,mu
InH3,5,internal,1774.5433,stretch,yes,0.99923813397616,0.3087227872949661,In1-H2:0.6645;In1-H3:-0.1917;In1-H4:-0.1431,In1-H2:0.4632;In1-H3:-0.2484;In1-H4:-0.2145,True,S,,0.2100758282812314,0.0129603822818971,0.0,0.0,0.0,-0.0050882020708876,Shi1977,1.0196,1.8917,E',0.0101690953383277,mu
InH3,6,internal,1791.3598,stretch,yes,0.9999999999830436,0.3242712669154565,In1-H2:0.3333;In1-H3:0.3333;In1-H4:0.3333,In1-H2:0.3243;In1-H3:0.3243;In1-H4:0.3243,True,S,,-3.1601533954095373e-06,0.0,0.0,0.0,0.0,0.0,Shi1977,1.0078,1.9055,A1',0.0,mu
TeH4,Tx,external,0.0,translation,,0.0,,,,True,Tx,,1.0,0.0,0.0,0.0,-0.3302662473907257,0.0,,,,,,mu
TeH4,Ty,external,0.0,translation,,0.0,,,,True,Ty,,0.0,1.0,0.0,0.330158935756721,0.0,0.0,,,,,,mu
TeH4,Tz,external,0.0,translation,,0.0,,,,True,Tz,,0.0,0.0,1.0,0.0,0.0,0.0,,,,,,mu
TeH4,Rx,external,0.0,rotation,,4.216257905701589e-17,,,,True,Rx,,0.0,0.330158935756721,0.0,1.0,0.0,0.0,,,,,,mu
TeH4,Ry,external,0.0,rotation,,8.432338852651735e-17,,,,True,Ry,,-0.3302662473907257,0.0,0.0,0.0,1.0,0.0,,,,,,mu
TeH4,Rz,external,0.0,rotation,,0.0,,,,True,Rz,,0.0,0.0,0.0,0.0,0.0,1.0,,,,,,mu
TeH4,1,internal,485.3179,bend,yes,0.1729373739230832,0.047434866469173,Te1-H2:0.0432;Te1-H3:-0.0432;Te1-H4:-0.0432;Te1-H5:0.0432,Te1-H2:0.0861;Te1-H3:-0.0087;Te1-H4:-0.0087;Te1-H5:0.0861,True,B,,0.0,0.0,6.0696338621335503e-05,0.0,0.0,0.0,Raf2013,1.0078,0.1399,A1,0.0,mu
TeH4,2,internal,822.671,bend,yes,0.0699248250578986,0.022200686918388,Te1-H2:-0.0174;Te1-H3:-0.0175;Te1-H4:-0.0175;Te1-H5:-0.0174,Te1-H2:0.0222;Te1-H3:0.0222;Te1-H4:0.0222;Te1-H5:0.0222,True,B,,0.0,0.0,0.5690041261942403,0.0,0.0,0.0,Raf2013,1.0365,0.4133,A1,0.01491,mu
TeH4,3,internal,1128.9399,bend,yes,0.0335525830502934,0.0569847637002628,Te1-H2:0.0000;Te1-H3:-0.0168;Te1-H4:0.0168;Te1-H5:0.0000,Te1-H2:0.0720;Te1-H3:-0.0341;Te1-H4:0.0498;Te1-H5:0.0720,True,B,,0.1761401014315401,0.0,0.0,0.0,-0.2147090713424737,0.0,Raf2013,1.0211,0.7668,B1,0.01015,mu
TeH4,4,internal,1129.0557,bend,yes,0.0334540389492303,0.056897590328917,Te1-H2:0.0167;Te1-H3:0.0000;Te1-H4:0.0000;Te1-H5:-0.0167,Te1-H2:0.0497;Te1-H3:0.0720;Te1-H4:0.0720;Te1-H5:-0.0340,True,B,,0.0,0.1757251557661065,0.0,0.2145672210538673,0.0,0.0,Raf2013,1.0211,0.7669,B2,0.01014,mu
TeH4,5,internal,1286.5674,bend,yes,0.0,0.0397930230659368,Te1-H2:0.0000;Te1-H3:0.0000;Te1-H4:0.0000;Te1-H5:0.0000,Te1-H2:0.0398;Te1-H3:0.0398;Te1-H4:0.0398;Te1-H5:0.0398,True,B,,0.0,0.0,0.0,0.0,0.0,0.0,Raf2013,1.0078,0.9829,A2,0.0,mu
TeH4,6,internal,1657.2033,stretch,yes,0.984932887911473,0.2802434417123156,Te1-H2:0.2453;Te1-H3:-0.2472;Te1-H4:-0.2472;Te1-H5:0.2453,Te1-H2:0.2810;Te1-H3:-0.2795;Te1-H4:-0.2795;Te1-H5:0.2810,True,S,,0.0,0.0,-0.2003399857438214,0.0,0.0,0.0,Raf2013,1.0078,1.6307,A1,1e-05,mu
TeH4,7,internal,1719.2376,stretch,yes,0.9922547529855348,0.2031222475778034,Te1-H2:0.0000;Te1-H3:-0.4961;Te1-H4:0.4961;Te1-H5:0.0000,Te1-H2:0.0006;Te1-H3:-0.4055;Te1-H4:0.4058;Te1-H5:0.0006,True,S,,-0.2188710700743674,0.0,0.0,0.0,0.1906721118667599,0.0,Raf2013,1.019,1.7746,B1,0.00933,mu
TeH4,8,internal,1720.0947,stretch,yes,0.9923163631603608,0.2031540342196224,Te1-H2:0.4962;Te1-H3:0.0000;Te1-H4:0.0000;Te1-H5:-0.4962,Te1-H2:0.4059;Te1-H3:0.0006;Te1-H4:0.0006;Te1-H5:-0.4056,True,S,,0.0,-0.21884604068293,0.0,-0.1907031088600971,0.0,0.0,Raf2013,1.019,1.7764,B2,0.00933,mu
TeH4,9,internal,1867.6905,stretch,yes,0.9980791393034608,0.285117524410535,Te1-H2:0.2505;Te1-H3:0.2485;Te1-H4:0.2485;Te1-H5:0.2505,Te1-H2:0.2857;Te1-H3:0.2845;Te1-H4:0.2845;Te1-H5:0.2857,True,S,,0.0,0.0,-0.0143695679935952,0.0,0.0,0.0,Raf2013,1.0101,2.0759,A1,0.00416,mu
XeH4,Tx,external,0.0,translation,,0.0,,,,True,Tx,,1.0,0.0,0.0,0.0,0.0,0.0,,,,,,mu
XeH4,Ty,external,0.0,translation,,0.0,,,,True,Ty,,0.0,1.0,0.0,0.0,0.0,0.0,,,,,,mu
XeH4,Tz,external,0.0,translation,,0.0,,,,True,Tz,,0.0,0.0,1.0,0.0,0.0,0.0,,,,,,mu
XeH4,Rx,external,0.0,rotation,,0.0,,,,True,Rx,,0.0,0.0,0.0,1.0,0.0,0.0,,,,,,mu
XeH4,Ry,external,0.0,rotation,,0.0,,,,True,Ry,,0.0,0.0,0.0,0.0,1.0,0.0,,,,,,mu
XeH4,Rz,external,0.0,rotation,,0.0,,,,True,Rz,,0.0,0.0,0.0,0.0,0.0,1.0,,,,,,mu
XeH4,1,internal,246.7141,bend,yes,0.0,0.0303896508975898,Xe1-H2:0.0000;Xe1-H3:0.0000;Xe1-H4:0.0000;Xe1-H5:0.0000,Xe1-H2:0.0304;Xe1-H3:0.0304;Xe1-H4:0.0304;Xe1-H5:0.0304,True,B,,0.0,0.0,0.0,0.0,0.0,0.0,Tsa1971,1.0078,0.0361,B2G,0.0,mu
XeH4,2,internal,578.6794,bend,yes,0.0241108603406181,0.057382763369736,Xe1-H2:-0.0120;Xe1-H3:-0.0000;Xe1-H4:0.0120;Xe1-H5:0.0000,Xe1-H2:-0.0551;Xe1-H3:0.0597;Xe1-H4:0.0551;Xe1-H5:0.0597,True,B,,0.0001947445275395,-0.1999999497986477,0.0,0.0,0.0,0.0,Tsa1971,1.018,0.2009,EU,0.00882,mu
XeH4,3,internal,578.6794,bend,yes,0.0241108603406181,0.057382763369736,Xe1-H2:0.0000;Xe1-H3:-0.0120;Xe1-H4:-0.0000;Xe1-H5:0.0120,Xe1-H2:0.0597;Xe1-H3:-0.0551;Xe1-H4:0.0597;Xe1-H5:0.0551,True,B,,-0.1999999497986477,-0.0001947445275395,0.0,0.0,0.0,-1.1953328951652686e-17,Tsa1971,1.018,0.2009,EU,0.00882,mu
XeH4,4,internal,699.2541,bend,yes,0.0,0.0303896508975898,Xe1-H2:0.0000;Xe1-H3:0.0000;Xe1-H4:0.0000;Xe1-H5:0.0000,Xe1-H2:0.0304;Xe1-H3:0.0304;Xe1-H4:0.0304;Xe1-H5:0.0304,True,B,,0.0,0.0,0.0,0.0,0.0,0.0,Tsa1971,1.0078,0.2903,B2U,0.0,mu
XeH4,5,internal,721.2911,bend,yes,0.0,0.0322385744487966,Xe1-H2:0.0000;Xe1-H3:0.0000;Xe1-H4:0.0000;Xe1-H5:0.0000,Xe1-H2:0.0322;Xe1-H3:0.0322;Xe1-H4:0.0322;Xe1-H5:0.0322,True,B,,0.0,0.0,0.6000000000000001,0.0,0.0,0.0,Tsa1971,1.0384,0.3183,A2U,0.01528,mu
XeH4,6,internal,1243.3578,stretch,yes,1.0,0.2484005488658527,Xe1-H2:0.2500;Xe1-H3:-0.2500;Xe1-H4:0.2500;Xe1-H5:-0.2500,Xe1-H2:0.2484;Xe1-H3:-0.2484;Xe1-H4:0.2484;Xe1-H5:-0.2484,True,S,,0.0,0.0,0.0,0.0,0.0,0.0,Tsa1971,1.0078,0.918,B1G,0.0,mu
XeH4,7,internal,1253.7117,stretch,yes,0.9713451522315092,0.1774897590374604,Xe1-H2:-0.0000;Xe1-H3:0.4857;Xe1-H4:0.0000;Xe1-H5:-0.4857,Xe1-H2:0.0018;Xe1-H3:0.3531;Xe1-H4:0.0019;Xe1-H5:-0.3531,True,S,,0.5999999733969467,-0.0001514993059511,0.0,0.0,0.0,1.2181180814464093e-17,Tsa1971,1.0278,0.9518,EU,0.01235,mu
XeH4,8,internal,1253.7117,stretch,yes,0.9713451522315092,0.1774897590374604,Xe1-H2:0.4857;Xe1-H3:0.0000;Xe1-H4:-0.4857;Xe1-H5:-0.0000,Xe1-H2:0.3531;Xe1-H3:0.0019;Xe1-H4:-0.3531;Xe1-H5:0.0018,True,S,,0.0001514993059511,0.5999999733969468,0.0,0.0,0.0,0.0,Tsa1971,1.0278,0.9518,EU,0.01235,mu
XeH4,9,internal,1268.3514,stretch,yes,1.0,0.2484005488658527,Xe1-H2:0.2500;Xe1-H3:0.2500;Xe1-H4:0.2500;Xe1-H5:0.2500,Xe1-H2:0.2484;Xe1-H3:0.2484;Xe1-H4:0.2484;Xe1-H5:0.2484,True,S,,0.0,0.0,0.0,0.0,0.0,0.0,Tsa1971,1.0078,0.9552,A1G,0.0,mu
SnH4,Tx,external,0.0,translation,,0.0,,,,True,Tx,,1.0,0.0,0.0,0.0,0.0,0.0,,,,,,mu
SnH4,Ty,external,0.0,translation,,0.0,,,,True,Ty,,0.0,1.0,0.0,0.0,0.0,0.0,,,,,,mu
SnH4,Tz,external,0.0,translation,,0.0,,,,True,Tz,,0.0,0.0,1.0,0.0,0.0,0.0,,,,,,mu
SnH4,Rx,external,0.0,rotation,,0.0,,,,True,Rx,,0.0,0.0,0.0,1.0,0.0,0.0,,,,,,mu
SnH4,Ry,external,0.0,rotation,,0.0,,,,True,Ry,,0.0,0.0,0.0,0.0,1.0,0.0,,,,,,mu
SnH4,Rz,external,0.0,rotation,,0.0,,,,True,Rz,,0.0,0.0,0.0,0.0,0.0,1.0,,,,,,mu
SnH4,1,internal,719.7996,bend,yes,0.0221223938492918,0.0417264230030355,Sn1-H2:0.0001;Sn1-H3:0.0000;Sn1-H4:0.0110;Sn1-H5:-0.0110,Sn1-H2:0.0623;Sn1-H3:0.0623;Sn1-H4:0.0392;Sn1-H5:0.0031,True,B,,-0.3170755706149373,0.3181981801321447,0.000317526299572,0.1825496528648769,0.1820628369572632,1.051351763302756e-05,Nis2002,1.0315,0.3149,T2,0.0142341315154806,mu
SnH4,2,internal,719.7996,bend,yes,0.0316159788416986,0.0419293179452835,Sn1-H2:0.0091;Sn1-H3:0.0023;Sn1-H4:-0.0102;Sn1-H5:-0.0101,Sn1-H2:0.0315;Sn1-H3:0.0638;Sn1-H4:0.0360;Sn1-H5:0.0364,True,B,,0.102450961509708,0.0999862935410559,0.4360053104121928,0.1427267561418093,-0.1406674987088924,-0.0015541342480225,Nis2002,1.0315,0.3149,T2,0.0142291742557324,mu
SnH4,3,internal,719.7996,bend,yes,0.0244185043074235,0.0521443976618632,Sn1-H2:0.0090;Sn1-H3:-0.0027;Sn1-H4:0.0064;Sn1-H5:0.0064,Sn1-H2:0.0603;Sn1-H3:-0.0215;Sn1-H4:0.0634;Sn1-H5:0.0634,True,B,,0.3360097986266283,0.336770069209292,-0.0940415653354613,-0.1907050366523319,0.1900833088930886,-0.0006256538695772,Nis2002,1.0315,0.3149,T2,0.0142330776713963,mu
SnH4,4,internal,746.8862,bend,yes,0.0,0.0401211413574175,Sn1-H2:0.0000;Sn1-H3:0.0000;Sn1-H4:0.0000;Sn1-H5:0.0000,Sn1-H2:0.0401;Sn1-H3:0.0401;Sn1-H4:0.0401;Sn1-H5:0.0401,True,B,,0.0,0.0,0.0,0.0,0.0,0.0,Nis2002,1.0078,0.3312,E,0.0,mu
SnH4,5,internal,746.8862,bend,yes,6.352626460991506e-17,0.0401210037683731,Sn1-H2:0.0000;Sn1-H3:0.0000;Sn1-H4:0.0000;Sn1-H5:0.0000,Sn1-H2:0.0401;Sn1-H3:0.0401;Sn1-H4:0.0401;Sn1-H5:0.0401,True,B,,0.0,0.0,0.0,0.0,0.0,0.0,Nis2002,1.0078,0.3312,E,0.0,mu
SnH4,6,internal,1928.0926,stretch,yes,0.99929725543805,0.2043766080649396,Sn1-H2:0.0000;Sn1-H3:0.0000;Sn1-H4:-0.5001;Sn1-H5:0.4992,Sn1-H2:0.0004;Sn1-H3:0.0001;Sn1-H4:-0.4087;Sn1-H5:0.4083,True,S,,-0.1947899424450818,0.1990865323242432,0.002447028293713,-0.2403814921329926,-0.2405028670411174,-5.863125939944209e-05,Nis2002,1.0178,2.2293,T2,0.0092489621039336,mu
SnH4,7,internal,1928.0926,stretch,yes,0.9995898468778788,0.2514364772806717,Sn1-H2:0.6131;Sn1-H3:0.0077;Sn1-H4:-0.1889;Sn1-H5:-0.1899,Sn1-H2:0.4525;Sn1-H3:0.0504;Sn1-H4:-0.2511;Sn1-H5:-0.2517,True,S,,-0.0957183281460934,-0.0960342981209969,0.2175265226591176,0.0528647875615953,-0.052875541838829,7.439834978425867e-05,Nis2002,1.0178,2.2293,T2,0.0092452690604438,mu
SnH4,8,internal,1928.0926,stretch,yes,0.9995911735956814,0.2488507774710177,Sn1-H2:-0.1365;Sn1-H3:0.7418;Sn1-H4:-0.0607;Sn1-H5:-0.0607,Sn1-H2:-0.2134;Sn1-H3:0.4978;Sn1-H4:-0.1421;Sn1-H5:-0.1421,True,S,,-0.0751389466102962,-0.0751392681956183,0.1069550462443287,0.0087570092873292,-0.0087583296999689,-1.6512632031173702e-06,Nis2002,1.0178,2.2293,T2,0.0092441711364513,mu
SnH4,9,internal,1945.6113,stretch,yes,1.0,0.2861019354595737,Sn1-H2:0.2500;Sn1-H3:0.2500;Sn1-H4:0.2500;Sn1-H5:0.2500,Sn1-H2:0.2861;Sn1-H3:0.2861;Sn1-H4:0.2861;Sn1-H5:0.2861,True,S,,0.0,0.0,0.0,0.0,0.0,0.0,Nis2002,1.0078,2.2477,A1,0.0,mu
SbH5,Tx,external,0.0,translation,,0.0,,,,True,Tx,,1.0,0.0,0.0,0.0,-0.2,0.0,,,,,,mu
SbH5,Ty,external,0.0,translation,,0.0,,,,True,Ty,,0.0,1.0,0.0,-3.892246099497972e-09,0.0,0.0,,,,,,mu
SbH5,Tz,external,0.0,translation,,0.0,,,,True,Tz,,0.0,0.0,1.0,0.0,0.0,0.0,,,,,,mu
SbH5,Rx,external,0.0,rotation,,0.0,,,,True,Rx,,0.0,-1.946123049748986e-09,0.0,1.0,0.0,0.0,,,,,,mu
SbH5,Ry,external,0.0,rotation,,0.0,,,,True,Ry,,-0.1666666666666666,0.0,0.0,0.0,1.0,0.0,,,,,,mu
SbH5,Rz,external,0.0,rotation,,0.0,,,,True,Rz,,0.0,0.0,0.0,0.0,0.0,1.0,,,,,,mu
SbH5,1,internal,463.0381,bend,yes,0.0357412671983682,0.0429321039361224,Sb1-H2:-0.0025;Sb1-H3:0.0000;Sb1-H4:0.0000;Sb1-H5:0.0166;Sb1-H6:0.0166,Sb1-H2:-0.0287;Sb1-H3:0.0084;Sb1-H4:0.0084;Sb1-H5:0.0845;Sb1-H6:0.0845,True,B,,0.0,0.0,-0.3851265876358785,0.0,0.0,0.0,Car1963,1.0107,0.1277,E',0.00494,mu
SbH5,2,internal,463.0383,bend,yes,0.0334429632788012,0.0318473328013597,Sb1-H2:0.0000;Sb1-H3:0.0000;Sb1-H4:0.0000;Sb1-H5:-0.0167;Sb1-H6:0.0167,Sb1-H2:0.0938;Sb1-H3:0.0084;Sb1-H4:0.0084;Sb1-H5:-0.0000;Sb1-H6:0.0485,True,B,,0.0,-0.203489076669994,0.0,0.3282578001018832,0.0,0.0,Car1963,1.0107,0.1277,E',0.00494,mu
SbH5,3,internal,878.296,bend,yes,0.0152234184609038,0.0427486467473039,Sb1-H2:0.0000;Sb1-H3:0.0000;Sb1-H4:0.0000;Sb1-H5:0.0076;Sb1-H6:-0.0076,Sb1-H2:0.0134;Sb1-H3:0.0700;Sb1-H4:0.0700;Sb1-H5:0.0335;Sb1-H6:-0.0268,True,B,,0.0,0.5744403183660381,2.8027483509977336e-07,0.3064409285489551,0.0,0.0,Car1963,1.035,0.4704,E',0.01506,mu
SbH5,4,internal,878.296,bend,yes,0.0179033415290161,0.037894537598805,Sb1-H2:0.0035;Sb1-H3:0.0000;Sb1-H4:0.0000;Sb1-H5:-0.0072;Sb1-H6:-0.0072,Sb1-H2:0.0350;Sb1-H3:0.0700;Sb1-H4:0.0700;Sb1-H5:-0.0072;Sb1-H6:-0.0072,True,B,,0.0,0.0,0.6368425681278813,0.0,0.0,0.0,Car1963,1.035,0.4704,E',0.01506,mu
SbH5,5,internal,954.3193,bend,yes,0.015329485788349,0.0536039389453043,Sb1-H2:0.0000;Sb1-H3:0.0077;Sb1-H4:-0.0077;Sb1-H5:0.0000;Sb1-H6:0.0000,Sb1-H2:0.0558;Sb1-H3:0.0504;Sb1-H4:-0.0504;Sb1-H5:0.0558;Sb1-H6:0.0558,True,B,,0.6666666666666666,0.0,0.0,0.0,-0.2,0.0,Car1963,1.037,0.5564,"A2""",0.0156,mu
SbH5,6,internal,1097.1062,bend,yes,0.0,0.0316126624242246,Sb1-H2:0.0000;Sb1-H3:0.0000;Sb1-H4:0.0000;Sb1-H5:0.0000;Sb1-H6:0.0000,Sb1-H2:0.0623;Sb1-H3:0.0320;Sb1-H4:0.0320;Sb1-H5:0.0159;Sb1-H6:0.0159,True,B,,-0.1666666666666666,0.0,0.0,0.0,0.2000000000962299,1.0967557960928076e-05,Car1963,1.0078,0.7147,"E""",0.0,mu
SbH5,7,internal,1097.1062,bend,yes,0.0,0.0316079921722382,Sb1-H2:0.0000;Sb1-H3:0.0000;Sb1-H4:0.0000;Sb1-H5:0.0000;Sb1-H6:0.0000,Sb1-H2:0.0000;Sb1-H3:0.0320;Sb1-H4:0.0320;Sb1-H5:0.0470;Sb1-H6:0.0470,True,B,,-0.1666666666666666,0.0,0.0,0.0,-0.1999912259536312,-1.2028739115876874e-10,Car1963,1.0078,0.7147,"E""",0.0,mu
SbH5,8,internal,1641.9277,stretch,yes,0.9999999999979856,0.2402186187034025,Sb1-H2:-0.0961;Sb1-H3:0.3558;Sb1-H4:0.3558;Sb1-H5:-0.0962;Sb1-H6:-0.0962,Sb1-H2:-0.1780;Sb1-H3:0.3335;Sb1-H4:0.3335;Sb1-H5:-0.1780;Sb1-H6:-0.1780,True,S,,0.0,0.0,-1.3232692552915073e-06,0.0,0.0,0.0,Car1963,1.0078,1.6008,A1',0.0,mu
SbH5,9,internal,1694.9504,stretch,yes,0.9888934183474416,0.1595158900037546,Sb1-H2:0.0000;Sb1-H3:0.4944;Sb1-H4:-0.4944;Sb1-H5:0.0000;Sb1-H6:0.0000,Sb1-H2:0.0006;Sb1-H3:0.3979;Sb1-H4:-0.3979;Sb1-H5:0.0006;Sb1-H6:0.0006,True,S,,-0.3333333333333333,0.0,0.0,0.0,0.2,0.0,Car1963,1.0196,1.7258,"A2""",0.00991,mu
SbH5,10,internal,1902.9079,stretch,yes,0.9927178736713564,0.1637319441609753,Sb1-H2:0.0000;Sb1-H3:0.0000;Sb1-H4:0.0000;Sb1-H5:0.4964;Sb1-H6:-0.4964,Sb1-H2:0.0002;Sb1-H3:0.0004;Sb1-H4:0.0004;Sb1-H5:0.4088;Sb1-H6:-0.4087,True,S,,0.0,-0.0414837741900274,0.0,-0.3204189643753419,0.0,0.0,Car1963,1.0185,2.173,E',0.00945,mu
SbH5,11,internal,1902.9079,stretch,yes,0.993376725764097,0.1889079029383727,Sb1-H2:0.6616;Sb1-H3:0.0000;Sb1-H4:0.0000;Sb1-H5:-0.1659;Sb1-H6:-0.1659,Sb1-H2:0.4720;Sb1-H3:0.0004;Sb1-H4:0.0004;Sb1-H5:-0.2358;Sb1-H6:-0.2358,True,S,,0.0,1.879582789539776e-06,-0.1501953669960365,6.830607161228038e-06,0.0,0.0,Car1963,1.0185,2.173,E',0.00945,mu
SbH5,12,internal,1941.3925,stretch,yes,0.9999999999992786,0.2527016277449497,Sb1-H2:0.2372;Sb1-H3:0.1442;Sb1-H4:0.1442;Sb1-H5:0.2372;Sb1-H6:0.2372,Sb1-H2:0.2796;Sb1-H3:0.2123;Sb1-H4:0.2123;Sb1-H5:0.2796;Sb1-H6:0.2796,True,S,,0.0,0.0,-5.015021669052544e-07,0.0,0.0,0.0,Car1963,1.0078,2.238,A1',0.0,mu
XeOH4,Tx,external,0.0,translation,,0.0,,,,True,Tx,,1.0,0.0,0.0,0.0,0.0,0.0,,,,,,mu
XeOH4,Ty,external,0.0,translation,,0.0,,,,True,Ty,,0.0,1.0,0.0,0.0,0.0,0.3653567643443094,,,,,,mu
XeOH4,Tz,external,0.0,translation,,0.0,,,,True,Tz,,0.0,0.0,1.0,0.0,-0.3653567643443094,0.0,,,,,,mu
XeOH4,Rx,external,0.0,rotation,,0.0,,,,True,Rx,,0.0,0.0,0.0,1.0,0.0,0.0,,,,,,mu
XeOH4,Ry,external,0.0,rotation,,5.747864993083975e-19,,,,True,Ry,,0.0,0.0,-0.3653567643443094,0.0,1.0,0.0,,,,,,mu
XeOH4,Rz,external,0.0,rotation,,5.747864993083975e-19,,,,True,Rz,,0.0,0.3653567643443094,0.0,0.0,0.0,1.0,,,,,,mu
XeOH4,1,internal,302.8521,stretch,yes,0.9968929118872266,0.1272683233913247,Xe1-H2:-0.0013;Xe1-H3:-0.0013;Xe1-H4:-0.0013;Xe1-H5:-0.0013;Xe1-O6:-0.9919,Xe1-H2:-0.0530;Xe1-H3:-0.0530;Xe1-H4:-0.0530;Xe1-H5:-0.0530;Xe1-O6:-0.4243,True,S,,-0.6020698054624085,0.0,0.0,0.0,0.0,0.0,Tsa1971,13.4369,0.7261,A1,0.09788,mu
XeOH4,2,internal,332.4204,bend,yes,0.0,0.0294205309069968,Xe1-H2:0.0000;Xe1-H3:0.0000;Xe1-H4:0.0000;Xe1-H5:0.0000;Xe1-O6:0.0000,Xe1-H2:0.0368;Xe1-H3:0.0368;Xe1-H4:0.0368;Xe1-H5:0.0368;Xe1-O6:0.0000,True,B,,0.0,0.0,0.0,0.0,0.0,0.0,Tsa1971,1.0078,0.0656,B1,0.0,mu
XeOH4,3,internal,413.5763,bend,yes,0.1254150973393041,0.0341786002924175,Xe1-H2:-0.0627;Xe1-H3:0.0000;Xe1-H4:0.0627;Xe1-H5:0.0000;Xe1-O6:0.0000,Xe1-H2:-0.0140;Xe1-H3:0.0252;Xe1-H4:0.1061;Xe1-H5:0.0252;Xe1-O6:0.0004,True,B,,0.0,0.2792796475923502,0.0,0.0,0.0,0.334073687580533,Tsa1971,1.0595,0.1068,E,0.00216,mu
XeOH4,4,internal,413.5763,bend,yes,0.1254150973393041,0.0341786002924175,Xe1-H2:0.0000;Xe1-H3:-0.0627;Xe1-H4:0.0000;Xe1-H5:0.0627;Xe1-O6:0.0000,Xe1-H2:0.0252;Xe1-H3:-0.0140;Xe1-H4:0.0252;Xe1-H5:0.1061;Xe1-O6:0.0004,True,B,,0.0,0.0,-0.2792796475923502,0.0,0.334073687580533,0.0,Tsa1971,1.0595,0.1068,E,0.00216,mu
XeOH4,5,internal,485.8658,bend,yes,0.1561852242896785,0.0571988214103986,Xe1-H2:0.0000;Xe1-H3:0.0781;Xe1-H4:0.0000;Xe1-H5:-0.0781;Xe1-O6:0.0000,Xe1-H2:0.0450;Xe1-H3:0.1226;Xe1-H4:0.0450;Xe1-H5:-0.0732;Xe1-O6:0.0002,True,B,,0.0,0.0,0.1797839402097524,0.0,-0.2797409140135228,0.0,Tsa1971,1.044,0.1452,E,0.00992,mu
XeOH4,6,internal,485.8658,bend,yes,0.1561852242896785,0.0571988214103986,Xe1-H2:-0.0781;Xe1-H3:0.0000;Xe1-H4:0.0781;Xe1-H5:0.0000;Xe1-O6:0.0000,Xe1-H2:-0.0732;Xe1-H3:0.0450;Xe1-H4:0.1226;Xe1-H5:0.0450;Xe1-O6:0.0002,True,B,,0.0,0.1797839402097524,0.0,0.0,0.0,0.2797409140135228,Tsa1971,1.044,0.1452,E,0.00992,mu
XeOH4,7,internal,1074.9838,bend,yes,0.0213087883446418,0.0294083954864229,Xe1-H2:0.0053;Xe1-H3:-0.0053;Xe1-H4:0.0053;Xe1-H5:-0.0053;Xe1-O6:0.0000,Xe1-H2:0.0424;Xe1-H3:0.0311;Xe1-H4:0.0424;Xe1-H5:0.0311;Xe1-O6:0.0000,True,B,,0.0,0.0,0.0,0.0,0.0,0.0,Tsa1971,1.0078,0.6862,B2,0.0,mu
XeOH4,8,internal,1164.8689,bend,yes,0.0411423394976142,0.0400974508588379,Xe1-H2:0.0064;Xe1-H3:0.0064;Xe1-H4:0.0064;Xe1-H5:0.0064;Xe1-O6:-0.0157,Xe1-H2:0.0463;Xe1-H3:0.0463;Xe1-H4:0.0463;Xe1-H5:0.0463;Xe1-O6:-0.0153,True,B,,0.6653195683180001,0.0,0.0,0.0,0.0,0.0,Tsa1971,1.0517,0.8408,A1,0.01734,mu
XeOH4,9,internal,1726.3654,stretch,yes,0.999772941991972,0.2188949719354263,Xe1-H2:0.2499;Xe1-H3:-0.2499;Xe1-H4:0.2499;Xe1-H5:-0.2499;Xe1-O6:0.0000,Xe1-H2:0.2736;Xe1-H3:-0.2736;Xe1-H4:0.2736;Xe1-H5:-0.2736;Xe1-O6:0.0000,True,S,,0.0,0.0,0.0,0.0,0.0,0.0,Tsa1971,1.0078,1.7697,B2,0.0,mu
XeOH4,10,internal,1788.4588,stretch,yes,0.9995026493835568,0.2200038109456088,Xe1-H2:0.2492;Xe1-H3:0.2492;Xe1-H4:0.2492;Xe1-H5:0.2492;Xe1-O6:-0.0025,Xe1-H2:0.2735;Xe1-H3:0.2735;Xe1-H4:0.2735;Xe1-H5:0.2735;Xe1-O6:-0.0059,True,S,,-0.0454566455979434,0.0,0.0,0.0,0.0,0.0,Tsa1971,1.0103,1.904,A1,0.00051,mu
XeOH4,11,internal,1817.843,stretch,yes,0.9012868462693648,0.1537142939599979,Xe1-H2:0.4506;Xe1-H3:0.0000;Xe1-H4:-0.4506;Xe1-H5:0.0000;Xe1-O6:0.0000,Xe1-H2:0.3768;Xe1-H3:0.0075;Xe1-H4:-0.3767;Xe1-H5:0.0075;Xe1-O6:0.0000,True,S,,0.0,0.6660745954734384,0.0,0.0,0.0,0.0517332852751414,Tsa1971,1.0321,2.0095,E,0.01362,mu
XeOH4,12,internal,1817.843,stretch,yes,0.9012868462693648,0.1537142939599979,Xe1-H2:0.0000;Xe1-H3:-0.4506;Xe1-H4:0.0000;Xe1-H5:0.4506;Xe1-O6:0.0000,Xe1-H2:0.0075;Xe1-H3:-0.3767;Xe1-H4:0.0075;Xe1-H5:0.3768;Xe1-O6:0.0000,True,S,,0.0,0.0,0.6660745954734384,0.0,-0.0517332852751414,0.0,Tsa1971,1.0321,2.0095,E,0.01362,mu
TeH6,Tx,external,0.0,translation,,0.0,,,,True,Tx,,1.0,0.0,0.0,0.0,0.0,0.0,,,,,,mu
TeH6,Ty,external,0.0,translation,,0.0,,,,True,Ty,,0.0,1.0,0.0,0.0,0.0,0.0,,,,,,mu
TeH6,Tz,external,0.0,translation,,0.0,,,,True,Tz,,0.0,0.0,1.0,0.0,0.0,0.0,,,,,,mu
TeH6,Rx,external,0.0,rotation,,0.0,,,,True,Rx,,0.0,0.0,0.0,1.0,0.0,0.0,,,,,,mu
TeH6,Ry,external,0.0,rotation,,0.0,,,,True,Ry,,0.0,0.0,0.0,0.0,1.0,0.0,,,,,,mu
TeH6,Rz,external,0.0,rotation,,0.0,,,,True,Rz,,0.0,0.0,0.0,0.0,0.0,1.0,,,,,,mu
TeH6,1,internal,880.0325,bend,yes,0.0,0.0265398317522195,Te1-H2:0.0000;Te1-H3:0.0000;Te1-H4:0.0000;Te1-H5:0.0000;Te1-H6:0.0000;Te1-H7:0.0000,Te1-H2:0.0200;Te1-H3:0.0200;Te1-H4:0.0396;Te1-H5:0.0200;Te1-H6:0.0200;Te1-H7:0.0396,True,B,,0.0,0.0836866339538974,0.0836809196941955,0.0,0.0,0.0,Boc2021,1.0078,0.4599,T2U,0.0,mu
TeH6,2,internal,880.0325,bend,yes,0.0,0.0264113537551204,Te1-H2:0.0000;Te1-H3:0.0000;Te1-H4:0.0000;Te1-H5:0.0000;Te1-H6:0.0000;Te1-H7:0.0000,Te1-H2:0.0396;Te1-H3:0.0396;Te1-H4:0.0000;Te1-H5:0.0396;Te1-H6:0.0396;Te1-H7:0.0000,True,B,,0.0,0.0,0.0,0.0,0.0,0.0,Boc2021,1.0078,0.4599,T2U,0.0,mu
TeH6,3,internal,880.0325,bend,yes,0.0,0.0265398317522195,Te1-H2:0.0000;Te1-H3:0.0000;Te1-H4:0.0000;Te1-H5:0.0000;Te1-H6:0.0000;Te1-H7:0.0000,Te1-H2:0.0200;Te1-H3:0.0200;Te1-H4:0.0396;Te1-H5:0.0200;Te1-H6:0.0200;Te1-H7:0.0396,True,B,,0.0,0.0836809196941955,-0.0836866339538974,0.0,0.0,0.0,Boc2021,1.0078,0.4599,T2U,0.0,mu
TeH6,4,internal,975.7808,bend,yes,0.0509185239791099,0.0300973080953842,Te1-H2:0.0127;Te1-H3:0.0127;Te1-H4:-0.0000;Te1-H5:-0.0127;Te1-H6:-0.0127;Te1-H7:0.0000,Te1-H2:0.0441;Te1-H3:0.0403;Te1-H4:0.0420;Te1-H5:0.0064;Te1-H6:-0.0058;Te1-H7:0.0420,True,B,,0.0003643664643552,0.4212107187296226,0.3929932817611959,0.0,0.0,0.0,Boc2021,1.0411,0.5841,T1U,0.0160752293918313,mu
TeH6,5,internal,975.7808,bend,yes,0.0508895705801522,0.0300973041111867,Te1-H2:0.0127;Te1-H3:-0.0127;Te1-H4:0.0000;Te1-H5:-0.0127;Te1-H6:0.0127;Te1-H7:0.0000,Te1-H2:0.0403;Te1-H3:0.0064;Te1-H4:0.0420;Te1-H5:-0.0058;Te1-H6:0.0441;Te1-H7:0.0420,True,B,,4.908760565361645e-05,-0.3929933692801516,0.4212107756546258,2.775557561562892e-17,0.0,0.0,Boc2021,1.0411,0.5841,T1U,0.0160752262814555,mu
TeH6,6,internal,975.7808,bend,yes,0.0053792741538745,0.0381400392701377,Te1-H2:-0.0000;Te1-H3:-0.0000;Te1-H4:-0.0027;Te1-H5:0.0000;Te1-H6:0.0000;Te1-H7:0.0027,Te1-H2:0.0420;Te1-H3:0.0420;Te1-H4:-0.0304;Te1-H5:0.0420;Te1-H6:0.0420;Te1-H7:0.0304,True,B,,0.714278326835748,-0.0014797367307218,-0.0014797367307218,0.0,8.456776945386936e-18,-8.456776945386936e-18,Boc2021,1.0411,0.5841,T1U,0.0160700062227741,mu
TeH6,7,internal,1088.2223,bend,yes,0.0,0.0265390919101859,Te1-H2:0.0000;Te1-H3:0.0000;Te1-H4:0.0000;Te1-H5:0.0000;Te1-H6:0.0000;Te1-H7:0.0000,Te1-H2:0.0200;Te1-H3:0.0200;Te1-H4:0.0396;Te1-H5:0.0200;Te1-H6:0.0200;Te1-H7:0.0396,True,B,,0.0,0.0,0.0,0.0,0.1464466094067262,0.1464466094067262,Boc2021,1.0078,0.7032,T2G,0.0,mu
TeH6,8,internal,1088.2223,bend,yes,0.0,0.0264113537551204,Te1-H2:0.0000;Te1-H3:0.0000;Te1-H4:0.0000;Te1-H5:0.0000;Te1-H6:0.0000;Te1-H7:0.0000,Te1-H2:0.0396;Te1-H3:0.0396;Te1-H4:0.0000;Te1-H5:0.0396;Te1-H6:0.0396;Te1-H7:0.0000,True,B,,0.0,0.0,0.0,0.0,0.0,0.0,Boc2021,1.0078,0.7032,T2G,0.0,mu
TeH6,9,internal,1088.2223,bend,yes,0.0,0.0265390919101859,Te1-H2:0.0000;Te1-H3:0.0000;Te1-H4:0.0000;Te1-H5:0.0000;Te1-H6:0.0000;Te1-H7:0.0000,Te1-H2:0.0200;Te1-H3:0.0200;Te1-H4:0.0396;Te1-H5:0.0200;Te1-H6:0.0200;Te1-H7:0.0396,True,B,,0.0,0.0,0.0,0.0,0.1464466094067262,-0.1464466094067262,Boc2021,1.0078,0.7032,T2G,0.0,mu
TeH6,10,internal,1674.4523,stretch,yes,1.0,0.1898778915132375,Te1-H2:-0.2510;Te1-H3:0.2490;Te1-H4:0.0000;Te1-H5:-0.2510;Te1-H6:0.2490;Te1-H7:0.0000,Te1-H2:-0.2848;Te1-H3:0.2837;Te1-H4:0.0011;Te1-H5:-0.2848;Te1-H6:0.2837;Te1-H7:0.0011,True,S,,0.0,0.0,0.0,0.0,0.0,0.0,Boc2021,1.0078,1.6649,EG,0.0,mu
TeH6,11,internal,1674.4523,stretch,yes,1.0,0.2188231080385797,Te1-H2:-0.0824;Te1-H3:-0.0843;Te1-H4:0.3333;Te1-H5:-0.0824;Te1-H6:-0.0843;Te1-H7:0.3333,Te1-H2:-0.1631;Te1-H3:-0.1651;Te1-H4:0.3282;Te1-H5:-0.1631;Te1-H6:-0.1651;Te1-H7:0.3282,True,S,,0.0,0.0,0.0,0.0,0.0,0.0,Boc2021,1.0078,1.6649,EG,0.0,mu
TeH6,12,internal,1694.7845,stretch,yes,0.9979295310146564,0.1916377271513669,Te1-H2:0.2388;Te1-H3:0.2601;Te1-H4:-0.0000;Te1-H5:-0.2388;Te1-H6:-0.2601;Te1-H7:0.0000,Te1-H2:0.2813;Te1-H3:0.2935;Te1-H4:-0.0001;Te1-H5:-0.2811;Te1-H6:-0.2934;Te1-H7:0.0003,True,S,,0.0028028203716586,-0.0394426282986149,-0.0254252429655419,0.0,0.0,0.0,Boc2021,1.0202,1.7265,T1U,0.0098097196697968,mu
TeH6,13,internal,1694.7845,stretch,yes,0.9979100127794344,0.1916023083820824,Te1-H2:0.2601;Te1-H3:-0.2388;Te1-H4:-0.0000;Te1-H5:-0.2601;Te1-H6:0.2388;Te1-H7:0.0000,Te1-H2:0.2935;Te1-H3:-0.2811;Te1-H4:0.0001;Te1-H5:-0.2934;Te1-H6:0.2813;Te1-H7:0.0001,True,S,,7.819772246190272e-05,0.0254359771977975,-0.0394538295959715,0.0,0.0,0.0,Boc2021,1.0202,1.7265,T1U,0.0098097145728099,mu
TeH6,14,internal,1694.7845,stretch,yes,0.9972403686290824,0.1355975446843609,Te1-H2:-0.0000;Te1-H3:-0.0000;Te1-H4:-0.4986;Te1-H5:0.0000;Te1-H6:0.0000;Te1-H7:0.4986,Te1-H2:-0.0000;Te1-H3:-0.0000;Te1-H4:-0.4065;Te1-H5:0.0003;Te1-H6:0.0003;Te1-H7:0.4065,True,S,,-0.4285558079493933,-0.0020288898820563,-0.0020288898820563,0.0,1.2294683229396171e-18,-1.2294683229396171e-18,Boc2021,1.0202,1.7265,T1U,0.00981,mu
TeH6,15,internal,1894.9914,stretch,yes,1.0000000000000002,0.2320980354812943,Te1-H2:0.1667;Te1-H3:0.1667;Te1-H4:0.1667;Te1-H5:0.1667;Te1-H6:0.1667;Te1-H7:0.1667,Te1-H2:0.2321;Te1-H3:0.2321;Te1-H4:0.2321;Te1-H5:0.2321;Te1-H6:0.2321;Te1-H7:0.2321,True,S,,0.0,0.0,0.0,0.0,0.0,0.0,Boc2021,1.0078,2.1323,A1G,0.0,mu
CO2,Tx,external,0.0,translation,,0.0,,,,True,Tx,,1.0,0.0,0.0,0.0,0.0,0.0,,,,,,mu
CO2,Ty,external,0.0,translation,,0.0,,,,True,Ty,,0.0,1.0,0.0,0.0,0.0,0.0,,,,,,mu
CO2,Tz,external,0.0,translation,,0.0,,,,True,Tz,,0.0,0.0,1.0,0.0,0.0,0.0,,,,,,mu
CO2,Ry,external,0.0,rotation,,0.0,,,,True,Ry,,0.0,0.0,0.0,0.0,1.0,0.0,,,,,,mu
CO2,Rz,external,0.0,rotation,,0.0,,,,True,Rz,,0.0,0.0,0.0,0.0,0.0,1.0,,,,,,mu
CO2,1,internal,551.705,bend,no,0.0,0.4250195926245218,C1-O2:0.0000;C1-O3:0.0000,C1-O2:0.4250;C1-O3:0.4250,True,B,,0.0,-0.33333092514817,-0.0012670640408852,0.0,0.0,0.0,,12.8774,2.3094,PIU,0.8833863899789265,mu
CO2,2,internal,551.705,bend,no,0.0,0.4250195926245218,C1-O2:0.0000;C1-O3:0.0000,C1-O2:0.4250;C1-O3:0.4250,True,B,,0.0,0.0012670640408852,-0.33333092514817,0.0,0.0,0.0,,12.8774,2.3094,PIU,0.8833863899789265,mu
CO2,3,internal,1241.2837,stretch,no,1.0,0.5909612867747226,C1-O2:0.5000;C1-O3:0.5000,C1-O2:0.5910;C1-O3:0.5910,True,S,,0.0,0.0,0.0,0.0,0.0,0.0,,15.9949,14.5203,SGG,0.0,mu
CO2,4,internal,2347.6434,stretch,no,1.0,1.0,C1-O2:-0.5000;C1-O3:0.5000,C1-O2:-0.9848;C1-O3:1.0152,True,S,,-0.3333333333333333,0.0,0.0,0.0,0.0,0.0,,12.8774,41.8159,SGU,0.88339,mu
OF2,Tx,external,0.0,translation,,0.0,,,,True,Tx,,1.0,0.0,0.0,0.0,0.0,-0.1748208469894669,,,,,,mu
OF2,Ty,external,0.0,translation,,0.0,,,,True,Ty,,0.0,1.0,0.0,0.0,0.0,0.0,,,,,,mu
OF2,Tz,external,0.0,translation,,0.0,,,,True,Tz,,0.0,0.0,1.0,-0.3333333333333333,0.0,0.0,,,,,,mu
OF2,Rx,external,0.0,rotation,,0.0,,,,True,Rx,,0.0,0.0,-0.3333333333333333,1.0,0.0,0.0,,,,,,mu
OF2,Ry,external,0.0,rotation,,0.0,,,,True,Ry,,0.0,0.0,0.0,0.0,1.0,0.0,,,,,,mu
OF2,Rz,external,0.0,rotation,,8.977864132117558e-17,,,,True,Rz,,-0.1748208469894669,0.0,0.0,0.0,0.0,1.0,,,,,,mu
OF2,1,internal,387.84,bend,no,0.0597924501784226,0.1907219280158671,O1-F2:0.0299;O1-F3:0.0299,O1-F2:0.1907;O1-F3:0.1907,True,B,,0.0,-0.1314180673825455,0.0,0.0,0.0,0.0,,18.3808,1.629,A1,0.45346,mu
OF2,2,internal,945.2852,stretch,no,0.8404915104150286,0.6816259722698176,O1-F2:0.4202;O1-F3:0.4202,O1-F2:0.6816;O1-F3:0.6816,True,S,,0.0,-0.1212379335937252,0.0,0.0,0.0,0.0,,17.2941,9.1049,A1,0.75329,mu
OF2,3,internal,967.2962,stretch,no,0.9002492570119237,0.638735076349354,O1-F2:-0.4501;O1-F3:0.4501,O1-F2:-0.5469;O1-F3:0.7306,True,S,,-0.180630300049199,0.0,0.0,0.0,0.0,-0.0431138148362876,,17.1169,9.4361,B2,0.79149,mu
OCl2,Tx,external,0.0,translation,,0.0,,,,True,Tx,,1.0,0.0,0.0,0.0,0.0,-0.2440013399794356,,,,,,mu
OCl2,Ty,external,0.0,translation,,0.0,,,,True,Ty,,0.0,1.0,0.0,0.0,0.0,0.0,,,,,,mu
OCl2,Tz,external,0.0,translation,,0.0,,,,True,Tz,,0.0,0.0,1.0,-0.3333333333333333,0.0,0.0,,,,,,mu
OCl2,Rx,external,0.0,rotation,,0.0,,,,True,Rx,,0.0,0.0,-0.3333333333333333,1.0,0.0,0.0,,,,,,mu
OCl2,Ry,external,0.0,rotation,,0.0,,,,True,Ry,,0.0,0.0,0.0,0.0,1.0,0.0,,,,,,mu
OCl2,Rz,external,0.0,rotation,,0.0,,,,True,Rz,,-0.2440013399794356,0.0,0.0,0.0,0.0,1.0,,,,,,mu
OCl2,1,internal,254.9886,bend,no,0.1003170548990697,0.1459337411446641,O1-Cl2:0.0502;O1-Cl3:0.0502,O1-Cl2:0.1459;O1-Cl3:0.1459,True,B,,0.0,-0.1986173260455396,0.0,0.0,0.0,0.0,,29.6417,1.1355,A1,0.52987,mu
OCl2,2,internal,539.4137,stretch,no,0.7426135091299858,0.5033246791222977,O1-Cl2:0.3713;O1-Cl3:0.3713,O1-Cl2:0.5033;O1-Cl3:0.5033,True,S,,0.0,-0.113217859822814,0.0,0.0,0.0,0.0,,19.5824,3.3571,A1,0.90051,mu
OCl2,3,internal,638.9297,stretch,no,0.8787211272170188,0.5110989748971848,O1-Cl2:-0.4394;O1-Cl3:0.4394,O1-Cl2:-0.4545;O1-Cl3:0.5677,True,S,,-0.2039801182989187,0.0,0.0,0.0,0.0,-0.0142538251809132,,18.6267,4.4801,B2,0.92806,mu
Br2O,Tx,external,0.0,translation,,0.0,,,,True,Tx,,1.0,0.0,0.0,0.0,0.0,-0.2919950899570285,,,,,,mu
Br2O,Ty,external,0.0,translation,,0.0,,,,True,Ty,,0.0,1.0,0.0,0.0,0.0,0.0,,,,,,mu
Br2O,Tz,external,0.0,translation,,0.0,,,,True,Tz,,0.0,0.0,1.0,-0.3333333333333333,0.0,0.0,,,,,,mu
Br2O,Rx,external,0.0,rotation,,0.0,,,,True,Rx,,0.0,0.0,-0.3333333333333333,1.0,0.0,0.0,,,,,,mu
Br2O,Ry,external,0.0,rotation,,0.0,,,,True,Ry,,0.0,0.0,0.0,0.0,1.0,0.0,,,,,,mu
Br2O,Rz,external,0.0,rotation,,0.0,,,,True,Rz,,-0.2919950899570285,0.0,0.0,0.0,0.0,1.0,,,,,,mu
Br2O,1,internal,176.0192,bend,no,0.169718133078662,0.1551621422095937,O1-Br2:0.0849;O1-Br3:0.0849,O1-Br2:0.1552;O1-Br3:0.1552,True,B,,0.0,-0.2702951777087464,0.0,0.0,0.0,0.0,,59.8355,1.0923,A1,0.5507,mu
Br2O,2,internal,445.0152,stretch,no,0.6393826157283046,0.4209130538936068,O1-Br2:0.3197;O1-Br3:0.3197,O1-Br2:0.4209;O1-Br3:0.4209,True,S,,0.0,-0.1305339111048852,0.0,0.0,0.0,0.0,,18.5557,2.1651,A1,0.97944,mu
Br2O,3,internal,604.0941,stretch,no,0.85961919522717,0.4563718505361974,O1-Br2:-0.4298;O1-Br3:0.4298,O1-Br2:-0.4064;O1-Br3:0.5064,True,S,,-0.2172783140528985,0.0,0.0,0.0,0.0,0.007662107345911,,17.8342,3.8345,B2,0.98528,mu
H2S,Tx,external,0.0,translation,,0.0,,,,True,Tx,,1.0,0.0,0.0,0.0,0.0,0.1033859880263474,,,,,,mu
H2S,Ty,external,0.0,translation,,0.0,,,,True,Ty,,0.0,1.0,0.0,0.0,0.0,0.0,,,,,,mu
H2S,Tz,external,0.0,translation,,0.0,,,,True,Tz,,0.0,0.0,1.0,-0.3333333333333333,0.0,0.0,,,,,,mu
H2S,Rx,external,0.0,rotation,,0.0,,,,True,Rx,,0.0,0.0,-0.3333333333333333,1.0,0.0,0.0,,,,,,mu
H2S,Ry,external,0.0,rotation,,0.0,,,,True,Ry,,0.0,0.0,0.0,0.0,1.0,0.0,,,,,,mu
H2S,Rz,external,0.0,rotation,,0.0,,,,True,Rz,,0.1033859880263473,0.0,0.0,0.0,0.0,1.0,,,,,,mu
H2S,1,internal,1227.7251,bend,no,0.0631699127304421,0.1038945916327143,S1-H2:-0.0316;S1-H3:-0.0316,S1-H2:0.1039;S1-H3:0.1039,True,B,,0.0,0.1716111454176589,0.0,0.0,0.0,0.0,,1.0431,0.9263,A1,0.03375,mu
H2S,2,internal,2491.1785,stretch,no,0.9994511712684075,0.5290931568591958,S1-H2:0.4997;S1-H3:0.4997,S1-H2:0.5291;S1-H3:0.5291,True,S,,0.0,-0.0865669362713981,0.0,0.0,0.0,0.0,,1.0322,3.7743,A1,0.02807,mu
H2S,3,internal,2517.7452,stretch,no,0.9995388889830896,0.5335483514147221,S1-H2:0.4998;S1-H3:-0.4998,S1-H2:0.5337;S1-H3:-0.5334,True,S,,0.1569173623472712,0.0,0.0,0.0,0.0,0.3131445888160182,,1.0411,3.8882,B2,0.03276,mu
SF2,Tx,external,0.0,translation,,0.0,,,,True,Tx,,1.0,0.0,0.0,0.0,0.0,-0.0911126309980987,,,,,,mu
SF2,Ty,external,0.0,translation,,0.0,,,,True,Ty,,0.0,1.0,0.0,0.0,0.0,0.0,,,,,,mu
SF2,Tz,external,0.0,translation,,0.0,,,,True,Tz,,0.0,0.0,1.0,-0.3333333333333333,0.0,0.0,,,,,,mu
SF2,Rx,external,0.0,rotation,,0.0,,,,True,Rx,,0.0,0.0,-0.3333333333333333,1.0,0.0,0.0,,,,,,mu
SF2,Ry,external,0.0,rotation,,0.0,,,,True,Ry,,0.0,0.0,0.0,0.0,1.0,0.0,,,,,,mu
SF2,Rz,external,0.0,rotation,,0.0,,,,True,Rz,,-0.0911126309980987,0.0,0.0,0.0,0.0,1.0,,,,,,mu
SF2,1,internal,303.6938,bend,no,0.0539897727474063,0.1480014224105338,S1-F2:0.0270;S1-F3:0.0270,S1-F2:0.1480;S1-F3:0.1480,True,B,,0.0,-0.044340762834573,0.0,0.0,0.0,0.0,,20.5184,1.115,A1,0.34228,mu
SF2,2,internal,780.2933,stretch,no,0.9144217880390488,0.5708102476355897,S1-F2:0.4572;S1-F3:0.4572,S1-F2:0.5708;S1-F3:0.5708,True,S,,0.0,-0.1258077805780724,0.0,0.0,0.0,0.0,,22.2538,7.9831,A1,0.50092,mu
SF2,3,internal,801.2537,stretch,no,0.944605080018597,0.5749278204539885,S1-F2:-0.4723;S1-F3:0.4723,S1-F2:-0.5437;S1-F3:0.6061,True,S,,-0.1741011721873582,0.0,0.0,0.0,0.0,-0.1148664788805615,,22.7652,8.6112,B2,0.53884,mu
SCl2,Tx,external,0.0,translation,,0.0,,,,True,Tx,,1.0,0.0,0.0,0.0,0.0,-0.166409812430578,,,,,,mu
SCl2,Ty,external,0.0,translation,,0.0,,,,True,Ty,,0.0,1.0,0.0,0.0,0.0,0.0,,,,,,mu
SCl2,Tz,external,0.0,translation,,0.0,,,,True,Tz,,0.0,0.0,1.0,-0.3333333333333333,0.0,0.0,,,,,,mu
SCl2,Rx,external,0.0,rotation,,0.0,,,,True,Rx,,0.0,0.0,-0.3333333333333333,1.0,0.0,0.0,,,,,,mu
SCl2,Ry,external,0.0,rotation,,0.0,,,,True,Ry,,0.0,0.0,0.0,0.0,1.0,0.0,,,,,,mu
SCl2,Rz,external,0.0,rotation,,5.870931328822959e-17,,,,True,Rz,,-0.166409812430578,0.0,0.0,0.0,0.0,1.0,,,,,,mu
SCl2,1,internal,143.6198,bend,no,0.0412616871164143,0.0880288900269685,S1-Cl2:0.0206;S1-Cl3:0.0206,S1-Cl2:0.0880;S1-Cl3:0.0880,True,B,,0.0,-0.1144873276815797,0.0,0.0,0.0,0.0,,34.3546,0.4175,A1,0.45273,mu
SCl2,2,internal,413.2675,stretch,no,0.8560249095757986,0.4385796531904719,S1-Cl2:0.4280;S1-Cl3:0.4280,S1-Cl2:0.4386;S1-Cl3:0.4386,True,S,,0.0,-0.1133950999603882,0.0,0.0,0.0,0.0,,33.4168,3.3626,A1,0.71966,mu
SCl2,3,internal,425.1794,stretch,no,0.90552461637736,0.4448535784942029,S1-Cl2:-0.4528;S1-Cl3:0.4528,S1-Cl2:-0.4166;S1-Cl3:0.4731,True,S,,-0.1795281726313757,0.0,0.0,0.0,0.0,-0.0493824497078333,,33.2125,3.5375,B2,0.76556,mu
SBr2,Tx,external,0.0,translation,,0.0,,,,True,Tx,,1.0,0.0,0.0,0.0,0.0,-0.244418555209237,,,,,,mu
SBr2,Ty,external,0.0,translation,,0.0,,,,True,Ty,,0.0,1.0,0.0,0.0,0.0,0.0,,,,,,mu
SBr2,Tz,external,0.0,translation,,0.0,,,,True,Tz,,0.0,0.0,1.0,-0.3333333333333333,0.0,0.0,,,,,,mu
SBr2,Rx,external,0.0,rotation,,0.0,,,,True,Rx,,0.0,0.0,-0.3333333333333333,1.0,0.0,0.0,,,,,,mu
SBr2,Ry,external,0.0,rotation,,0.0,,,,True,Ry,,0.0,0.0,0.0,0.0,1.0,0.0,,,,,,mu
SBr2,Rz,external,0.0,rotation,,1.128473518600514e-16,,,,True,Rz,,-0.2444185552092369,0.0,0.0,0.0,0.0,1.0,,,,,,mu
SBr2,1,internal,99.0193,bend,no,0.061560618619879,0.0837274409239916,S1-Br2:0.0308;S1-Br3:0.0308,S1-Br2:0.0837;S1-Br3:0.0837,True,B,,0.0,-0.2122762717026529,0.0,0.0,0.0,0.0,,65.463,0.3782,A1,0.53536,mu
SBr2,2,internal,335.1358,stretch,no,0.7581901692518321,0.3867896037774958,S1-Br2:0.3791;S1-Br3:0.3791,S1-Br2:0.3868;S1-Br3:0.3868,True,S,,0.0,-0.1159566582424022,0.0,0.0,0.0,0.0,,39.1562,2.5911,A1,0.92031,mu
SBr2,3,internal,367.2639,stretch,no,0.8561007773293661,0.3901059333083878,S1-Br2:-0.4281;S1-Br3:0.4281,S1-Br2:-0.3557;S1-Br3:0.4245,True,S,,-0.1859082073774871,0.0,0.0,0.0,0.0,0.011808698315605,,37.5661,2.9854,B2,0.93853,mu
H2Se,Tx,external,0.0,translation,,0.0,,,,True,Tx,,1.0,0.0,0.0,0.0,0.0,0.122318343766735,,,,,,mu
H2Se,Ty,external,0.0,translation,,0.0,,,,True,Ty,,0.0,1.0,0.0,0.0,0.0,0.0,,,,,,mu
H2Se,Tz,external,0.0,translation,,0.0,,,,True,Tz,,0.0,0.0,1.0,-0.3333333333333333,0.0,0.0,,,,,,mu
H2Se,Rx,external,0.0,rotation,,0.0,,,,True,Rx,,0.0,0.0,-0.3333333333333333,1.0,0.0,0.0,,,,,,mu
H2Se,Ry,external,0.0,rotation,,0.0,,,,True,Ry,,0.0,0.0,0.0,0.0,1.0,0.0,,,,,,mu
H2Se,Rz,external,0.0,rotation,,0.0,,,,True,Rz,,0.122318343766735,0.0,0.0,0.0,0.0,1.0,,,,,,mu
H2Se,1,internal,1076.7089,bend,no,0.0542220014283352,0.086263524361284,Se1-H2:-0.0271;Se1-H3:-0.0271,Se1-H2:0.0863;Se1-H3:0.0863,True,B,,0.0,0.1664644532918331,0.0,0.0,0.0,0.0,,1.0219,0.698,A1,0.01337,mu
H2Se,2,internal,2231.4967,stretch,no,0.9991220375877196,0.4799892116382535,Se1-H2:0.4996;Se1-H3:0.4996,Se1-H2:0.4800;Se1-H3:0.4800,True,S,,0.0,-0.1016539661535275,0.0,0.0,0.0,0.0,,1.0185,2.9882,A1,0.01164,mu
H2Se,3,internal,2245.5847,stretch,no,0.9999227308712284,0.4813507738525201,Se1-H2:0.5000;Se1-H3:-0.5000,Se1-H2:0.4814;Se1-H3:-0.4813,True,S,,0.1475397286452611,0.0,0.0,0.0,0.0,0.3249408329716688,,1.0209,3.0331,B2,0.01286,mu
SeF2,Tx,external,0.0,translation,,0.0,,,,True,Tx,,1.0,0.0,0.0,0.0,0.0,0.0045954476771846,,,,,,mu
SeF2,Ty,external,0.0,translation,,0.0,,,,True,Ty,,0.0,1.0,0.0,0.0,0.0,0.0,,,,,,mu
SeF2,Tz,external,0.0,translation,,0.0,,,,True,Tz,,0.0,0.0,1.0,-0.3333333333333333,0.0,0.0,,,,,,mu
SeF2,Rx,external,0.0,rotation,,0.0,,,,True,Rx,,0.0,0.0,-0.3333333333333333,1.0,0.0,0.0,,,,,,mu
SeF2,Ry,external,0.0,rotation,,0.0,,,,True,Ry,,0.0,0.0,0.0,0.0,1.0,0.0,,,,,,mu
SeF2,Rz,external,0.0,rotation,,0.0,,,,True,Rz,,0.0045954476771846,0.0,0.0,0.0,0.0,1.0,,,,,,mu
SeF2,1,internal,264.6802,bend,no,0.0180206361444793,0.1119715026591324,Se1-F2:0.0090;Se1-F3:0.0090,Se1-F2:0.1120;Se1-F3:0.1120,True,B,,0.0,0.0667974603376081,0.0,0.0,0.0,0.0,,21.3818,0.8825,A1,0.1978,mu
SeF2,2,internal,694.4388,stretch,no,0.97792954335969,0.4760008876770515,Se1-F2:0.4890;Se1-F3:0.4890,Se1-F2:0.4760;Se1-F3:0.4760,True,S,,0.0,-0.1135240002889539,0.0,0.0,0.0,0.0,,21.9424,6.2345,A1,0.21983,mu
SeF2,3,internal,695.1476,stretch,no,0.9832517703939048,0.4906114874657676,Se1-F2:0.4916;Se1-F3:-0.4916,Se1-F2:0.4961;Se1-F3:-0.4851,True,S,,0.1693731235187652,0.0,0.0,0.0,0.0,0.2107034568818687,,22.6772,6.4564,B2,0.24574,mu
SeCl2,Tx,external,0.0,translation,,0.0,,,,True,Tx,,1.0,0.0,0.0,0.0,0.0,-0.0654876564509426,,,,,,mu
SeCl2,Ty,external,0.0,translation,,0.0,,,,True,Ty,,0.0,1.0,0.0,0.0,0.0,0.0,,,,,,mu
SeCl2,Tz,external,0.0,translation,,0.0,,,,True,Tz,,0.0,0.0,1.0,-0.3333333333333333,0.0,0.0,,,,,,mu
SeCl2,Rx,external,0.0,rotation,,0.0,,,,True,Rx,,0.0,0.0,-0.3333333333333333,1.0,0.0,0.0,,,,,,mu
SeCl2,Ry,external,0.0,rotation,,0.0,,,,True,Ry,,0.0,0.0,0.0,0.0,1.0,0.0,,,,,,mu
SeCl2,Rz,external,0.0,rotation,,5.759219080318045e-17,,,,True,Rz,,-0.0654876564509427,0.0,0.0,0.0,0.0,1.0,,,,,,mu
SeCl2,1,internal,119.9398,bend,no,0.0146819451064913,0.071814825499544,Se1-Cl2:0.0073;Se1-Cl3:0.0073,Se1-Cl2:0.0718;Se1-Cl3:0.0718,True,B,,0.0,0.0186252610105196,0.0,0.0,0.0,0.0,,39.3035,0.3331,A1,0.31055,mu
SeCl2,2,internal,351.3412,stretch,no,0.9620294713024335,0.406953995894543,Se1-Cl2:-0.4810;Se1-Cl3:0.4810,Se1-Cl2:-0.3989;Se1-Cl3:0.4150,True,S,,-0.1789698939914696,0.0,0.0,0.0,0.0,-0.1485029623269223,,43.2583,3.1461,B2,0.42945,mu
SeCl2,3,internal,351.9962,stretch,no,0.9491571573685316,0.3847726473569654,Se1-Cl2:0.4746;Se1-Cl3:0.4746,Se1-Cl2:0.3848;Se1-Cl3:0.3848,True,S,,0.0,-0.1007460210529617,0.0,0.0,0.0,0.0,,41.2467,3.011,A1,0.37373,mu
SeBr2,Tx,external,0.0,translation,,0.0,,,,True,Tx,,1.0,0.0,0.0,0.0,0.0,-0.1598006185128337,,,,,,mu
SeBr2,Ty,external,0.0,translation,,0.0,,,,True,Ty,,0.0,1.0,0.0,0.0,0.0,0.0,,,,,,mu
SeBr2,Tz,external,0.0,translation,,0.0,,,,True,Tz,,0.0,0.0,1.0,-0.3333333333333333,0.0,0.0,,,,,,mu
SeBr2,Rx,external,0.0,rotation,,0.0,,,,True,Rx,,0.0,0.0,-0.3333333333333333,1.0,0.0,0.0,,,,,,mu
SeBr2,Ry,external,0.0,rotation,,0.0,,,,True,Ry,,0.0,0.0,0.0,0.0,1.0,0.0,,,,,,mu
SeBr2,Rz,external,0.0,rotation,,1.074333021011592e-16,,,,True,Rz,,-0.1598006185128337,0.0,0.0,0.0,0.0,1.0,,,,,,mu
SeBr2,1,internal,83.8644,bend,no,0.0276539674559331,0.071910347015312,Se1-Br2:0.0138;Se1-Br3:0.0138,Se1-Br2:0.0719;Se1-Br3:0.0719,True,B,,0.0,-0.0912153731271485,0.0,0.0,0.0,0.0,,79.1226,0.3279,A1,0.45234,mu
SeBr2,2,internal,258.6877,stretch,no,0.8702116842765691,0.3951926909044786,Se1-Br2:0.4351;Se1-Br3:0.4351,Se1-Br2:0.3952;Se1-Br3:0.3952,True,S,,0.0,-0.1020357218059093,0.0,0.0,0.0,0.0,,79.3716,3.1294,A1,0.67386,mu
SeBr2,3,internal,271.71,stretch,no,0.9145125572003414,0.4106075395604102,Se1-Br2:-0.4573;Se1-Br3:0.4573,Se1-Br2:-0.3902;Se1-Br3:0.4311,True,S,,-0.1833864078334995,0.0,0.0,0.0,0.0,-0.0611136612912872,,79.4569,3.4562,B2,0.73452,mu
CS2,Tx,external,0.0,translation,,0.0,,,,True,Tx,,1.0,0.0,0.0,0.0,0.0,0.0,,,,,,mu
CS2,Ty,external,0.0,translation,,0.0,,,,True,Ty,,0.0,1.0,0.0,0.0,0.0,0.0,,,,,,mu
CS2,Tz,external,0.0,translation,,0.0,,,,True,Tz,,0.0,0.0,1.0,0.0,0.0,0.0,,,,,,mu
CS2,Ry,external,0.0,rotation,,0.0,,,,True,Ry,,0.0,0.0,0.0,0.0,1.0,0.0,,,,,,mu
CS2,Rz,external,0.0,rotation,,0.0,,,,True,Rz,,0.0,0.0,0.0,0.0,0.0,1.0,,,,,,mu
CS2,1,internal,367.6899,bend,no,0.0,0.2275158304731324,C1-S2:0.0000;C1-S3:0.0000,C1-S2:0.2275;C1-S3:0.2275,True,B,,0.0,1.2614152468638538e-05,-0.3333333331943108,0.0,0.0,0.0,,13.3142,1.0605,PIU,0.9665400025348148,mu
CS2,2,internal,367.6899,bend,no,0.0,0.2275158304731323,C1-S2:0.0000;C1-S3:0.0000,C1-S2:0.2275;C1-S3:0.2275,True,B,,0.0,-0.3333333331943108,-1.2614152468638538e-05,0.0,0.0,0.0,,13.3142,1.0605,PIU,0.9665400025348148,mu
CS2,3,internal,604.6208,stretch,no,1.0,0.4385221806852036,C1-S2:0.5000;C1-S3:0.5000,C1-S2:0.4385;C1-S3:0.4385,True,S,,0.0,0.0,0.0,0.0,0.0,0.0,,31.9721,6.8863,SGG,0.0,mu
CS2,4,internal,1499.1062,stretch,no,0.9999999999999998,0.7118954358616894,C1-S2:-0.5000;C1-S3:0.5000,C1-S2:-0.7119;C1-S3:0.7119,True,S,,-0.3333333333333333,0.0,0.0,0.0,0.0,0.0,,13.3142,17.6291,SGU,0.96654,mu
CSe2,Tx,external,0.0,translation,,0.0,,,,True,Tx,,1.0,0.0,0.0,0.0,0.0,0.0,,,,,,mu
CSe2,Ty,external,0.0,translation,,0.0,,,,True,Ty,,0.0,1.0,0.0,0.0,0.0,0.0,,,,,,mu
CSe2,Tz,external,0.0,translation,,0.0,,,,True,Tz,,0.0,0.0,1.0,0.0,0.0,0.0,,,,,,mu
CSe2,Ry,external,0.0,rotation,,0.0,,,,True,Ry,,0.0,0.0,0.0,0.0,1.0,0.0,,,,,,mu
CSe2,Rz,external,0.0,rotation,,0.0,,,,True,Rz,,0.0,0.0,0.0,0.0,0.0,1.0,,,,,,mu
CSe2,1,internal,327.9949,bend,no,0.0,0.1745725123325292,C1-Se2:0.0000;C1-Se3:0.0000,C1-Se2:0.1746;C1-Se3:0.1746,True,B,,0.0,-0.3333333297803702,4.9068829477898096e-05,0.0,0.0,0.0,,12.7571,0.8086,PIU,0.9944100072404742,mu
CSe2,2,internal,327.9949,bend,no,0.0,0.1745725123325295,C1-Se2:0.0000;C1-Se3:0.0000,C1-Se2:0.1746;C1-Se3:0.1746,True,B,,0.0,-4.9068829477898096e-05,-0.3333333297803702,0.0,0.0,0.0,,12.7571,0.8086,PIU,0.9944100072404742,mu
CSe2,3,internal,360.9933,stretch,no,1.0,0.4075263655052338,C1-Se2:0.5000;C1-Se3:0.5000,C1-Se2:0.4075;C1-Se3:0.4075,True,S,,0.0,0.0,0.0,0.0,0.0,0.0,,79.9165,6.136,SGG,0.0,mu
CSe2,4,internal,1349.7457,stretch,no,1.0,0.6161335740842024,C1-Se2:-0.5000;C1-Se3:0.5000,C1-Se2:-0.6161;C1-Se3:0.6161,True,S,,-0.3333333333333333,0.0,0.0,0.0,0.0,0.0,,12.7571,13.6933,SGU,0.99441,mu
CTe2,Tx,external,0.0,translation,,0.0,,,,True,Tx,,1.0,0.0,0.0,0.0,0.0,0.0,,,,,,mu
CTe2,Ty,external,0.0,translation,,0.0,,,,True,Ty,,0.0,1.0,0.0,0.0,0.0,0.0,,,,,,mu
CTe2,Tz,external,0.0,translation,,0.0,,,,True,Tz,,0.0,0.0,1.0,0.0,0.0,0.0,,,,,,mu
CTe2,Ry,external,0.0,rotation,,0.0,,,,True,Ry,,0.0,0.0,0.0,0.0,1.0,0.0,,,,,,mu
CTe2,Rz,external,0.0,rotation,,0.0,,,,True,Rz,,0.0,0.0,0.0,0.0,0.0,1.0,,,,,,mu
CTe2,1,internal,250.9987,stretch,no,1.0,0.3611319085737866,C1-Te2:0.5000;C1-Te3:0.5000,C1-Te2:0.3611;C1-Te3:0.3611,True,S,,0.0,0.0,0.0,0.0,0.0,0.0,,129.9067,4.822,SGG,0.0,mu
CTe2,2,internal,255.5305,bend,no,0.0,0.1332547688573665,C1-Te2:0.0000;C1-Te3:0.0000,C1-Te2:0.1333;C1-Te3:0.1333,True,B,,0.0,-0.3333333333333333,0.0,0.0,0.0,0.0,,12.5009,0.4809,PIU,0.99787,mu
CTe2,3,internal,255.5305,bend,no,0.0,0.1332547688573665,C1-Te2:0.0000;C1-Te3:0.0000,C1-Te2:0.1333;C1-Te3:0.1333,True,B,,0.0,0.0,-0.3333333333333333,0.0,0.0,0.0,,12.5009,0.4809,PIU,0.99787,mu
CTe2,4,internal,1190.9528,stretch,no,1.0000000000000002,0.5331663634720062,C1-Te2:-0.5000;C1-Te3:0.5000,C1-Te2:-0.5332;C1-Te3:0.5332,True,S,,-0.3333333333333333,0.0,0.0,0.0,0.0,0.0,,12.5009,10.4467,SGU,0.99787,mu
F4,Tx,external,0.0,translation,,0.0,,,,True,Tx,,1.0,0.0,0.0,0.0,0.0,-0.249830618330573,,,,,,mu
F4,Ty,external,0.0,translation,,0.0,,,,True,Ty,,0.0,1.0,0.0,0.0,0.0,0.0,,,,,,mu
F4,Tz,external,0.0,translation,,0.0,,,,True,Tz,,0.0,0.0,1.0,0.5,0.0,0.0,,,,,,mu
F4,Rx,external,0.0,rotation,,0.0,,,,True,Rx,,0.0,0.0,0.5,1.0,0.0,0.0,,,,,,mu
F4,Ry,external,0.0,rotation,,0.0,,,,True,Ry,,0.0,0.0,0.0,0.0,1.0,0.0,,,,,,mu
F4,Rz,external,0.0,rotation,,0.0,,,,True,Rz,,-0.2498306183305731,0.0,0.0,0.0,0.0,1.0,,,,,,mu
F4,1,internal,146.1496,bend,no,0.0006061784570249,0.0934724452952367,F1-F2:-0.0003;F1-F3:0.0000;F1-F4:0.0003,F1-F2:0.0482;F1-F3:0.1830;F1-F4:0.0493,True,B,,0.1391297787594542,1.850152494625723e-06,0.0,0.0,0.0,-0.1535126066757562,,18.9984,0.2391,B2,0.3864,mu
F4,2,internal,146.1645,bend,no,0.0036364460580774,0.0950078909670505,F1-F2:0.0018;F1-F3:-0.0000;F1-F4:0.0018,F1-F2:0.1413;F1-F3:-0.0024;F1-F4:0.1413,True,B,,2.088440361119881e-06,0.1734599433465115,0.0,0.0,0.0,1.0541991263823824e-06,,18.9984,0.2391,A1,0.38467,mu
F4,3,internal,361.8119,bend,no,0.0,0.2248103417542474,F1-F2:0.0000;F1-F3:0.0000;F1-F4:0.0000,F1-F2:0.2249;F1-F3:0.2247;F1-F4:0.2249,True,B,,0.0,0.0,0.5,0.0,0.0,0.0,,18.9984,1.4653,B1,0.86603,mu
F4,4,internal,595.1251,stretch,no,0.9999955052660172,0.3536058341313151,F1-F2:0.3298;F1-F3:0.3404;F1-F4:0.3298,F1-F2:0.3518;F1-F3:0.3573;F1-F4:0.3518,True,S,,0.0,0.2503004727382258,0.0,0.0,0.0,0.0,,18.9984,3.9645,A1,0.00337,mu
F4,5,internal,695.9651,stretch,no,0.7778855819017343,0.4714279186793322,F1-F2:-0.3889;F1-F3:0.0000;F1-F4:0.3889,F1-F2:-0.6056;F1-F3:0.1071;F1-F4:0.7016,True,S,,0.4333364463829964,0.0,0.0,0.0,0.0,0.4995473461458321,,18.9984,5.4218,B2,0.77505,mu
F4,6,internal,696.4105,stretch,no,0.8423758407205297,0.567322981254684,F1-F2:0.1777;F1-F3:-0.4870;F1-F4:0.1777,F1-F2:0.4565;F1-F3:-0.7889;F1-F4:0.4565,True,S,,0.0,0.2531481187787873,0.0,0.0,0.0,0.0,,18.9984,5.4287,A1,0.7759,mu
FCl3,Tx,external,0.0,translation,,0.0,,,,True,Tx,,1.0,0.0,0.0,0.0,0.0,0.0,,,,,,mu
FCl3,Ty,external,0.0,translation,,0.0,,,,True,Ty,,0.0,1.0,0.0,0.0,0.0,0.2499385591772957,,,,,,mu
FCl3,Tz,external,0.0,translation,,0.0,,,,True,Tz,,0.0,0.0,1.0,0.0,0.0,0.0,,,,,,mu
FCl3,Rx,external,0.0,rotation,,0.0,,,,True,Rx,,0.0,0.0,0.0,1.0,0.0,0.0,,,,,,mu
FCl3,Ry,external,0.0,rotation,,0.0,,,,True,Ry,,0.0,0.0,0.0,0.0,1.0,0.0,,,,,,mu
FCl3,Rz,external,0.0,rotation,,0.0,,,,True,Rz,,0.0,0.2499385591772957,0.0,0.0,0.0,1.0,,,,,,mu
FCl3,1,internal,73.8329,bend,no,0.2714228962886056,0.1185156174244744,F1-Cl2:-0.1357;F1-Cl3:0.0000;F1-Cl4:0.1357,F1-Cl2:-0.1253;F1-Cl3:0.0689;F1-Cl4:0.1614,True,B,,2.771110946209188e-06,-0.2269291587738223,0.0,0.0,0.0,-0.2723222216000283,,34.4292,0.1106,B2,0.18383,mu
FCl3,2,internal,74.1215,bend,no,0.3286572457112682,0.0734547055702756,F1-Cl2:-0.1099;F1-Cl3:0.1088;F1-Cl4:-0.1099,F1-Cl2:-0.0266;F1-Cl3:0.1672;F1-Cl4:-0.0266,True,B,,0.2286640111899356,-1.95184829407391e-06,0.0,0.0,0.0,-1.6399364339003686e-06,,34.4176,0.1114,A1,0.18578,mu
FCl3,3,internal,180.3555,bend,no,0.0,0.1380025389373307,F1-Cl2:0.0000;F1-Cl3:0.0000;F1-Cl4:0.0000,F1-Cl2:0.1380;F1-Cl3:0.1380;F1-Cl4:0.1380,True,B,,0.0,0.0,-0.5,0.0,-0.5,0.0,,20.429,0.3915,B1,0.95416,mu
FCl3,4,internal,271.4758,stretch,no,0.9836582693361684,0.2764852920373436,F1-Cl2:0.2322;F1-Cl3:0.5192;F1-Cl4:0.2322,F1-Cl2:0.2363;F1-Cl3:0.3569;F1-Cl4:0.2363,True,S,,-0.2397430758001618,0.0,0.0,0.0,0.0,0.0,,34.6767,1.5057,A1,0.13525,mu
FCl3,5,internal,271.9309,stretch,no,0.6277723434769559,0.3574399343915049,F1-Cl2:-0.3139;F1-Cl3:0.0000;F1-Cl4:0.3139,F1-Cl2:-0.4345;F1-Cl3:0.1216;F1-Cl4:0.5162,True,S,,0.0,-0.4816508521775002,0.0,0.0,0.0,0.1246644384363992,,20.6178,0.8983,B2,0.94795,mu
FCl3,6,internal,272.6751,stretch,no,0.7209002024475756,0.4351762767203225,F1-Cl2:0.1895;F1-Cl3:-0.3419;F1-Cl4:0.1895,F1-Cl2:0.3798;F1-Cl3:-0.5460;F1-Cl4:0.3798,True,S,,-0.426006557675527,0.0,0.0,0.0,0.0,0.0,,20.7249,0.9079,A1,0.9444,mu
FBr3,Tx,external,0.0,translation,,0.0,,,,True,Tx,,1.0,0.0,0.0,0.0,0.0,-0.2500270372378632,,,,,,mu
FBr3,Ty,external,0.0,translation,,0.0,,,,True,Ty,,0.0,1.0,0.0,0.0,0.0,0.0,,,,,,mu
FBr3,Tz,external,0.0,translation,,0.0,,,,True,Tz,,0.0,0.0,1.0,0.0,0.0,0.0,,,,,,mu
FBr3,Rx,external,0.0,rotation,,0.0,,,,True,Rx,,0.0,0.0,0.0,1.0,0.0,0.0,,,,,,mu
FBr3,Ry,external,0.0,rotation,,0.0,,,,True,Ry,,0.0,0.0,0.0,0.0,1.0,0.0,,,,,,mu
FBr3,Rz,external,0.0,rotation,,1.18409525380884e-16,,,,True,Rz,,-0.2500270372378632,0.0,0.0,0.0,0.0,1.0,,,,,,mu
FBr3,1,internal,53.0159,bend,no,0.2010415404199466,0.0406811600499879,F1-Br2:-0.0762;F1-Br3:0.0487;F1-Br4:-0.0762,F1-Br2:0.0051;F1-Br3:0.1118;F1-Br4:0.0051,True,B,,0.0,0.2349081747551588,0.0,0.0,0.0,0.0,,73.9745,0.1225,A1,0.28724,mu
FBr3,2,internal,53.0993,bend,no,0.1657297999649404,0.0884850721943557,F1-Br2:-0.0829;F1-Br3:0.0000;F1-Br4:0.0829,F1-Br2:-0.0745;F1-Br3:0.0767;F1-Br4:0.1143,True,B,,-0.2338158450992813,1.9097737451734265e-06,0.0,0.0,0.0,0.2658685838001009,,73.9324,0.1228,B2,0.28846,mu
FBr3,3,internal,157.8923,bend,no,0.0,0.1154235836924809,F1-Br2:0.0000;F1-Br3:0.0000;F1-Br4:0.0000,F1-Br2:0.1154;F1-Br3:0.1155;F1-Br4:0.1154,True,B,,0.0,0.0,-0.5,0.5,0.0,0.0,,20.134,0.2957,B1,0.99048,mu
FBr3,4,internal,177.9392,stretch,no,0.9999919502322664,0.2666343565100318,F1-Br2:0.3353;F1-Br3:0.3295;F1-Br4:0.3353,F1-Br2:0.2674;F1-Br3:0.2651;F1-Br4:0.2674,True,S,,0.0,0.2498652400606765,0.0,0.0,0.0,0.0,,78.9178,1.4722,A1,0.00305,mu
FBr3,5,internal,236.8721,stretch,no,0.7006571491363417,0.3853094692552583,F1-Br2:0.1696;F1-Br3:-0.3614;F1-Br4:0.1696,F1-Br2:0.3212;F1-Br3:-0.5135;F1-Br4:0.3212,True,S,,0.0,-0.4149988896924846,0.0,0.0,0.0,0.0,,20.4833,0.6771,A1,0.98753,mu
FBr3,6,internal,237.4532,stretch,no,0.6134723048868412,0.321980700323693,F1-Br2:-0.3067;F1-Br3:0.0000;F1-Br4:0.3067,F1-Br2:-0.3965;F1-Br3:0.1058;F1-Br4:0.4637,True,S,,-0.467220551603168,0.0,0.0,0.0,0.0,-0.0793759599474264,,20.4865,0.6806,B2,0.9875,mu
ClH3,Tx,external,0.0,translation,,0.0,,,,True,Tx,,1.0,0.0,0.0,0.0,0.0,0.0237865642269326,,,,,,mu
ClH3,Ty,external,0.0,translation,,0.0,,,,True,Ty,,0.0,1.0,0.0,0.0,0.0,0.0,,,,,,mu
ClH3,Tz,external,0.0,translation,,0.0,,,,True,Tz,,0.0,0.0,1.0,-0.5,0.0,0.0,,,,,,mu
ClH3,Rx,external,0.0,rotation,,0.0,,,,True,Rx,,0.0,0.0,-0.5,1.0,0.0,0.0,,,,,,mu
ClH3,Ry,external,0.0,rotation,,0.0,,,,True,Ry,,0.0,0.0,0.0,0.0,1.0,0.0,,,,,,mu
ClH3,Rz,external,0.0,rotation,,0.0,,,,True,Rz,,0.0237865642269326,0.0,0.0,0.0,0.0,1.0,,,,,,mu
ClH3,1,internal,758.9403,bend,no,0.0,0.0540765542897797,Cl1-H2:0.0000;Cl1-H3:0.0000;Cl1-H4:0.0000,Cl1-H2:0.0029;Cl1-H3:0.0797;Cl1-H4:0.0797,True,B,,0.0,0.0,0.0,-0.5,0.0,0.0,,1.0529,0.3573,B1,0.03645,mu
ClH3,2,internal,798.975,bend,no,0.0327125345396071,0.0514077554436052,Cl1-H2:0.0004;Cl1-H3:-0.0161;Cl1-H4:-0.0161,Cl1-H2:0.0164;Cl1-H3:0.0689;Cl1-H4:0.0689,True,B,,0.0,-0.0004001210800263,0.0,0.0,0.0,0.0,,1.0592,0.3984,A1,0.03888,mu
ClH3,3,internal,856.3513,bend,no,0.1972821382519891,0.1647906575009708,Cl1-H2:0.0000;Cl1-H3:0.0986;Cl1-H4:-0.0986,Cl1-H2:0.2028;Cl1-H3:0.1599;Cl1-H4:-0.1316,True,B,,0.2736947769073136,0.0,0.0,0.0,0.0,0.0950553240737274,,1.0525,0.4548,B2,0.03629,mu
ClH3,4,internal,1242.5791,stretch,no,0.9058491345953408,0.2610591686223877,Cl1-H2:0.0000;Cl1-H3:0.4529;Cl1-H4:-0.4529,Cl1-H2:0.0246;Cl1-H3:0.3818;Cl1-H4:-0.3768,True,S,,-0.002750099184711,0.0,0.0,0.0,0.0,0.0759656676853612,,1.0366,0.943,B2,0.02909,mu
ClH3,5,internal,1251.9086,stretch,no,0.9995604802677523,0.2628573739408535,Cl1-H2:0.0001;Cl1-H3:0.4997;Cl1-H4:0.4997,Cl1-H2:0.0071;Cl1-H3:0.3907;Cl1-H4:0.3907,True,S,,0.0,-0.0190359646140862,0.0,0.0,0.0,0.0,,1.0079,0.9307,A1,0.00177,mu
ClH3,6,internal,2684.3724,stretch,no,0.9966354314315976,0.263214332430942,Cl1-H2:-0.9963;Cl1-H3:0.0002;Cl1-H4:0.0002,Cl1-H2:-0.7845;Cl1-H3:0.0026;Cl1-H4:0.0026,True,S,,0.0,0.4460111197980779,0.0,0.0,0.0,0.0,,1.0376,4.4053,A1,0.02962,mu
ClF3,Tx,external,0.0,translation,,0.0,,,,True,Tx,,1.0,0.0,0.0,0.0,0.0,-0.064629689725541,,,,,,mu
ClF3,Ty,external,0.0,translation,,0.0,,,,True,Ty,,0.0,1.0,0.0,0.0,0.0,0.0,,,,,,mu
ClF3,Tz,external,0.0,translation,,0.0,,,,True,Tz,,0.0,0.0,1.0,0.5,0.0,0.0,,,,,,mu
ClF3,Rx,external,0.0,rotation,,0.0,,,,True,Rx,,0.0,0.0,0.5,1.0,0.0,0.0,,,,,,mu
ClF3,Ry,external,0.0,rotation,,0.0,,,,True,Ry,,0.0,0.0,0.0,0.0,1.0,0.0,,,,,,mu
ClF3,Rz,external,0.0,rotation,,0.0,,,,True,Rz,,-0.064629689725541,0.0,0.0,0.0,0.0,1.0,,,,,,mu
ClF3,1,internal,231.6858,bend,no,0.1046937721193604,0.0799600317142514,Cl1-F2:-0.0495;Cl1-F3:0.0057;Cl1-F4:-0.0495,Cl1-F2:0.0894;Cl1-F3:0.0611;Cl1-F4:0.0894,True,B,,0.0,0.032898682162296,0.0,0.0,0.0,0.0,,21.9552,0.6944,A1,0.43028,mu
ClF3,2,internal,234.1592,bend,no,0.0,0.1236597858415803,Cl1-F2:0.0000;Cl1-F3:0.0000;Cl1-F4:0.0000,Cl1-F2:0.1717;Cl1-F3:0.0276;Cl1-F4:0.1717,True,B,,0.0,0.0,0.0,-0.5,0.0,0.0,,23.9313,0.7731,B1,0.55576,mu
ClF3,3,internal,306.441,bend,no,0.0609168500389131,0.073924924586395,Cl1-F2:-0.0305;Cl1-F3:0.0000;Cl1-F4:0.0305,Cl1-F2:-0.0302;Cl1-F3:0.1251;Cl1-F4:0.0665,True,B,,-0.3060210049493501,0.0,0.0,0.0,0.0,0.1474606483316256,,19.2875,1.0671,B2,0.13454,mu
ClF3,4,internal,380.4381,stretch,no,0.9909184274191698,0.2944473953418253,Cl1-F2:0.4562;Cl1-F3:-0.0786;Cl1-F4:0.4562,Cl1-F2:0.3625;Cl1-F3:-0.1584;Cl1-F4:0.3625,True,S,,0.0,0.3833856911893795,0.0,0.0,0.0,0.0,,19.0008,1.6203,A1,0.01229,mu
ClF3,5,internal,581.4719,stretch,no,0.8881702818145236,0.3098902749614421,Cl1-F2:-0.0517;Cl1-F3:-0.7847;Cl1-F4:-0.0517,Cl1-F2:-0.0958;Cl1-F3:-0.7381;Cl1-F4:-0.0958,True,S,,0.0,-0.0194120875972522,0.0,0.0,0.0,0.0,,22.3049,4.4433,A1,0.45502,mu
ClF3,6,internal,684.4361,stretch,no,0.8450327726246999,0.4450200732592926,Cl1-F2:-0.4225;Cl1-F3:0.0000;Cl1-F4:0.4225,Cl1-F2:-0.6288;Cl1-F3:0.0770;Cl1-F4:0.6293,True,S,,-0.4917421795627698,0.0,0.0,0.0,0.0,-0.3467003351653586,,25.3011,6.9832,B2,0.62821,mu
ClBr3,Tx,external,0.0,translation,,0.0,,,,True,Tx,,1.0,0.0,0.0,0.0,0.0,0.0,,,,,,mu
ClBr3,Ty,external,0.0,translation,,0.0,,,,True,Ty,,0.0,1.0,0.0,0.0,0.0,0.2498688140021758,,,,,,mu
ClBr3,Tz,external,0.0,translation,,0.0,,,,True,Tz,,0.0,0.0,1.0,0.0,0.0,0.0,,,,,,mu
ClBr3,Rx,external,0.0,rotation,,0.0,,,,True,Rx,,0.0,0.0,0.0,1.0,0.0,0.0,,,,,,mu
ClBr3,Ry,external,0.0,rotation,,0.0,,,,True,Ry,,0.0,0.0,0.0,0.0,1.0,0.0,,,,,,mu
ClBr3,Rz,external,0.0,rotation,,4.9333115969230357e-17,,,,True,Rz,,0.0,0.2498688140021758,0.0,0.0,0.0,1.0,,,,,,mu
ClBr3,1,internal,40.7447,bend,no,0.0120062639227281,0.0370986761336282,Cl1-Br2:-0.0059;Cl1-Br3:-0.0059;Cl1-Br4:0.0003,Cl1-Br2:0.0517;Cl1-Br3:0.0517;Cl1-Br4:0.0080,True,B,,0.208016028524591,1.7364900267140646e-05,0.0,0.0,0.0,1.0890718060884254e-05,,70.7155,0.0692,?A,0.4320200018517661,mu
ClBr3,2,internal,40.771,bend,no,0.0123813833519726,0.0369242974019369,Cl1-Br2:-0.0062;Cl1-Br3:0.0062;Cl1-Br4:0.0000,Cl1-Br2:0.0117;Cl1-Br3:0.0259;Cl1-Br4:0.0732,True,B,,2.053546897200695e-05,-0.1992993900848699,0.0,0.0,0.0,-0.2973554740296836,,70.7285,0.0693,?A,0.4316800018532246,mu
ClBr3,3,internal,119.1907,bend,no,0.0,0.0876949386764183,Cl1-Br2:0.0000;Cl1-Br3:0.0000;Cl1-Br4:0.0000,Cl1-Br2:0.0877;Cl1-Br3:0.0877;Cl1-Br4:0.0877,True,B,,0.0,0.0,-0.5,0.0,-0.5,0.0,,37.6685,0.3153,B1,0.9688,mu
ClBr3,4,internal,148.6003,stretch,no,0.9999963236036604,0.2221756091607639,Cl1-Br2:0.3316;Cl1-Br3:0.3316;Cl1-Br4:0.3368,Cl1-Br2:0.2216;Cl1-Br3:0.2216;Cl1-Br4:0.2233,True,S,,-0.2501507835208522,0.0,0.0,0.0,0.0,0.0,,78.9181,1.0268,A1,0.00214,mu
ClBr3,5,internal,227.3482,stretch,no,0.6815186034449907,0.2862647713726196,Cl1-Br2:-0.3408;Cl1-Br3:0.3408;Cl1-Br4:0.0000,Cl1-Br2:-0.3775;Cl1-Br3:0.4168;Cl1-Br4:0.0645,True,S,,0.0,-0.4359584315211567,0.0,0.0,0.0,0.0061043216715271,,39.8722,1.2142,B2,0.94257,mu
ClBr3,6,internal,227.5224,stretch,no,0.7630353106942778,0.3384865178654864,Cl1-Br2:0.1746;Cl1-Br3:0.1746;Cl1-Br4:-0.4139,Cl1-Br2:0.2741;Cl1-Br3:0.2741;Cl1-Br4:-0.4673,True,S,,-0.2652680298214203,0.0,0.0,0.0,0.0,0.0,,39.8764,1.2162,A1,0.94252,mu
BrH3,Tx,external,0.0,translation,,0.0,,,,True,Tx,,1.0,0.0,0.0,0.0,0.0,0.0449870609059008,,,,,,mu
BrH3,Ty,external,0.0,translation,,0.0,,,,True,Ty,,0.0,1.0,0.0,0.0,0.0,0.0,,,,,,mu
BrH3,Tz,external,0.0,translation,,0.0,,,,True,Tz,,0.0,0.0,1.0,-0.5,0.0,0.0,,,,,,mu
BrH3,Rx,external,0.0,rotation,,0.0,,,,True,Rx,,0.0,0.0,-0.5,1.0,0.0,0.0,,,,,,mu
BrH3,Ry,external,0.0,rotation,,0.0,,,,True,Ry,,0.0,0.0,0.0,0.0,1.0,0.0,,,,,,mu
BrH3,Rz,external,0.0,rotation,,0.0,,,,True,Rz,,0.0449870609059008,0.0,0.0,0.0,0.0,1.0,,,,,,mu
BrH3,1,internal,813.6108,bend,no,0.0,0.0491206472759558,Br1-H2:0.0000;Br1-H3:0.0000;Br1-H4:0.0000,Br1-H2:0.0703;Br1-H3:0.0703;Br1-H4:0.0068,True,B,,0.0,0.0,0.0,-0.5,0.0,0.0,,1.0263,0.4003,B1,0.01542,mu
BrH3,2,internal,843.7658,bend,no,0.0527351699043129,0.0630227075023919,Br1-H2:0.0263;Br1-H3:0.0263;Br1-H4:0.0001,Br1-H2:0.0918;Br1-H3:0.0918;Br1-H4:0.0054,True,B,,0.0,-0.0062623465228673,0.0,0.0,0.0,0.0,,1.0317,0.4328,A1,0.0175,mu
BrH3,3,internal,974.9992,bend,no,0.0872902393712114,0.1015688715990223,Br1-H2:0.0436;Br1-H3:-0.0436;Br1-H4:0.0000,Br1-H2:0.0825;Br1-H3:-0.0505;Br1-H4:0.1718,True,B,,0.1105952080499594,0.0,0.0,0.0,0.0,0.0243131043138261,,1.0211,0.5719,B2,0.01306,mu
BrH3,4,internal,1208.9159,stretch,no,0.9984183985963452,0.2555104035362882,Br1-H2:0.4991;Br1-H3:0.4991;Br1-H4:-0.0001,Br1-H2:0.3794;Br1-H3:0.3794;Br1-H4:-0.0077,True,S,,0.0,0.4230447690340275,0.0,0.0,0.0,0.0,,1.0084,0.8683,A1,0.00261,mu
BrH3,5,internal,1284.4204,stretch,no,0.9780524191872902,0.2561918013312074,Br1-H2:0.4890;Br1-H3:-0.4890;Br1-H4:0.0000,Br1-H2:0.3826;Br1-H3:-0.3814;Br1-H4:0.0046,True,S,,-6.893595217477566e-05,0.0,0.0,0.0,0.0,0.0367120509022882,,1.0275,0.9987,B2,0.01587,mu
BrH3,6,internal,2344.1589,stretch,no,0.999527582712678,0.237613234311676,Br1-H2:-0.0002;Br1-H3:-0.0002;Br1-H4:-0.9992,Br1-H2:-0.0047;Br1-H3:-0.0047;Br1-H4:-0.7035,True,S,,0.0,0.3433273479134625,0.0,0.0,0.0,0.0,,1.0209,3.3051,A1,0.01293,mu
BrF3,Tx,external,0.0,translation,,0.0,,,,True,Tx,,1.0,0.0,0.0,0.0,0.0,-0.02001821080035,,,,,,mu
BrF3,Ty,external,0.0,translation,,0.0,,,,True,Ty,,0.0,1.0,0.0,0.0,0.0,0.0,,,,,,mu
BrF3,Tz,external,0.0,translation,,0.0,,,,True,Tz,,0.0,0.0,1.0,0.5,0.0,0.0,,,,,,mu
BrF3,Rx,external,0.0,rotation,,0.0,,,,True,Rx,,0.0,0.0,0.5,1.0,0.0,0.0,,,,,,mu
BrF3,Ry,external,0.0,rotation,,0.0,,,,True,Ry,,0.0,0.0,0.0,0.0,1.0,0.0,,,,,,mu
BrF3,Rz,external,0.0,rotation,,0.0,,,,True,Rz,,-0.02001821080035,0.0,0.0,0.0,0.0,1.0,,,,,,mu
BrF3,1,internal,220.5982,bend,no,0.0,0.0806846505393807,Br1-F2:0.0000;Br1-F3:0.0000;Br1-F4:0.0000,Br1-F2:0.1203;Br1-F3:0.0014;Br1-F4:0.1203,True,B,,0.0,0.0,0.0,0.5,0.0,0.0,,23.6214,0.6773,B1,0.27776,mu
BrF3,2,internal,231.7987,bend,no,0.0373767961852153,0.0982011324516198,Br1-F2:0.0177;Br1-F3:-0.0020;Br1-F4:0.0177,Br1-F2:0.1311;Br1-F3:-0.0324;Br1-F4:0.1311,True,B,,0.0,-0.0134420250946238,0.0,0.0,0.0,0.0,,23.1481,0.7328,A1,0.26316,mu
BrF3,3,internal,314.294,bend,no,0.0277887783874922,0.0535462238018568,Br1-F2:-0.0139;Br1-F3:0.0000;Br1-F4:0.0139,Br1-F2:-0.0013;Br1-F3:0.1180;Br1-F4:0.0413,True,B,,-0.230739848228332,0.0,0.0,0.0,0.0,0.0660182619563696,,19.6165,1.1417,B2,0.10157,mu
BrF3,4,internal,485.7629,stretch,no,0.998912454695968,0.2882480917105218,Br1-F2:0.4713;Br1-F3:-0.0564;Br1-F4:0.4713,Br1-F2:0.3668;Br1-F3:-0.1311;Br1-F4:0.3668,True,S,,0.0,0.4115397329619111,0.0,0.0,0.0,0.0,,18.9985,2.6413,A1,0.00107,mu
BrF3,5,internal,588.8139,stretch,no,0.9690825052351836,0.2806024123935338,Br1-F2:-0.0355;Br1-F3:-0.8981;Br1-F4:-0.0355,Br1-F2:-0.0975;Br1-F3:-0.6467;Br1-F4:-0.0975,True,S,,0.0,-0.0072669361344074,0.0,0.0,0.0,0.0,,22.0687,4.508,A1,0.22636,mu
BrF3,6,internal,594.1105,stretch,no,0.9346870333751022,0.3602286953389113,Br1-F2:-0.4673;Br1-F3:0.0000;Br1-F4:0.4673,Br1-F2:-0.5299;Br1-F3:0.0207;Br1-F4:0.5301,True,S,,-0.493424434832811,0.0,0.0,0.0,0.0,-0.3994870402755497,,25.4218,5.2868,B2,0.32741,mu
BrCl3,Tx,external,0.0,translation,,0.0,,,,True,Tx,,1.0,0.0,0.0,0.0,0.0,-0.1000288891110518,,,,,,mu
BrCl3,Ty,external,0.0,translation,,0.0,,,,True,Ty,,0.0,1.0,0.0,0.0,0.0,0.0,,,,,,mu
BrCl3,Tz,external,0.0,translation,,0.0,,,,True,Tz,,0.0,0.0,1.0,0.5,0.0,0.0,,,,,,mu
BrCl3,Rx,external,0.0,rotation,,0.0,,,,True,Rx,,0.0,0.0,0.5,1.0,0.0,0.0,,,,,,mu
BrCl3,Ry,external,0.0,rotation,,0.0,,,,True,Ry,,0.0,0.0,0.0,0.0,1.0,0.0,,,,,,mu
BrCl3,Rz,external,0.0,rotation,,0.0,,,,True,Rz,,-0.1000288891110518,0.0,0.0,0.0,0.0,1.0,,,,,,mu
BrCl3,1,internal,97.5013,bend,no,0.0122869298672236,0.0585882556277178,Br1-Cl2:0.0060;Br1-Cl3:0.0004;Br1-Cl4:0.0060,Br1-Cl2:0.0820;Br1-Cl3:0.0117;Br1-Cl4:0.0820,True,B,,0.0,-0.0009166811971119,0.0,0.0,0.0,0.0,,40.6748,0.2278,A1,0.36032,mu
BrCl3,2,internal,132.7008,bend,no,0.0,0.0847525881930368,Br1-Cl2:0.0000;Br1-Cl3:0.0000;Br1-Cl4:0.0000,Br1-Cl2:0.1076;Br1-Cl3:0.0391;Br1-Cl4:0.1076,True,B,,0.0,0.0,-0.5,0.0,0.0,0.0,,48.2752,0.5009,B1,0.55024,mu
BrCl3,3,internal,160.4927,bend,no,0.005558370649924,0.0402217214810203,Br1-Cl2:-0.0028;Br1-Cl3:0.0000;Br1-Cl4:0.0028,Br1-Cl2:0.0080;Br1-Cl3:0.0970;Br1-Cl4:0.0157,True,B,,-0.220117249143165,0.0,0.0,0.0,0.0,0.1041705041731265,,36.5572,0.5548,B2,0.1901,mu
BrCl3,4,internal,242.5917,stretch,no,0.997936170169242,0.2154081218779825,Br1-Cl2:0.4920;Br1-Cl3:-0.0139;Br1-Cl4:0.4920,Br1-Cl2:0.2958;Br1-Cl3:-0.0547;Br1-Cl4:0.2958,True,S,,0.0,0.0195436012321582,0.0,0.0,0.0,0.0,,35.0943,1.2169,A1,0.05343,mu
BrCl3,5,internal,355.8993,stretch,no,0.8967926314124168,0.325277134106534,Br1-Cl2:-0.4484;Br1-Cl3:0.0000;Br1-Cl4:0.4484,Br1-Cl2:-0.4725;Br1-Cl3:0.0305;Br1-Cl4:0.4728,True,S,,-0.499529576362489,0.0,0.0,0.0,0.0,-0.4213110077197286,,47.4686,3.5425,B2,0.5333,mu
BrCl3,6,internal,405.6331,stretch,no,0.8498795927832623,0.2067363521456156,Br1-Cl2:-0.0115;Br1-Cl3:-0.8268;Br1-Cl4:-0.0115,Br1-Cl2:-0.0079;Br1-Cl3:-0.6044;Br1-Cl4:-0.0079,True,S,,0.0,0.0580824981567523,0.0,0.0,0.0,0.0,,42.333,4.1039,A1,0.40934,mu
NH3,Tx,external,0.0,translation,,0.0,,,,True,Tx,,1.0,0.0,0.0,0.0,-0.1527479046743391,2.492902788642226e-07,,,,,,mu
NH3,Ty,external,0.0,translation,,0.0,,,,True,Ty,,0.0,1.0,0.0,0.0597971010948661,0.0,0.0,,,,,,mu
NH3,Tz,external,0.0,translation,,0.0,,,,True,Tz,,0.0,0.0,1.0,0.1961769716586913,0.0,0.0,,,,,,mu
NH3,Rx,external,0.0,rotation,,1.1751218906224672e-17,,,,True,Rx,,0.0,0.0597971010948661,0.1961769716586913,1.0,0.0,0.0,,,,,,mu
NH3,Ry,external,0.0,rotation,,3.620545328050934e-17,,,,True,Ry,,-0.1527479046743391,0.0,0.0,0.0,1.0,-0.2315014730409094,,,,,,mu
NH3,Rz,external,0.0,rotation,,0.0,,,,True,Rz,,1.8696770918980032e-07,0.0,0.0,0.0,-0.173626104780682,1.0,,,,,,mu
NH3,1,internal,927.7815,bend,no,0.1068337615397079,0.1458500306299557,N1-H2:-0.0356;N1-H3:-0.0356;N1-H4:-0.0356,N1-H2:0.1459;N1-H3:0.1459;N1-H4:0.1459,True,B,,0.0,1.140225445728227e-07,0.4740140086864245,0.203603238685484,0.0,0.0,,1.1933,0.6052,A1,0.11948,mu
NH3,2,internal,1796.4123,bend,no,0.0342354714655519,0.168004304636604,N1-H2:0.0119;N1-H3:-0.0161;N1-H4:-0.0062,N1-H2:0.0916;N1-H3:0.1288;N1-H4:0.2837,True,B,,0.0830802802041047,-0.0877648298910925,-0.0670033797910044,-0.1777587214002268,-0.192384390574136,0.218972288848467,,1.076,2.0458,E,0.0724233802028046,mu
NH3,3,internal,1796.4123,bend,no,0.0352344228907586,0.1683837604753222,N1-H2:-0.0092;N1-H3:-0.0159;N1-H4:0.0102,N1-H2:0.2664;N1-H3:0.1623;N1-H4:0.0765,True,B,,0.0985155245691529,-0.0283589720416548,-0.1035018649806171,-0.029939565922564,-0.2718596818941335,-0.1708412600616992,,1.076,2.0458,E,0.0724233802028046,mu
NH3,4,internal,3443.7542,stretch,no,0.9980914840407972,0.5720093612386544,N1-H2:0.3327;N1-H3:0.3327;N1-H4:0.3327,N1-H2:0.5720;N1-H3:0.5720;N1-H4:0.5720,True,S,,0.0,-3.056485008923193e-06,0.0872361032026517,0.0106343574190168,0.0,0.0,,1.0173,7.1085,A1,0.02704,mu
NH3,5,internal,3598.6899,stretch,no,0.997993043683871,0.578877934695512,N1-H2:0.6613;N1-H3:-0.1282;N1-H4:-0.2085,N1-H2:0.8699;N1-H3:-0.3806;N1-H4:-0.4861,True,S,,0.0211274555763091,-0.1907451450835852,0.076004788482587,-0.2042341359435268,0.015692090556859,-0.0075765191035445,,1.09,8.317,E,0.0795253028915954,mu
NH3,6,internal,3598.6899,stretch,no,0.9979253107848864,0.5217279309561221,N1-H2:0.0039;N1-H3:-0.5372;N1-H4:0.4568,N1-H2:0.0619;N1-H3:-0.7803;N1-H4:0.7230,True,S,,0.0190160289494788,-0.1797395686560889,-0.0639828351621785,-0.0082353197329745,-0.0905693809833585,-0.1648443936440699,,1.09,8.317,E,0.0795253028915954,mu
NF3,Tx,external,0.0,translation,,0.0,,,,True,Tx,,1.0,0.0,0.0,0.0,-0.12574228608727,0.0,,,,,,mu
NF3,Ty,external,0.0,translation,,0.0,,,,True,Ty,,0.0,1.0,0.0,-0.0579842004463744,0.0,-6.541670146316865e-08,,,,,,mu
NF3,Tz,external,0.0,translation,,0.0,,,,True,Tz,,0.0,0.0,1.0,0.0,0.2413476952138843,0.0,,,,,,mu
NF3,Rx,external,0.0,rotation,,0.0,,,,True,Rx,,0.0,-0.0579842004463744,0.0,1.0,0.0,-0.2946771921161468,,,,,,mu
NF3,Ry,external,0.0,rotation,,0.0,,,,True,Ry,,-0.12574228608727,0.0,0.2413476952138843,0.0,1.0,0.0,,,,,,mu
NF3,Rz,external,0.0,rotation,,4.38901906584134e-17,,,,True,Rz,,0.0,-4.906252609737649e-08,0.0,-0.22100789408711,0.0,1.0,,,,,,mu
NF3,1,internal,404.9022,bend,no,0.0776637137736924,0.1245231969552413,N1-F2:-0.0246;N1-F3:0.0156;N1-F4:0.0374,N1-F2:-0.0454;N1-F3:0.1891;N1-F4:0.1391,True,B,,-0.1865757402121689,-0.053776536312047,0.0047698365779944,-0.1423503466455487,0.2008211822496713,0.0540723692319401,,18.5263,1.7895,E,0.3074100694512137,mu
NF3,2,internal,404.9022,bend,no,0.0788452214861102,0.0982597735512573,N1-F2:-0.0211;N1-F3:0.0205;N1-F4:-0.0372,N1-F2:0.1499;N1-F3:0.0835;N1-F4:0.0613,True,B,,-0.0635724219636047,0.1861175408087143,-0.0062084822044856,0.3969015263410905,0.0579493296058363,0.0416500215381728,,18.5263,1.7895,E,0.3074100694512136,mu
NF3,3,internal,549.4979,bend,no,0.2376564457812466,0.2331507189141665,N1-F2:0.0792;N1-F3:0.0792;N1-F4:0.0792,N1-F2:0.2332;N1-F3:0.2332;N1-F4:0.2332,True,B,,-5.249970246867797e-07,0.0,0.0834191407191852,0.0,-0.0773993312073876,0.0,,17.9289,3.1896,A1,0.46271,mu
NF3,4,internal,921.1138,stretch,no,0.7217292627948544,0.524063289246293,N1-F2:0.0518;N1-F3:0.2886;N1-F4:-0.3813,N1-F2:0.2884;N1-F3:0.6810;N1-F4:-0.6028,True,S,,0.1526324922611078,0.2759916557248871,0.1055305980260066,-0.1764773124277127,-0.0427668141004436,0.133415087157022,,15.3958,7.6962,E,0.849234704248478,mu
NF3,5,internal,921.1138,stretch,no,0.7465599140629686,0.5563747962592552,N1-F2:-0.4097;N1-F3:0.2266;N1-F4:0.1102,N1-F2:-0.6648;N1-F3:0.5978;N1-F4:0.4065,True,S,,-0.269498341439967,-0.0130378665812322,0.1188271449841991,-0.0458994230044898,0.0352861063140712,-0.0440856696542024,,15.3958,7.6962,E,0.849234704248478,mu
NF3,6,internal,939.3038,stretch,no,0.6424014017433688,0.5748752954039874,N1-F2:0.2141;N1-F3:0.2141;N1-F4:0.2141,N1-F2:0.5749;N1-F3:0.5749;N1-F4:0.5749,True,S,,-5.263034004443501e-06,0.0,0.2409092227260477,0.0,0.139519269991321,0.0,,15.4872,8.0507,A1,0.83839,mu
NCl3,Tx,external,0.0,translation,,0.0,,,,True,Tx,,1.0,0.0,0.0,0.0,-0.1896592164937624,0.0,,,,,,mu
NCl3,Ty,external,0.0,translation,,0.0,,,,True,Ty,,0.0,1.0,0.0,-0.027937489820722,0.0,-1.5749863265431447e-08,,,,,,mu
NCl3,Tz,external,0.0,translation,,0.0,,,,True,Tz,,0.0,0.0,1.0,0.0,0.2479607941920208,0.0,,,,,,mu
NCl3,Rx,external,0.0,rotation,,0.0,,,,True,Rx,,0.0,-0.027937489820722,0.0,1.0,0.0,-0.3147083392394953,,,,,,mu
NCl3,Ry,external,0.0,rotation,,9.342076867613746e-17,,,,True,Ry,,-0.1896592164937624,0.0,0.2479607941920208,0.0,1.0,0.0,,,,,,mu
NCl3,Rz,external,0.0,rotation,,0.0,,,,True,Rz,,0.0,-1.1812397504584736e-08,0.0,-0.2360312544296214,0.0,1.0,,,,,,mu
NCl3,1,internal,261.2758,bend,no,0.1399460343639915,0.0656293179382607,N1-Cl2:-0.0655;N1-Cl3:-0.0318;N1-Cl4:0.0426,N1-Cl2:-0.0062;N1-Cl3:0.0852;N1-Cl4:0.1055,True,B,,-0.1562027608017615,0.1580512377814406,-0.0012222517479932,0.3367514887793293,0.164142718015557,-0.0259133969327927,,33.0784,1.3304,E,0.300280030971092,mu
NCl3,2,internal,261.2758,bend,no,0.139989212543263,0.0654680957765736,N1-Cl2:-0.0655;N1-Cl3:0.0425;N1-Cl4:-0.0320,N1-Cl2:-0.0059;N1-Cl3:0.1055;N1-Cl4:0.0850,True,B,,-0.1559995943196832,-0.1582646514166525,-0.0012272027738894,-0.3371664387071244,0.1639211352820789,0.0258137835688025,,33.0784,1.3304,E,0.300280030971092,mu
NCl3,3,internal,356.7576,bend,no,0.3341043356206045,0.20365697549123,N1-Cl2:0.1114;N1-Cl3:0.1114;N1-Cl4:0.1114,N1-Cl2:0.2037;N1-Cl3:0.2037;N1-Cl4:0.2037,True,B,,-6.128213343170597e-07,0.0,0.1531697388088603,0.0,-0.0439303081676736,0.0,,29.9849,2.2485,A1,0.48757,mu
NCl3,4,internal,553.5309,stretch,no,0.5004309944929315,0.4010682387889561,N1-Cl2:0.1668;N1-Cl3:0.1668;N1-Cl4:0.1668,N1-Cl2:0.4011;N1-Cl3:0.4011;N1-Cl4:0.4011,True,S,,1.3569366981158737e-06,0.0,0.2531115593195103,0.0,0.1574218785491947,0.0,,16.2292,2.9297,A1,0.94542,mu
NCl3,5,internal,645.1655,stretch,no,0.6812520778266156,0.3086544059544054,N1-Cl2:-0.0944;N1-Cl3:-0.2309;N1-Cl4:0.3560,N1-Cl2:-0.0240;N1-Cl3:-0.2800;N1-Cl4:0.6219,True,S,,-0.1523568067085414,0.3059841170684559,-0.0936848989411796,-0.1707130019641786,0.0113956358146023,0.0934905795931267,,15.8093,3.8771,E,0.9559555062867728,mu
NCl3,6,internal,645.1655,stretch,no,0.6694247203122701,0.4320513924111897,N1-Cl2:-0.3469;N1-Cl3:0.2524;N1-Cl4:0.0702,N1-Cl2:-0.5237;N1-Cl3:0.5111;N1-Cl4:0.2613,True,S,,-0.3565574112412693,-0.0424776394653406,0.084652797621442,0.0695597627634414,0.0234524790350952,0.1371233419843223,,15.8093,3.8771,E,0.9559555062867726,mu
NBr3,Tx,external,0.0,translation,,0.0,,,,True,Tx,,1.0,0.0,0.0,0.0,-0.0146162445976579,-5.214418646870556e-08,,,,,,mu
NBr3,Ty,external,0.0,translation,,0.0,,,,True,Ty,,0.0,1.0,0.0,-0.2183758253083955,0.0,0.0,,,,,,mu
NBr3,Tz,external,0.0,translation,,0.0,,,,True,Tz,,0.0,0.0,1.0,-0.2494399224931928,0.0,0.0,,,,,,mu
NBr3,Rx,external,0.0,rotation,,0.0,,,,True,Rx,,0.0,-0.2183758253083955,-0.2494399224931928,1.0,0.0,0.0,,,,,,mu
NBr3,Ry,external,0.0,rotation,,0.0,,,,True,Ry,,-0.0146162445976579,0.0,0.0,0.0,1.0,0.3235891717925324,,,,,,mu
NBr3,Rz,external,0.0,rotation,,0.0,,,,True,Rz,,-3.9108139851529173e-08,0.0,0.0,0.0,0.2426918788443993,1.0,,,,,,mu
NBr3,1,internal,130.6058,bend,no,0.082841555096494,0.0540454706341224,N1-Br2:0.0319;N1-Br3:-0.0100;N1-Br4:-0.0409,N1-Br2:0.0671;N1-Br3:0.0866;N1-Br4:-0.0084,True,B,,0.0913227377672386,0.2155088040338635,0.000217350783323,-0.2188634452178197,0.1932150012126531,0.0192475626766261,,69.898,0.7025,E,0.3727685487001284,mu
NBr3,2,internal,130.6058,bend,no,0.0865038147023822,0.0491829031472232,N1-Br2:-0.0301;N1-Br3:0.0161;N1-Br4:-0.0403,N1-Br2:0.0599;N1-Br3:0.0585;N1-Br4:0.0292,True,B,,0.2159064863511181,-0.092171751562029,0.0005573138463614,0.0926978322469975,0.4410529398687975,-0.0073436432143408,,69.898,0.7025,E,0.3727685487001284,mu
NBr3,3,internal,187.7852,bend,no,0.486360981350831,0.1872141875119894,N1-Br2:0.1621;N1-Br3:0.1621;N1-Br4:0.1621,N1-Br2:0.1872;N1-Br3:0.1872;N1-Br4:0.1872,True,S,,0.0,-2.874041615030798e-06,-0.2193098187821196,-0.0165196945011347,0.0,0.0,,69.9872,1.4541,A1,0.37092,mu
NBr3,4,internal,356.9274,stretch,no,0.4538237371425456,0.3070707214415697,N1-Br2:0.1513;N1-Br3:0.1513;N1-Br4:0.1513,N1-Br2:0.3071;N1-Br3:0.3071;N1-Br4:0.3071,True,S,,0.0,2.6077687945325057e-05,-0.3548001203307411,0.1974284960385967,0.0,0.0,,15.0341,1.1285,A1,0.99203,mu
NBr3,5,internal,485.2405,stretch,no,0.5970560192873501,0.3209471193521311,N1-Br2:0.0295;N1-Br3:-0.3014;N1-Br4:0.2661,N1-Br2:0.1504;N1-Br3:-0.3812;N1-Br4:0.4313,True,S,,-0.3491856224350276,0.1191842289066999,-0.0708540482328321,-0.0436522628062243,0.2269858633257067,0.2150627231806452,,15.3319,2.127,E,0.989711078497154,mu
NBr3,6,internal,485.2405,stretch,no,0.6485415682584245,0.3570540749953397,N1-Br2:-0.3341;N1-Br3:0.1299;N1-Br4:0.1845,N1-Br2:-0.4460;N1-Br3:0.2806;N1-Br4:0.3446,True,S,,0.0057368028840188,-0.2823919778076112,-0.1100950828823865,0.071252112031462,0.0250074728321158,-0.0263119898175993,,15.3319,2.127,E,0.989711078497154,mu
PH3,Tx,external,0.0,translation,,0.0,,,,True,Tx,,1.0,0.0,0.0,0.0,-0.2427720672405901,0.0,,,,,,mu
PH3,Ty,external,0.0,translation,,0.0,,,,True,Ty,,0.0,1.0,0.0,0.2697637601942697,0.0,-2.585242035261596e-08,,,,,,mu
PH3,Tz,external,0.0,translation,,0.0,,,,True,Tz,,0.0,0.0,1.0,0.0,0.1160899816571146,0.0,,,,,,mu
PH3,Rx,external,0.0,rotation,,9.748081700513755e-17,,,,True,Rx,,0.0,0.2697637601942697,0.0,1.0,0.0,0.1534908125890612,,,,,,mu
PH3,Ry,external,0.0,rotation,,4.508966128016271e-17,,,,True,Ry,,-0.2427720672405901,0.0,0.1160899816571146,0.0,1.0,0.0,,,,,,mu
PH3,Rz,external,0.0,rotation,,0.0,,,,True,Rz,,0.0,-1.938931526446197e-08,0.0,0.1151181094417959,0.0,1.0,,,,,,mu
PH3,1,internal,1040.6039,bend,no,0.0944989299580765,0.0511256321459793,P1-H2:-0.0315;P1-H3:-0.0315;P1-H4:-0.0315,P1-H2:0.0511;P1-H3:0.0511;P1-H4:0.0511,True,B,,-3.274372835787576e-07,0.0,0.4117083177090536,0.0,0.1327506358590092,0.0,,1.0817,0.6901,A1,0.04966,mu
PH3,2,internal,1169.0725,bend,no,0.0247426947155464,0.0805463100090209,P1-H2:0.0087;P1-H3:-0.0080;P1-H4:-0.0081,P1-H2:0.0482;P1-H3:0.0971;P1-H4:0.0964,True,B,,-0.0007570209751104,-0.0004696416926341,-0.0910641192812884,-0.0017423379118606,-0.1981950385449753,-0.0019045696329955,,1.0279,0.8277,E,0.0258901931240383,mu
PH3,3,internal,1169.0725,bend,no,0.0202894820796947,0.0802000159044054,P1-H2:0.0001;P1-H3:-0.0101;P1-H4:0.0101,P1-H2:0.1279;P1-H3:0.0419;P1-H4:0.0708,True,B,,-0.000391616851189,0.0367327914449582,0.000932571667929,0.2780847428478268,-0.0001967291100093,-0.1619257076413051,,1.0279,0.8277,E,0.0258901931240383,mu
PH3,4,internal,2301.2848,stretch,no,0.9983771232128992,0.4087414175834878,P1-H2:0.3328;P1-H3:0.3328;P1-H4:0.3328,P1-H2:0.4087;P1-H3:0.4087;P1-H4:0.4087,True,S,,-1.149080951806658e-06,0.0,-0.0778848447129998,0.0,0.0071888336925976,0.0,,1.026,3.2014,A1,0.02463,mu
PH3,5,internal,2305.1915,stretch,no,0.9993348476009988,0.3791727119633892,P1-H2:-0.0487;P1-H3:-0.3252;P1-H4:0.6254,P1-H2:-0.1586;P1-H3:-0.4099;P1-H4:0.5689,True,S,,-0.1424010949131535,0.1044342113603985,0.1265002890893862,0.2021191380640749,0.0576490871426843,-0.0199789531805358,,1.0409,3.259,E,0.0332265029757872,mu
PH3,6,internal,2305.1915,stretch,no,0.9993349625653044,0.3767532961909983,P1-H2:0.6175;P1-H3:-0.3411;P1-H4:-0.0408,P1-H2:0.5653;P1-H3:-0.4198;P1-H4:-0.1451,True,S,,0.1613341677653741,-0.0781472078431401,0.1263892621928431,0.0604716956580576,-0.2030899042439054,0.0232794925861475,,1.0409,3.259,E,0.0332265029757872,mu
PF3,Tx,external,0.0,translation,,0.0,,,,True,Tx,,1.0,0.0,0.0,0.0,-0.1155593632975972,-6.395320497250742e-08,,,,,,mu
PF3,Ty,external,0.0,translation,,0.0,,,,True,Ty,,0.0,1.0,0.0,-0.0093736504814136,0.0,0.0,,,,,,mu
PF3,Tz,external,0.0,translation,,0.0,,,,True,Tz,,0.0,0.0,1.0,-0.2175185017868842,0.0,0.0,,,,,,mu
PF3,Rx,external,0.0,rotation,,6.625321645934293e-17,,,,True,Rx,,0.0,-0.0093736504814136,-0.2175185017868842,1.0,0.0,0.0,,,,,,mu
PF3,Ry,external,0.0,rotation,,7.182899462068254e-17,,,,True,Ry,,-0.1155593632975972,0.0,0.0,0.0,1.0,0.2562937725823851,,,,,,mu
PF3,Rz,external,0.0,rotation,,0.0,,,,True,Rz,,-4.7964903729380566e-08,0.0,0.0,0.0,0.1922203294367888,1.0,,,,,,mu
PF3,1,internal,267.7052,bend,no,0.0277732336450705,0.0743925348001458,P1-F2:-0.0087;P1-F3:0.0059;P1-F4:0.0131,P1-F2:-0.0025;P1-F3:0.1346;P1-F4:0.0862,True,B,,-0.0259614567112233,-0.1372484005043577,-0.0194155501903093,0.1698143147285203,-0.1229744814369357,-0.0874498156611583,,19.77,0.8348,E,0.2538446006910527,mu
PF3,2,internal,267.7052,bend,no,0.0280230777884379,0.0764061297343115,P1-F2:0.0069;P1-F3:-0.0081;P1-F4:0.0131,P1-F2:0.1328;P1-F3:-0.0056;P1-F4:0.0909,True,B,,-0.1329254371995869,0.0525253951874364,-0.0220621228306371,-0.0304699742125206,-0.3192808024459913,0.077425510951024,,19.77,0.8348,E,0.2538446006910527,mu
PF3,3,internal,380.3123,bend,no,0.1168457641606487,0.0526097289081301,P1-F2:-0.0389;P1-F3:-0.0389;P1-F4:-0.0389,P1-F2:0.0526;P1-F3:0.0526;P1-F4:0.0526,True,B,,0.0,-2.2277123432612456e-06,-0.0674224271223694,0.1326016199693016,0.0,0.0,,21.0124,1.7906,A1,0.41009,mu
PF3,4,internal,802.0726,stretch,no,0.822501331460444,0.4756431789888863,P1-F2:0.2742;P1-F3:0.2742;P1-F4:0.2742,P1-F2:0.4756;P1-F3:0.4756;P1-F4:0.4756,True,S,,0.0,2.3879532344284198e-06,-0.2014309686802591,0.0951899675897087,0.0,0.0,,22.474,8.5184,A1,0.53873,mu
PF3,5,internal,804.2155,stretch,no,0.846632627377322,0.4301897738046487,P1-F2:-0.4635;P1-F3:0.3431;P1-F4:0.0401,P1-F2:-0.5866;P1-F3:0.5506;P1-F4:0.1534,True,S,,-0.0572333346601442,-0.2473169036935372,-0.1265076225139527,-0.0128273363478991,-0.0979607623755567,0.0624138411203514,,22.696,8.6486,E,0.5556697080100733,mu
PF3,6,internal,804.2155,stretch,no,0.8649718154413946,0.4068460055894666,P1-F2:-0.1109;P1-F3:-0.2401;P1-F4:0.5140,P1-F2:-0.1809;P1-F3:-0.3591;P1-F4:0.6805,True,S,,-0.1661577447499919,-0.1304560109942468,0.1293561326441725,-0.010021099909064,0.0900092717660372,0.0139182850130021,,22.696,8.6486,E,0.5556697080100733,mu
PCl3,Tx,external,0.0,translation,,0.0,,,,True,Tx,,1.0,0.0,0.0,0.0,-0.0679643569736973,-7.516412862488644e-10,,,,,,mu
PCl3,Ty,external,0.0,translation,,0.0,,,,True,Ty,,0.0,1.0,0.0,-0.1049011870173351,0.0,0.0,,,,,,mu
PCl3,Tz,external,0.0,translation,,0.0,,,,True,Tz,,0.0,0.0,1.0,-0.2381991626748771,0.0,0.0,,,,,,mu
PCl3,Rx,external,0.0,rotation,,0.0,,,,True,Rx,,0.0,-0.1049011870173351,-0.2381991626748769,1.0,0.0,0.0,,,,,,mu
PCl3,Ry,external,0.0,rotation,,0.0,,,,True,Ry,,-0.0679643569736973,0.0,0.0,0.0,1.0,0.2880237621197047,,,,,,mu
PCl3,Rz,external,0.0,rotation,,0.0,,,,True,Rz,,-5.637309646866483e-10,0.0,0.0,0.0,0.2160178215897785,1.0,,,,,,mu
PCl3,1,internal,149.1897,bend,no,0.0459596783415198,0.0439508247167125,P1-Cl2:-0.0205;P1-Cl3:-0.0175;P1-Cl4:0.0080,P1-Cl2:0.0442;P1-Cl3:0.0569;P1-Cl4:0.0308,True,B,,-0.1569507827852294,-0.1019369711982355,0.0124081762213472,0.1014306434752434,-0.3371658832158437,-0.0171531536221275,,34.5677,0.4533,E,0.3168857017916712,mu
PCl3,2,internal,149.1897,bend,no,0.0424316031743607,0.0435379569904318,P1-Cl2:-0.0210;P1-Cl3:0.0184;P1-Cl4:-0.0030,P1-Cl2:0.0053;P1-Cl3:0.0435;P1-Cl4:0.0818,True,B,,0.0993276389860936,-0.1426158004747736,0.0025507623070984,0.1619293675175086,0.2450529268734107,0.0821488833054794,,34.5677,0.4533,E,0.3168857017916712,mu
PCl3,3,internal,198.9581,bend,no,0.1377841843440203,0.0148950197037561,P1-Cl2:-0.0459;P1-Cl3:-0.0459;P1-Cl4:-0.0459,P1-Cl2:0.0149;P1-Cl3:0.0149;P1-Cl4:0.0149,True,B,,0.0,1.4068383825116548e-06,0.0232255775781562,0.099002370481257,0.0,0.0,,33.934,0.7914,A1,0.50895,mu
PCl3,4,internal,408.4239,stretch,no,0.7117967649086182,0.3594337217137733,P1-Cl2:0.2373;P1-Cl3:0.2373;P1-Cl4:0.2373,P1-Cl2:0.3594;P1-Cl3:0.3594;P1-Cl4:0.3594,True,S,,0.0,5.295493849005739e-06,-0.1876626660317084,0.1160193707027103,0.0,0.0,,32.7091,3.2147,A1,0.75208,mu
PCl3,5,internal,412.4784,stretch,no,0.7666742300841433,0.3560065593727419,P1-Cl2:0.0729;P1-Cl3:-0.4192;P1-Cl4:0.2745,P1-Cl2:0.1816;P1-Cl3:-0.4769;P1-Cl4:0.4095,True,S,,-0.2059829398972561,0.1602859875832361,-0.1189304116624668,-0.0315754818528215,0.1139820517864496,0.0565678568688093,,32.4751,3.2554,E,0.7900756405560166,mu
PCl3,6,internal,412.4784,stretch,no,0.7715458100139291,0.3602250088841472,P1-Cl2:-0.4262;P1-Cl3:0.0856;P1-Cl4:0.2597,P1-Cl2:-0.4841;P1-Cl3:0.2001;P1-Cl4:0.3964,True,S,,0.0334998484153921,-0.2503713221106109,-0.1199033670754659,0.0263657311986832,0.0642912768537836,-0.0441786138373384,,32.4751,3.2554,E,0.7900756405560166,mu
PBr3,Tx,external,0.0,translation,,0.0,,,,True,Tx,,1.0,0.0,0.0,0.0,-0.1785720629393468,0.0,,,,,,mu
PBr3,Ty,external,0.0,translation,,0.0,,,,True,Ty,,0.0,1.0,0.0,-0.0331028449922344,0.0,-6.72631996767592e-08,,,,,,mu
PBr3,Tz,external,0.0,translation,,0.0,,,,True,Tz,,0.0,0.0,1.0,0.0,0.2471421174714182,0.0,,,,,,mu
PBr3,Rx,external,0.0,rotation,,5.3591163871383265e-17,,,,True,Rx,,0.0,-0.0331028449922344,0.0,1.0,0.0,-0.3112647655519705,,,,,,mu
PBr3,Ry,external,0.0,rotation,,3.793578824916107e-17,,,,True,Ry,,-0.1785720629393468,0.0,0.2471421174714182,0.0,1.0,0.0,,,,,,mu
PBr3,Rz,external,0.0,rotation,,0.0,,,,True,Rz,,0.0,-5.04473997575694e-08,0.0,-0.2334485741639779,0.0,1.0,,,,,,mu
PBr3,1,internal,95.7287,bend,no,0.059047221276624,0.0389308042758879,P1-Br2:-0.0285;P1-Br3:-0.0171;P1-Br4:0.0134,P1-Br2:0.0213;P1-Br3:0.0580;P1-Br4:0.0375,True,B,,-0.1418764454383411,0.1628822053234784,-0.0026185975589359,0.3451331277161268,0.1450472567438529,-0.0255653768241223,,72.4126,0.391,E,0.3683599353892874,mu
PBr3,2,internal,95.7287,bend,no,0.0583129551612615,0.0387823064114284,P1-Br2:-0.0287;P1-Br3:0.0184;P1-Br4:-0.0112,P1-Br2:0.0094;P1-Br3:0.0409;P1-Br4:0.0660,True,B,,-0.1590651605640922,-0.1439073366732753,-0.0018183615367413,-0.3099300881747971,0.164109920024101,0.0367812179384294,,72.4126,0.391,E,0.3683599353892874,mu
PBr3,3,internal,133.2493,bend,no,0.1993122630991734,0.1107949674896753,P1-Br2:0.0664;P1-Br3:0.0664;P1-Br4:0.0664,P1-Br2:0.1108;P1-Br3:0.1108;P1-Br4:0.1108,True,B,,-2.3836122547971077e-06,0.0,0.1407598421013948,0.0,-0.0500467493724439,0.0,,64.901,0.6789,A1,0.54071,mu
PBr3,4,internal,324.0025,stretch,no,0.5741379675564231,0.3086617822548818,P1-Br2:0.1914;P1-Br3:0.1914;P1-Br4:0.1914,P1-Br2:0.3087;P1-Br3:0.3087;P1-Br4:0.3087,True,S,,1.5040730594328977e-07,0.0,0.2134192391131898,0.0,0.1415412870288247,0.0,,36.6576,2.2673,A1,0.93886,mu
PBr3,5,internal,347.9996,stretch,no,0.6848710714496558,0.252795700573124,P1-Br2:-0.2253;P1-Br3:-0.0973;P1-Br4:0.3623,P1-Br2:-0.2362;P1-Br3:-0.0595;P1-Br4:0.4627,True,S,,-0.1118054815590677,0.2392208476605256,-0.1162383035177249,0.0008307174310344,-0.0629368436769869,-0.0456429511075925,,35.8146,2.5555,E,0.9481709789378706,mu
PBr3,6,internal,347.9996,stretch,no,0.668963261145623,0.2473527627328287,P1-Br2:-0.2565;P1-Br3:0.3487;P1-Br4:-0.0637,P1-Br2:-0.2779;P1-Br3:0.4523;P1-Br4:-0.0118,True,S,,-0.1255108895455715,-0.2603037247695761,-0.1117231154504733,-0.0193057093334967,-0.0809837064798964,0.0886502619509214,,35.8146,2.5555,E,0.9481709789378708,mu
AsH3,Tx,external,0.0,translation,,0.0,,,,True,Tx,,1.0,0.0,0.0,0.0,-0.2635869240290135,0.0,,,,,,mu
AsH3,Ty,external,0.0,translation,,0.0,,,,True,Ty,,0.0,1.0,0.0,0.285398624311497,0.0,5.750589228507389e-07,,,,,,mu
AsH3,Tz,external,0.0,translation,,0.0,,,,True,Tz,,0.0,0.0,1.0,0.0,-0.1052720314413223,0.0,,,,,,mu
AsH3,Rx,external,0.0,rotation,,9.277767841610099e-17,,,,True,Rx,,0.0,0.285398624311497,0.0,1.0,0.0,-0.1430672555502844,,,,,,mu
AsH3,Ry,external,0.0,rotation,,5.121417892911822e-17,,,,True,Ry,,-0.2635869240290135,0.0,-0.1052720314413223,0.0,1.0,0.0,,,,,,mu
AsH3,Rz,external,0.0,rotation,,4.1698174157077736e-17,,,,True,Rz,,0.0,4.312941921380542e-07,0.0,-0.1073004416627133,0.0,1.0,,,,,,mu
AsH3,1,internal,934.0067,bend,no,0.0948361211584245,0.0376124689187005,As1-H2:-0.0316;As1-H3:-0.0316;As1-H4:-0.0316,As1-H2:0.0376;As1-H3:0.0376;As1-H4:0.0376,True,B,,-4.122693266273014e-06,0.0,0.4150329179484422,0.0,-0.122645635696476,0.0,,1.0394,0.5342,A1,0.02066,mu
AsH3,2,internal,986.1788,bend,no,0.0190264348604024,0.0691458287963928,As1-H2:0.0069;As1-H3:-0.0061;As1-H4:-0.0061,As1-H2:0.0414;As1-H3:0.0830;As1-H4:0.0830,True,B,,0.0006599653275199,0.0,-0.0890267407895676,0.0,0.2092024935816423,0.0,,1.0162,0.5823,E,0.01062,mu
AsH3,3,internal,986.1788,bend,no,0.0155682049959381,0.0689474704912755,As1-H2:0.0000;As1-H3:-0.0078;As1-H4:0.0078,As1-H2:0.1075;As1-H3:0.0397;As1-H4:0.0597,True,B,,0.0,0.0347149296972567,0.0,0.2806517275375827,0.0,0.157361690331262,,1.0162,0.5823,E,0.01062,mu
AsH3,4,internal,2082.2984,stretch,no,0.9998096889086584,0.359021206818416,As1-H2:0.6665;As1-H3:-0.1666;As1-H4:-0.1666,As1-H2:0.5386;As1-H3:-0.2692;As1-H4:-0.2692,True,S,,-0.1614336319857104,0.0,0.1302953136430486,0.0,0.2340989199998481,0.0,,1.0217,2.6102,E,0.01372,mu
AsH3,5,internal,2082.2984,stretch,no,0.999806389323028,0.3109065882279301,As1-H2:0.0000;As1-H3:-0.4999;As1-H4:0.4999,As1-H2:0.0000;As1-H3:-0.4663;As1-H4:0.4664,True,S,,0.0,-0.1335149432565026,0.0,-0.0050138959476781,0.0,0.3256449353513564,,1.0217,2.6102,E,0.01372,mu
AsH3,6,internal,2093.3075,stretch,no,0.9968862786485972,0.3777996747487568,As1-H2:0.3323;As1-H3:0.3323;As1-H4:0.3323,As1-H2:0.3778;As1-H3:0.3778;As1-H4:0.3778,True,S,,-2.850245255398009e-06,0.0,-0.0860401903698859,0.0,-0.0094891827017451,0.0,,1.0159,2.6228,A1,0.01044,mu
AsF3,Tx,external,0.0,translation,,0.0,,,,True,Tx,,1.0,0.0,0.0,0.0,-0.1131331509277617,0.0,,,,,,mu
AsF3,Ty,external,0.0,translation,,0.0,,,,True,Ty,,0.0,1.0,0.0,0.1836224238439689,0.0,-9.838154631699089e-08,,,,,,mu
AsF3,Tz,external,0.0,translation,,0.0,,,,True,Tz,,0.0,0.0,1.0,0.0,-0.176165421275321,0.0,,,,,,mu
AsF3,Rx,external,0.0,rotation,,0.0,,,,True,Rx,,0.0,0.1836224238439689,0.0,1.0,0.0,-0.2109184202341366,,,,,,mu
AsF3,Ry,external,0.0,rotation,,4.053280389875339e-17,,,,True,Ry,,-0.1131331509277618,0.0,-0.1761654212753211,0.0,1.0,0.0,,,,,,mu
AsF3,Rz,external,0.0,rotation,,0.0,,,,True,Rz,,0.0,-7.378615973774316e-08,0.0,-0.1581888151756025,0.0,1.0,,,,,,mu
AsF3,1,internal,268.1116,bend,no,0.0076102922388692,0.0668496667004331,As1-F2:-0.0027;As1-F3:0.0035;As1-F4:0.0015,As1-F2:0.0176;As1-F3:0.0687;As1-F4:0.1143,True,B,,0.0741075146165303,-0.0002593090873339,-0.0381595196550429,0.1181730290635587,0.1660485804237659,-0.1149262243371419,,20.2872,0.8592,E,0.1518055387658829,mu
AsF3,2,internal,268.1116,bend,no,0.0077241807413599,0.0668287214606307,As1-F2:0.0018;As1-F3:0.0034;As1-F4:-0.0025,As1-F2:0.1121;As1-F3:0.0737;As1-F4:0.0147,True,B,,-0.0418580771379555,-0.0679467564540047,-0.0447508219058035,0.2611793361439047,-0.0138794163367077,0.099538310907207,,20.2872,0.8592,E,0.1518055387658829,mu
AsF3,3,internal,352.2694,bend,no,0.0321136500399608,0.0826770170535943,As1-F2:-0.0107;As1-F3:-0.0107;As1-F4:-0.0107,As1-F2:0.0827;As1-F3:0.0827;As1-F4:0.0827,True,B,,3.442203513059905e-07,0.0,-0.244905295008753,0.0,0.1615070361142165,0.0,,23.3319,1.7059,A1,0.27837,mu
AsF3,4,internal,790.652,stretch,no,0.953837572754842,0.3707304563917919,As1-F2:0.3773;As1-F3:-0.5454;As1-F4:0.0311,As1-F2:0.4603;As1-F3:-0.5440;As1-F4:0.1078,True,S,,-0.0334849130369978,0.2191183045087985,-0.1297646460908297,0.0573452500918799,0.146258360689152,0.0148046517997127,,22.7502,8.3793,E,0.2590116570735765,mu
AsF3,5,internal,790.652,stretch,no,0.9579908509402212,0.3799171066666797,As1-F2:-0.2623;As1-F3:-0.0929;As1-F4:0.6028,As1-F2:-0.3620;As1-F3:-0.1934;As1-F4:0.5844,True,S,,0.0603662606118337,0.1825490157171997,0.129921592622571,0.0909622107842917,-0.1082187755502464,0.0039820709771417,,22.7502,8.3793,E,0.2590116570735765,mu
AsF3,6,internal,799.9311,stretch,no,0.9528774745587606,0.4036122606844092,As1-F2:0.3176;As1-F3:0.3176;As1-F4:0.3176,As1-F2:0.4036;As1-F3:0.4036;As1-F4:0.4036,True,S,,2.9087640407432506e-08,0.0,-0.1572785083987278,0.0,0.0450825907465355,0.0,,22.0083,8.2974,A1,0.232,mu
AsCl3,Tx,external,0.0,translation,,0.0,,,,True,Tx,,1.0,0.0,0.0,0.0,-0.0080786811922506,0.0,,,,,,mu
AsCl3,Ty,external,0.0,translation,,0.0,,,,True,Ty,,0.0,1.0,0.0,0.1246835372350978,0.0,-9.240321248900805e-08,,,,,,mu
AsCl3,Tz,external,0.0,translation,,0.0,,,,True,Tz,,0.0,0.0,1.0,0.0,0.2126343823059663,0.0,,,,,,mu
AsCl3,Rx,external,0.0,rotation,,5.784990453242469e-17,,,,True,Rx,,0.0,0.1246835372350977,0.0,1.0,0.0,0.2502109521342827,,,,,,mu
AsCl3,Ry,external,0.0,rotation,,0.0,,,,True,Ry,,-0.0080786811922506,0.0,0.2126343823059663,0.0,1.0,0.0,,,,,,mu
AsCl3,Rz,external,0.0,rotation,,0.0,,,,True,Rz,,0.0,-6.930240936675602e-08,0.0,0.187658214100712,0.0,1.0,,,,,,mu
AsCl3,1,internal,154.8677,bend,no,0.0198170385422701,0.0496295837270857,As1-Cl2:-0.0043;As1-Cl3:0.0076;As1-Cl4:0.0080,As1-Cl2:-0.0069;As1-Cl3:0.0724;As1-Cl4:0.0696,True,B,,-0.1339975984931571,0.0004852405834609,-0.0405861945881812,-0.011920113323159,-0.1657670737910239,-0.0104210069646606,,37.1042,0.5243,E,0.2311890501299748,mu
AsCl3,2,internal,154.8677,bend,no,0.0171148509046875,0.0453073084158415,As1-Cl2:-0.0004;As1-Cl3:0.0082;As1-Cl4:-0.0085,As1-Cl2:0.0846;As1-Cl3:0.0340;As1-Cl4:0.0174,True,B,,-0.0050662247697428,-0.0984665570039769,0.0028579034222299,0.321956809951446,-0.0015354298606263,-0.1364494345496653,,37.1042,0.5243,E,0.2311890501299748,mu
AsCl3,3,internal,199.0279,bend,no,0.0596447230086806,0.0483583233004916,As1-Cl2:-0.0199;As1-Cl3:-0.0199;As1-Cl4:-0.0199,As1-Cl2:0.0484;As1-Cl3:0.0484;As1-Cl4:0.0484,True,B,,3.773427306730248e-07,0.0,-0.1686431950744844,0.0,-0.1580344780091474,0.0,,41.7281,0.9739,A1,0.41131,mu
AsCl3,4,internal,406.6193,stretch,no,0.9016660802741095,0.3471751441682837,As1-Cl2:-0.5474;As1-Cl3:0.1070;As1-Cl4:0.2472,As1-Cl2:-0.5007;As1-Cl3:0.2047;As1-Cl4:0.3361,True,S,,-0.2107788894863793,-0.0327538223812772,-0.1210405411794277,0.0401872899806058,0.0522537347558007,-0.009949467556738,,43.3214,4.2202,E,0.4572285923911584,mu
AsCl3,5,internal,406.6193,stretch,no,0.8881102193326644,0.3079419629078992,As1-Cl2:-0.0375;As1-Cl3:0.4925;As1-Cl4:-0.3581,As1-Cl2:-0.0542;As1-Cl3:0.4867;As1-Cl4:-0.3829,True,S,,-0.1797275954891067,-0.1757046937883662,0.1197392520056046,-0.1478170764639348,-0.0307461675650353,-0.0438395461620106,,43.3214,4.2202,E,0.4572285923911584,mu
AsCl3,6,internal,426.5822,stretch,no,0.8852430405073998,0.3393201664608045,As1-Cl2:0.2951;As1-Cl3:0.2951;As1-Cl4:0.2951,As1-Cl2:0.3393;As1-Cl3:0.3393;As1-Cl4:0.3393,True,S,,-5.047292706561457e-07,0.0,-0.144872050457856,0.0,-0.0716375165722165,0.0,,41.0966,4.4062,A1,0.39163,mu
AsBr3,Tx,external,0.0,translation,,0.0,,,,True,Tx,,1.0,0.0,0.0,0.0,-0.1022971748890516,0.0,,,,,,mu
AsBr3,Ty,external,0.0,translation,,0.0,,,,True,Ty,,0.0,1.0,0.0,-0.0692194676110367,0.0,-2.5131319691951148e-08,,,,,,mu
AsBr3,Tz,external,0.0,translation,,0.0,,,,True,Tz,,0.0,0.0,1.0,0.0,0.2377715388541472,0.0,,,,,,mu
AsBr3,Rx,external,0.0,rotation,,5.209780706747204e-17,,,,True,Rx,,0.0,-0.0692194676110367,0.0,1.0,0.0,-0.287187018113489,,,,,,mu
AsBr3,Ry,external,0.0,rotation,,9.519102019427342e-17,,,,True,Ry,,-0.1022971748890515,0.0,0.2377715388541472,0.0,1.0,0.0,,,,,,mu
AsBr3,Rz,external,0.0,rotation,,5.23631094762949e-17,,,,True,Rz,,0.0,-1.884848976896336e-08,0.0,-0.2153902635851168,0.0,1.0,,,,,,mu
AsBr3,1,internal,87.9277,bend,no,0.0323295892297615,0.0379406537408662,As1-Br2:-0.0161;As1-Br3:-0.0019;As1-Br4:0.0144,As1-Br2:0.0070;As1-Br3:0.0722;As1-Br4:0.0347,True,B,,-0.1370811470481247,-0.0930017878111432,-0.0024131942624406,-0.2409832218353325,0.1604936108154478,0.0902451729935294,,78.505,0.3576,E,0.3215807870504704,mu
AsBr3,2,internal,87.9277,bend,no,0.0351389414829804,0.0382169035989998,As1-Br2:-0.0157;As1-Br3:0.0057;As1-Br4:-0.0138,As1-Br2:0.0418;As1-Br3:0.0223;As1-Br4:0.0505,True,B,,-0.0971405474775161,0.153786988840294,-0.0145298244847144,0.3358869360585689,0.0959631257799697,-0.0153388020316382,,78.505,0.3576,E,0.3215807870504704,mu
AsBr3,3,internal,117.0875,bend,no,0.1070348733661002,0.0217910032642613,As1-Br2:-0.0357;As1-Br3:-0.0357;As1-Br4:-0.0357,As1-Br2:0.0218;As1-Br3:0.0218;As1-Br4:0.0218,True,B,,-1.1881358663867747e-06,0.0,0.0095429684613242,0.0,0.1092871076417068,0.0,,77.7792,0.6283,A1,0.53387,mu
AsBr3,4,internal,249.1076,stretch,no,0.7336669640532157,0.3255544990689827,As1-Br2:0.2446;As1-Br3:0.2446;As1-Br4:0.2446,As1-Br2:0.3256;As1-Br3:0.3256;As1-Br4:0.3256,True,S,,5.697946680260912e-06,0.0,0.1594910598757054,0.0,0.1057069886909033,0.0,,76.9277,2.8126,A1,0.70573,mu
AsBr3,5,internal,257.5585,stretch,no,0.7577918302431872,0.3120127679621237,As1-Br2:0.0300;As1-Br3:0.3309;As1-Br4:-0.3969,As1-Br2:0.0990;As1-Br3:0.4166;As1-Br4:-0.4205,True,S,,0.1762057354282858,0.2473721835662857,0.1067015985061175,-0.1759007052251742,-0.0557747656477978,0.124173599214029,,76.5619,2.9924,E,0.7678578668607883,mu
AsBr3,6,internal,257.5585,stretch,no,0.7963183976022817,0.3425652411642899,As1-Br2:-0.4545;As1-Br3:0.2093;As1-Br4:0.1326,As1-Br2:-0.4713;As1-Br3:0.3179;As1-Br4:0.2385,True,S,,-0.2292242249027414,-0.0185057217754014,0.1172507751225894,-0.0272841817222167,0.0104510116471849,-0.0120886138352362,,76.5619,2.9924,E,0.7678578668607882,mu
BH3,Tx,external,0.0,translation,,0.0,,,,True,Tx,,1.0,0.0,0.0,0.0,0.0,0.0,,,,,,mu
BH3,Ty,external,0.0,translation,,0.0,,,,True,Ty,,0.0,1.0,0.0,0.0,0.0,-9.383326797044827e-08,,,,,,mu
BH3,Tz,external,0.0,translation,,0.0,,,,True,Tz,,0.0,0.0,1.0,0.0,0.3333333333333333,0.0,,,,,,mu
BH3,Rx,external,0.0,rotation,,0.0,,,,True,Rx,,0.0,0.0,0.0,1.0,0.0,0.0,,,,,,mu
BH3,Ry,external,0.0,rotation,,0.0,,,,True,Ry,,0.0,0.0,0.25,0.0,1.0,0.0,,,,,,mu
BH3,Rz,external,0.0,rotation,,0.0,,,,True,Rz,,0.0,-7.037495103334734e-08,0.0,0.0,0.0,1.0,,,,,,mu
BH3,1,internal,1185.7558,bend,no,0.0,0.169908229907832,B1-H2:0.0000;B1-H3:0.0000;B1-H4:0.0000,B1-H2:0.1699;B1-H3:0.1699;B1-H4:0.1699,True,B,,0.0,0.0,0.5,0.0,0.3333333333333333,0.0,,1.2531,1.0381,"A2""",0.1566,mu
BH3,2,internal,1251.9902,bend,no,0.0164239649006671,0.1409287463038629,B1-H2:0.0063;B1-H3:0.0082;B1-H4:-0.0019,B1-H2:0.2245;B1-H3:0.1823;B1-H4:-0.0159,True,B,,-0.1318051778523716,0.0836850593785107,0.0,0.0,0.0,-0.2518921214063878,,1.1088,1.024,E',0.1004716099204148,mu
BH3,3,internal,1251.9902,bend,no,0.0163914151292686,0.1320137890144835,B1-H2:0.0063;B1-H3:-0.0082;B1-H4:-0.0019,B1-H2:0.0627;B1-H3:0.0821;B1-H4:0.2513,True,B,,0.1318506026176473,-0.1192965719867355,0.0,0.0,0.0,-0.3229951582502636,,1.1088,1.024,E',0.1004716099204148,mu
BH3,4,internal,2615.3897,stretch,no,0.9999999999830276,0.4823203341728284,B1-H2:0.3333;B1-H3:0.3333;B1-H4:0.3333,B1-H2:0.4823;B1-H3:0.4823;B1-H4:0.4823,True,S,,-3.1601533954095373e-06,0.0,0.0,0.0,0.0,0.0,,1.0078,4.0617,A1',0.0,mu
BH3,5,internal,2753.532,stretch,no,0.9953100045941264,0.4793752709177482,B1-H2:-0.0223;B1-H3:0.5831;B1-H4:-0.3899,B1-H2:-0.1294;B1-H3:0.7220;B1-H4:-0.5868,True,S,,-0.2016639829816977,0.14639847020269,0.0,0.0,0.0,-0.0382469518190666,,1.1257,5.0285,E',0.1085528207832481,mu
BH3,6,internal,2753.532,stretch,no,0.9954515732470978,0.5026089525151584,B1-H2:0.6412;B1-H3:-0.0805;B1-H4:-0.2738,B1-H2:0.7571;B1-H3:-0.2607;B1-H4:-0.4901,True,S,,0.231498481609061,-0.0486976486680108,0.0,0.0,0.0,0.0116656017455743,,1.1257,5.0285,E',0.1085528207832481,mu
BF3,Tx,external,0.0,translation,,0.0,,,,True,Tx,,1.0,0.0,0.0,0.0,0.0,0.0,,,,,,mu
BF3,Ty,external,0.0,translation,,0.0,,,,True,Ty,,0.0,1.0,0.0,0.0,0.0,-1.2845787115504473e-07,,,,,,mu
BF3,Tz,external,0.0,translation,,0.0,,,,True,Tz,,0.0,0.0,1.0,0.0,0.3333333333333333,0.0,,,,,,mu
BF3,Rx,external,0.0,rotation,,0.0,,,,True,Rx,,0.0,0.0,0.0,1.0,0.0,0.0,,,,,,mu
BF3,Ry,external,0.0,rotation,,0.0,,,,True,Ry,,0.0,0.0,0.25,0.0,1.0,0.0,,,,,,mu
BF3,Rz,external,0.0,rotation,,4.767454111842346e-17,,,,True,Rz,,0.0,-9.63434034217947e-08,0.0,0.0,0.0,1.0,,,,,,mu
BF3,1,internal,484.2209,bend,no,0.046525677382333,0.1222367629062913,B1-F2:-0.0000;B1-F3:-0.0233;B1-F4:0.0232,B1-F2:0.2376;B1-F3:0.0171;B1-F4:0.1120,True,B,,-0.0001904737533154,-0.1929081811455583,0.0,0.0,0.0,-0.0707101098329921,,17.8577,2.467,E',0.3778701354963104,mu
BF3,2,internal,484.2209,bend,no,0.0503528419701543,0.1578692023336118,B1-F2:-0.0043;B1-F3:0.0231;B1-F4:0.0230,B1-F2:-0.0585;B1-F3:0.2074;B1-F4:0.2077,True,B,,-0.2034869130002886,0.0001468670119004,0.0,0.0,0.0,-0.0001791347314613,,17.8577,2.467,E',0.3778701354963104,mu
BF3,3,internal,663.5273,bend,no,0.0,0.3070029079705837,B1-F2:0.0000;B1-F3:0.0000;B1-F4:0.0000,B1-F2:0.3070;B1-F3:0.3070;B1-F4:0.3070,True,B,,0.0,0.0,-0.5,0.0,-0.3333333333333333,0.0,,11.8135,3.0644,"A2""",0.94833,mu
BF3,4,internal,910.6944,stretch,no,0.9999999999841525,0.4294152307393577,B1-F2:0.3333;B1-F3:0.3333;B1-F4:0.3333,B1-F2:0.4294;B1-F3:0.4294;B1-F4:0.4294,True,S,,-3.1601533954095373e-06,0.0,0.0,0.0,0.0,0.0,,18.9984,9.2835,A1',0.0,mu
BF3,5,internal,1583.6032,stretch,no,0.7729012523927122,0.6968468828089472,B1-F2:-0.4235;B1-F3:0.1757;B1-F4:0.1736,B1-F2:-0.9244;B1-F3:0.5849;B1-F4:0.5813,True,S,,-0.3072401263141229,-0.0003966794899768,0.0,0.0,0.0,-0.0005427835237426,,12.3022,18.1771,E',0.9155141002191064,mu
BF3,6,internal,1583.6032,stretch,no,0.6943555035036545,0.5495739485204373,B1-F2:-0.0010;B1-F3:-0.3459;B1-F4:0.3475,B1-F2:0.2187;B1-F3:-0.5947;B1-F4:0.8354,True,S,,-0.0087114988701406,-0.4439466786271929,0.0,0.0,0.0,-0.3022463403151985,,12.3022,18.1771,E',0.9155141002191064,mu
BCl3,Tx,external,0.0,translation,,0.0,,,,True,Tx,,1.0,0.0,0.0,0.0,0.0,-4.1209871792791126e-08,,,,,,mu
BCl3,Ty,external,0.0,translation,,0.0,,,,True,Ty,,0.0,1.0,0.0,0.0,0.0,0.0,,,,,,mu
BCl3,Tz,external,0.0,translation,,0.0,,,,True,Tz,,0.0,0.0,1.0,-0.3333333333333333,0.0,0.0,,,,,,mu
BCl3,Rx,external,0.0,rotation,,0.0,,,,True,Rx,,0.0,0.0,-0.25,1.0,0.0,0.0,,,,,,mu
BCl3,Ry,external,0.0,rotation,,0.0,,,,True,Ry,,0.0,0.0,0.0,0.0,1.0,0.0,,,,,,mu
BCl3,Rz,external,0.0,rotation,,7.169455069679293e-17,,,,True,Rz,,-3.090740384459334e-08,0.0,0.0,0.0,0.0,1.0,,,,,,mu
BCl3,1,internal,266.0137,bend,no,0.0600129573794348,0.0785317110322773,B1-Cl2:0.0300;B1-Cl3:0.0023;B1-Cl4:-0.0277,B1-Cl2:0.0838;B1-Cl3:0.1373;B1-Cl4:-0.0145,True,B,,0.1165209828694841,0.1856214470863595,0.0,0.0,0.0,0.0393146853826134,,31.2813,1.3042,E',0.3923137184703079,mu
BCl3,2,internal,266.0137,bend,no,0.063883245460058,0.070649188667429,B1-Cl2:-0.0296;B1-Cl3:0.0070;B1-Cl4:-0.0273,B1-Cl2:0.0735;B1-Cl3:0.0538;B1-Cl4:0.0847,True,B,,0.1888070881860341,-0.1176714910410992,0.0,0.0,0.0,0.0041908053251013,,31.2813,1.3042,E',0.3923137184703079,mu
BCl3,3,internal,434.8038,stretch,no,0.9999999999811698,0.3228844086160592,B1-Cl2:0.3333;B1-Cl3:0.3333;B1-Cl4:0.3333,B1-Cl2:0.3229;B1-Cl3:0.3229;B1-Cl4:0.3229,True,S,,0.0,-3.1601533954095373e-06,0.0,0.0,0.0,0.0,,34.9689,3.8951,A1',0.0,mu
BCl3,4,internal,465.8329,bend,no,0.0,0.1703151413571787,B1-Cl2:0.0000;B1-Cl3:0.0000;B1-Cl4:0.0000,B1-Cl2:0.1703;B1-Cl3:0.1703;B1-Cl4:0.1703,True,B,,0.0,0.0,-0.5,0.3333333333333333,0.0,0.0,,11.7756,1.5055,"A2""",0.98388,mu
BCl3,5,internal,876.8208,stretch,no,0.7181674727813545,0.4761412798182474,B1-Cl2:0.1107;B1-Cl3:-0.3763;B1-Cl4:0.2311,B1-Cl2:0.3219;B1-Cl3:-0.6225;B1-Cl4:0.4840,True,S,,-0.2808838078264243,0.1795583063142103,0.0,0.0,0.0,0.0468913837844158,,12.2624,5.5545,E',0.9735014054946198,mu
BCl3,6,internal,876.8208,stretch,no,0.6942510007844029,0.4506871020065579,B1-Cl2:-0.3580;B1-Cl3:0.0618;B1-Cl4:0.2744,B1-Cl2:-0.5711;B1-Cl3:0.2464;B1-Cl4:0.5345,True,S,,0.0022531796222836,-0.3682332525323012,0.0,0.0,0.0,-0.1148787469586554,,12.2624,5.5545,E',0.9735014054946198,mu
BBr3,Tx,external,0.0,translation,,0.0,,,,True,Tx,,1.0,0.0,0.0,0.0,0.0,0.0,,,,,,mu
BBr3,Ty,external,0.0,translation,,0.0,,,,True,Ty,,0.0,1.0,0.0,0.0,0.0,-2.4501325931088523e-08,,,,,,mu
BBr3,Tz,external,0.0,translation,,0.0,,,,True,Tz,,0.0,0.0,1.0,0.0,0.3333333333333333,0.0,,,,,,mu
BBr3,Rx,external,0.0,rotation,,0.0,,,,True,Rx,,0.0,0.0,0.0,1.0,0.0,0.0,,,,,,mu
BBr3,Ry,external,0.0,rotation,,0.0,,,,True,Ry,,0.0,0.0,0.25,0.0,1.0,0.0,,,,,,mu
BBr3,Rz,external,0.0,rotation,,3.354478352184763e-17,,,,True,Rz,,0.0,-1.837599444831639e-08,0.0,0.0,0.0,1.0,,,,,,mu
BBr3,1,internal,169.9557,bend,no,0.0666582110234119,0.0750235099762478,B1-Br2:0.0052;B1-Br3:-0.0283;B1-Br4:0.0332,B1-Br2:0.1203;B1-Br3:-0.0237;B1-Br4:0.0811,True,B,,0.0176539874451308,-0.2355693762469048,0.0,0.0,0.0,-0.0176280446634048,,67.7016,1.1522,E',0.4064169067595491,mu
BBr3,2,internal,169.9557,bend,no,0.0696271915052396,0.0609214430159283,B1-Br2:0.0091;B1-Br3:-0.0276;B1-Br4:-0.0329,B1-Br2:0.0538;B1-Br3:0.0751;B1-Br4:0.0539,True,B,,0.2362421412793613,0.0173970779302459,0.0,0.0,0.0,-0.0039855830806345,,67.7016,1.1522,E',0.4064169067595491,mu
BBr3,3,internal,275.4635,stretch,no,0.999999999983144,0.3021453509185509,B1-Br2:0.3333;B1-Br3:0.3333;B1-Br4:0.3333,B1-Br2:0.3021;B1-Br3:0.3021;B1-Br4:0.3021,True,S,,-3.1601533954095373e-06,0.0,0.0,0.0,0.0,0.0,,78.9183,3.5282,A1',0.0,mu
BBr3,4,internal,435.6414,bend,no,0.0,0.1392989518005447,B1-Br2:0.0000;B1-Br3:0.0000;B1-Br4:0.0000,B1-Br2:0.1393;B1-Br3:0.1393;B1-Br4:0.1393,True,B,,0.0,0.0,-0.5,0.0,-0.3333333333333333,0.0,,11.447,1.28,"A2""",0.99677,mu
BBr3,5,internal,795.9894,stretch,no,0.6655254523913634,0.4013976232584753,B1-Br2:-0.3383;B1-Br3:0.0714;B1-Br4:0.2558,B1-Br2:-0.5111;B1-Br3:0.2326;B1-Br4:0.4605,True,S,,-0.364347632373501,0.0036379632103579,0.0,0.0,0.0,0.1025639651492544,,11.7289,4.3784,E',0.9946877561325465,mu
BBr3,6,internal,795.9894,stretch,no,0.6810562417695425,0.4148628221723312,B1-Br2:0.1015;B1-Br3:-0.3479;B1-Br4:0.2317,B1-Br2:0.2735;B1-Br3:-0.5374;B1-Br4:0.4337,True,S,,0.1821507742333867,-0.290433730067163,0.0,0.0,0.0,-0.0596266485721415,,11.7289,4.3784,E',0.9946877561325465,mu
AlH3,Tx,external,0.0,translation,,0.0,,,,True,Tx,,1.0,0.0,0.0,0.0,0.0,0.0,,,,,,mu
AlH3,Ty,external,0.0,translation,,0.0,,,,True,Ty,,0.0,1.0,0.0,0.0,0.0,-3.4506904296923345e-08,,,,,,mu
AlH3,Tz,external,0.0,translation,,0.0,,,,True,Tz,,0.0,0.0,1.0,0.0,0.3333333333333333,0.0,,,,,,mu
AlH3,Rx,external,0.0,rotation,,0.0,,,,True,Rx,,0.0,0.0,0.0,1.0,0.0,0.0,,,,,,mu
AlH3,Ry,external,0.0,rotation,,0.0,,,,True,Ry,,0.0,0.0,0.25,0.0,1.0,0.0,,,,,,mu
AlH3,Rz,external,0.0,rotation,,0.0,,,,True,Rz,,0.0,-2.5880178222692507e-08,0.0,0.0,0.0,1.0,,,,,,mu
AlH3,1,internal,713.1189,bend,no,0.0,0.076288877714049,Al1-H2:0.0000;Al1-H3:0.0000;Al1-H4:0.0000,Al1-H2:0.0763;Al1-H3:0.0763;Al1-H4:0.0763,True,B,,0.0,0.0,0.5,0.0,0.3333333333333333,0.0,,1.1161,0.3344,"A2""",0.06456,mu
AlH3,2,internal,779.9814,bend,no,0.0171235869564673,0.068305491694556,Al1-H2:-0.0067;Al1-H3:0.0019;Al1-H4:-0.0085,Al1-H2:0.1073;Al1-H3:0.0158;Al1-H4:0.0818,True,B,,0.1266393358980103,0.2108358308067303,0.0,0.0,0.0,-0.3231568365900825,,1.0592,0.3797,E',0.0444946064147105,mu
AlH3,3,internal,779.9814,bend,no,0.0170748496002908,0.0680727650515578,Al1-H2:0.0067;Al1-H3:-0.0018;Al1-H4:-0.0085,Al1-H2:0.0363;Al1-H3:0.1311;Al1-H4:0.0368,True,B,,0.1851984388452621,0.1403945569523773,0.0,0.0,0.0,0.332549095240568,,1.0592,0.3797,E',0.0444946064147105,mu
AlH3,4,internal,1922.5298,stretch,no,0.9999999999825356,0.3586357047522369,Al1-H2:0.3333;Al1-H3:0.3333;Al1-H4:0.3333,Al1-H2:0.3586;Al1-H3:0.3586;Al1-H4:0.3586,True,S,,-3.1601533954095373e-06,0.0,0.0,0.0,0.0,0.0,,1.0078,2.1947,A1',0.0,mu
AlH3,5,internal,1935.7605,stretch,no,0.9996578566807895,0.3448428455623052,Al1-H2:0.6251;Al1-H3:-0.0484;Al1-H4:-0.3261,Al1-H2:0.5174;Al1-H3:-0.1436;Al1-H4:-0.3736,True,S,,0.2304726098971676,-0.0715133218028251,0.0,0.0,0.0,0.0205279764570816,,1.0592,2.3384,E',0.0444552145422783,mu
AlH3,6,internal,1935.7605,stretch,no,0.9996579581144368,0.3428839948719036,Al1-H2:-0.0414;Al1-H3:0.6180;Al1-H4:-0.3403,Al1-H2:-0.1326;Al1-H3:0.5144;Al1-H4:-0.3816,True,S,,-0.1824509151671013,0.1604204357423074,0.0,0.0,0.0,-0.0235258760797602,,1.0592,2.3384,E',0.0444552145422783,mu
AlF3,Tx,external,0.0,translation,,0.0,,,,True,Tx,,1.0,0.0,0.0,0.0,0.0,0.0,,,,,,mu
AlF3,Ty,external,0.0,translation,,0.0,,,,True,Ty,,0.0,1.0,0.0,0.0,0.0,-5.015851104831862e-08,,,,,,mu
AlF3,Tz,external,0.0,translation,,0.0,,,,True,Tz,,0.0,0.0,1.0,0.0,0.3333333333333333,0.0,,,,,,mu
AlF3,Rx,external,0.0,rotation,,0.0,,,,True,Rx,,0.0,0.0,0.0,1.0,0.0,0.0,,,,,,mu
AlF3,Ry,external,0.0,rotation,,0.0,,,,True,Ry,,0.0,0.0,0.25,0.0,1.0,0.0,,,,,,mu
AlF3,Rz,external,0.0,rotation,,3.8991554693847314e-17,,,,True,Rz,,0.0,-3.7618883286238975e-08,0.0,0.0,0.0,1.0,,,,,,mu
AlF3,1,internal,277.0178,bend,no,0.0,0.216699092431846,Al1-F2:0.0000;Al1-F3:0.0000;Al1-F4:0.0000,Al1-F2:0.2167;Al1-F3:0.2167;Al1-F4:0.2167,True,B,,0.0,0.0,-0.5,0.0,-0.3333333333333333,0.0,,23.7721,1.0748,"A2""",0.77329,mu
AlF3,2,internal,278.4062,bend,no,0.0196319363881636,0.0967551321565137,Al1-F2:-0.0033;Al1-F3:0.0065;Al1-F4:0.0098,Al1-F2:-0.0128;Al1-F3:0.1600;Al1-F4:0.1174,True,B,,-0.1496560940893901,-0.003456533465108,0.0,0.0,0.0,0.078131178855662,,19.8841,0.9081,E',0.3330845515781241,mu
AlF3,3,internal,278.4062,bend,no,0.0196067598858151,0.088561234604643,Al1-F2:0.0033;Al1-F3:-0.0065;Al1-F4:0.0098,Al1-F2:0.1724;Al1-F3:0.0059;Al1-F4:0.0874,True,B,,0.0406628041004355,-0.1166821648950615,0.0,0.0,0.0,-0.1381161655021894,,19.8841,0.9081,E',0.3330845515781241,mu
AlF3,4,internal,724.5826,stretch,no,0.9999999999826662,0.3512056343474336,Al1-F2:0.3333;Al1-F3:0.3333;Al1-F4:0.3333,Al1-F2:0.3512;Al1-F3:0.3512;Al1-F4:0.3512,True,S,,-3.1601533954095373e-06,0.0,0.0,0.0,0.0,0.0,,18.9984,5.8768,A1',0.0,mu
AlF3,5,internal,1038.7502,stretch,no,0.8327363413605967,0.4817485052100858,Al1-F2:-0.4359;Al1-F3:0.3747;Al1-F4:0.0221,Al1-F2:-0.6508;Al1-F3:0.6553;Al1-F4:0.1391,True,S,,-0.3469914769646873,-0.0485605729128256,0.0,0.0,0.0,-0.1059007181057489,,22.5171,14.3148,E',0.6639047257701967,mu
AlF3,6,internal,1038.7502,stretch,no,0.8704874271436072,0.4505383401430049,Al1-F2:-0.1441;Al1-F3:-0.2110;Al1-F4:0.5154,Al1-F2:-0.2352;Al1-F3:-0.3435;Al1-F4:0.7730,True,S,,-0.1510439927177296,-0.2284954352552005,0.0,0.0,0.0,-0.0056378682238918,,22.5171,14.3148,E',0.6639047257701967,mu
AlCl3,Tx,external,0.0,translation,,0.0,,,,True,Tx,,1.0,0.0,0.0,0.0,0.0,0.0,,,,,,mu
AlCl3,Ty,external,0.0,translation,,0.0,,,,True,Ty,,0.0,1.0,0.0,0.0,0.0,-1.2219738776408915e-08,,,,,,mu
AlCl3,Tz,external,0.0,translation,,0.0,,,,True,Tz,,0.0,0.0,1.0,0.0,0.3333333333333333,0.0,,,,,,mu
AlCl3,Rx,external,0.0,rotation,,0.0,,,,True,Rx,,0.0,0.0,0.0,1.0,0.0,0.0,,,,,,mu
AlCl3,Ry,external,0.0,rotation,,0.0,,,,True,Ry,,0.0,0.0,0.25,0.0,1.0,0.0,,,,,,mu
AlCl3,Rz,external,0.0,rotation,,0.0,,,,True,Rz,,0.0,-9.164804082306688e-09,0.0,0.0,0.0,1.0,,,,,,mu
AlCl3,1,internal,139.737,bend,no,0.0170760279642797,0.0606657013742908,Al1-Cl2:-0.0005;Al1-Cl3:0.0082;Al1-Cl4:0.0083,Al1-Cl2:-0.0133;Al1-Cl3:0.0845;Al1-Cl4:0.0841,True,B,,-0.1875500207973121,0.0003525355341691,0.0,0.0,0.0,-0.0008737946345016,,33.7431,0.3882,?A,0.3917516010177878,mu
AlCl3,2,internal,139.737,bend,no,0.0166082065729218,0.0521352324983596,Al1-Cl2:-0.0001;Al1-Cl3:0.0082;Al1-Cl4:-0.0083,Al1-Cl2:0.1029;Al1-Cl3:0.0377;Al1-Cl4:0.0158,True,B,,-0.0006550600999584,-0.1669732251706202,0.0,0.0,0.0,-0.0995537123580833,,33.7431,0.3882,?A,0.3917516010177878,mu
AlCl3,3,internal,189.5614,bend,no,0.0,0.1303593797871054,Al1-Cl2:0.0000;Al1-Cl3:0.0000;Al1-Cl4:0.0000,Al1-Cl2:0.1304;Al1-Cl3:0.1304;Al1-Cl4:0.1304,True,B,,0.0,0.0,-0.5,0.0,-0.3333333333333333,0.0,,28.3041,0.5992,"A2""",0.91346,mu
AlCl3,4,internal,351.2037,stretch,no,0.9999999999818322,0.2649384068124685,Al1-Cl2:0.3333;Al1-Cl3:0.3333;Al1-Cl4:0.3333,Al1-Cl2:0.2649;Al1-Cl3:0.2649;Al1-Cl4:0.2649,True,S,,-3.1601533954095373e-06,0.0,0.0,0.0,0.0,0.0,,34.9689,2.5413,?B,0.0,mu
AlCl3,5,internal,586.2406,stretch,no,0.809679767081499,0.4211385935942993,Al1-Cl2:-0.4574;Al1-Cl3:0.1830;Al1-Cl4:0.1693,Al1-Cl2:-0.5868;Al1-Cl3:0.3464;Al1-Cl4:0.3303,True,S,,-0.2712335510715277,0.003881421494155,0.0,0.0,0.0,0.0012183877463125,,29.1616,5.9049,?A,0.8526828975064529,mu
AlCl3,6,internal,586.2406,stretch,no,0.742202331248986,0.3598729555578966,Al1-Cl2:0.0057;Al1-Cl3:0.3625;Al1-Cl4:-0.3740,Al1-Cl2:0.0859;Al1-Cl3:0.5167;Al1-Cl4:-0.4770,True,S,,0.1303601024153444,-0.3977863736262824,0.0,0.0,0.0,-0.2698327303643178,,29.1616,5.9049,?A,0.8526828975064529,mu
AlBr3,Tx,external,0.0,translation,,0.0,,,,True,Tx,,1.0,0.0,0.0,0.0,0.0,0.0,,,,,,mu
AlBr3,Ty,external,0.0,translation,,0.0,,,,True,Ty,,0.0,1.0,0.0,0.0,0.0,-3.5872573652303195e-08,,,,,,mu
AlBr3,Tz,external,0.0,translation,,0.0,,,,True,Tz,,0.0,0.0,1.0,0.0,0.3333333333333333,0.0,,,,,,mu
AlBr3,Rx,external,0.0,rotation,,0.0,,,,True,Rx,,0.0,0.0,0.0,1.0,0.0,0.0,,,,,,mu
AlBr3,Ry,external,0.0,rotation,,0.0,,,,True,Ry,,0.0,0.0,0.25,0.0,1.0,0.0,,,,,,mu
AlBr3,Rz,external,0.0,rotation,,0.0,,,,True,Rz,,0.0,-2.6904430239227395e-08,0.0,0.0,0.0,1.0,,,,,,mu
AlBr3,1,internal,99.1618,bend,no,0.0341545997706345,0.0445317817714856,Br1-Al4:0.0029;Br2-Al4:-0.0145;Br3-Al4:-0.0167,Br1-Al4:0.0236;Br2-Al4:0.0606;Br3-Al4:0.0494,True,B,,0.2174425024823895,0.0121565344766956,0.0,0.0,0.0,-0.0083417987428729,,69.7608,0.4042,E',0.4199072602373052,mu
AlBr3,2,internal,99.1618,bend,no,0.0335181018862668,0.0455902817402382,Br1-Al4:0.0022;Br2-Al4:-0.0146;Br3-Al4:0.0167,Br1-Al4:0.0882;Br2-Al4:-0.0024;Br3-Al4:0.0462,True,B,,0.0135479496290928,-0.2129384237876134,0.0,0.0,0.0,-0.0459997067951123,,69.7608,0.4042,E',0.4199072602373052,mu
AlBr3,3,internal,167.8255,bend,no,0.0,0.105455010930006,Br1-Al4:0.0000;Br2-Al4:0.0000;Br3-Al4:0.0000,Br1-Al4:0.1055;Br2-Al4:0.1055;Br3-Al4:0.1055,True,B,,0.0,0.0,-0.5,0.0,-0.3333333333333333,0.0,,28.9293,0.4801,"A2""",0.98107,mu
AlBr3,4,internal,217.0896,stretch,no,0.999999999982547,0.2489285103770182,Br1-Al4:0.3333;Br2-Al4:0.3333;Br3-Al4:0.3333,Br1-Al4:0.2489;Br2-Al4:0.2489;Br3-Al4:0.2489,True,S,,-3.1601533954095373e-06,0.0,0.0,0.0,0.0,0.0,,78.9183,2.1913,A1',0.0,mu
AlBr3,5,internal,491.826,stretch,no,0.6673008125098049,0.3053254513160906,Br1-Al4:-0.0122;Br2-Al4:-0.3188;Br3-Al4:0.3363,Br1-Al4:0.0678;Br2-Al4:-0.3867;Br3-Al4:0.4614,True,S,,-0.1325904837924323,-0.397526874040929,0.0,0.0,0.0,-0.2544985529900941,,30.3917,4.3314,E',0.9666168902414234,mu
AlBr3,6,internal,491.826,stretch,no,0.7390670381536809,0.3723136736206589,Br1-Al4:-0.3936;Br2-Al4:0.1850;Br3-Al4:0.1605,Br1-Al4:-0.5062;Br2-Al4:0.3188;Br3-Al4:0.2919,True,S,,-0.2900219002047849,-0.0064496372853473,0.0,0.0,0.0,-0.0046697206081013,,30.3917,4.3314,E',0.9666168902414234,mu
GaH3,Tx,external,0.0,translation,,0.0,,,,True,Tx,,1.0,0.0,0.0,0.0,0.0,9.571552913219725e-08,,,,,,mu
GaH3,Ty,external,0.0,translation,,0.0,,,,True,Ty,,0.0,1.0,0.0,0.0,0.0,0.0,,,,,,mu
GaH3,Tz,external,0.0,translation,,0.0,,,,True,Tz,,0.0,0.0,1.0,-0.3333333333333333,0.0,0.0,,,,,,mu
GaH3,Rx,external,0.0,rotation,,0.0,,,,True,Rx,,0.0,0.0,-0.25,1.0,0.0,0.0,,,,,,mu
GaH3,Ry,external,0.0,rotation,,0.0,,,,True,Ry,,0.0,0.0,0.0,0.0,1.0,0.0,,,,,,mu
GaH3,Rz,external,0.0,rotation,,0.0,,,,True,Rz,,7.178664690465909e-08,0.0,0.0,0.0,0.0,1.0,,,,,,mu
GaH3,1,internal,733.2945,bend,no,0.0,0.0694145647131482,H1-Ga4:0.0000;H2-Ga4:0.0000;H3-Ga4:0.0000,H1-Ga4:0.0694;H2-Ga4:0.0694;H3-Ga4:0.0694,True,B,,0.0,0.0,0.5,-0.3333333333333333,0.0,0.0,,1.0514,0.3331,"A2""",0.02532,mu
GaH3,2,internal,833.9541,bend,no,0.0408045806776087,0.0666619933734717,H1-Ga4:0.0032;H2-Ga4:-0.0195;H3-Ga4:-0.0181,H1-Ga4:0.0345;H2-Ga4:0.0781;H3-Ga4:0.0874,True,B,,-0.1451392935044897,0.3873395395377688,0.0,0.0,0.0,0.2035539721129407,,1.0315,0.4227,E',0.0186806263278295,mu
GaH3,3,internal,833.9541,bend,no,0.0392892044438405,0.0655939375657331,H1-Ga4:0.0015;H2-Ga4:0.0196;H3-Ga4:-0.0182,H1-Ga4:0.1302;H2-Ga4:0.0660;H3-Ga4:0.0006,True,B,,0.2825397140205489,-0.0063637234481468,0.0,0.0,0.0,0.3313669185147521,,1.0315,0.4227,E',0.0186806263278295,mu
GaH3,4,internal,1852.2554,stretch,no,0.999027865812121,0.3482334339100841,H1-Ga4:0.6645;H2-Ga4:-0.1462;H3-Ga4:-0.1883,H1-Ga4:0.5226;H2-Ga4:-0.2445;H3-Ga4:-0.2776,True,S,,-0.0116248411659901,0.1994725592922703,0.0,0.0,0.0,-0.0054987682781003,,1.0268,2.0755,E',0.0167011436734135,mu
GaH3,5,internal,1852.2554,stretch,no,0.9988868089767216,0.3079912850097289,H1-Ga4:-0.0014;H2-Ga4:0.5198;H3-Ga4:-0.4777,H1-Ga4:-0.0189;H2-Ga4:0.4622;H3-Ga4:-0.4429,True,S,,-0.0448209357268246,-0.1114947765564649,0.0,0.0,0.0,0.2657209403053182,,1.0268,2.0755,E',0.0167011436734135,mu
GaH3,6,internal,1858.7192,stretch,no,0.9999999999830792,0.3631948946462685,H1-Ga4:0.3333;H2-Ga4:0.3333;H3-Ga4:0.3333,H1-Ga4:0.3632;H2-Ga4:0.3632;H3-Ga4:0.3632,True,S,,0.0,-3.1601533954095373e-06,0.0,0.0,0.0,0.0,,1.0078,2.0515,A1',0.0,mu
GaF3,Tx,external,0.0,translation,,0.0,,,,True,Tx,,1.0,0.0,0.0,0.0,0.0,4.909220208126897e-08,,,,,,mu
GaF3,Ty,external,0.0,translation,,0.0,,,,True,Ty,,0.0,1.0,0.0,0.0,0.0,0.0,,,,,,mu
GaF3,Tz,external,0.0,translation,,0.0,,,,True,Tz,,0.0,0.0,1.0,-0.3333333333333333,0.0,0.0,,,,,,mu
GaF3,Rx,external,0.0,rotation,,0.0,,,,True,Rx,,0.0,0.0,-0.25,1.0,0.0,0.0,,,,,,mu
GaF3,Ry,external,0.0,rotation,,0.0,,,,True,Ry,,0.0,0.0,0.0,0.0,1.0,0.0,,,,,,mu
GaF3,Rz,external,0.0,rotation,,3.781946894963017e-17,,,,True,Rz,,3.681915156095173e-08,0.0,0.0,0.0,0.0,1.0,,,,,,mu
GaF3,1,internal,198.6757,bend,no,0.0,0.1469139905139117,Ga1-F2:0.0000;Ga1-F3:0.0000;Ga1-F4:0.0000,Ga1-F2:0.1469;Ga1-F3:0.1469;Ga1-F4:0.1469,True,B,,0.0,0.0,-0.5,0.3333333333333333,0.0,0.0,,28.2658,0.6574,"A2""",0.43084,mu
GaF3,2,internal,243.7515,bend,no,0.0007916672849301,0.0802269002770278,Ga1-F2:-0.0000;Ga1-F3:0.0004;Ga1-F4:-0.0004,Ga1-F2:0.1575;Ga1-F3:0.0409;Ga1-F4:0.0424,True,B,,0.0281165068542002,0.0034613194698191,0.0,0.0,0.0,0.2618177409017728,,21.5008,0.7527,E',0.2238810070104206,mu
GaF3,3,internal,243.7515,bend,no,0.000795052371942,0.0801499320092067,Ga1-F2:0.0000;Ga1-F3:-0.0004;Ga1-F4:-0.0004,Ga1-F2:0.0008;Ga1-F3:0.1211;Ga1-F4:0.1185,True,B,,0.0045885740658155,-0.1142937848890354,0.0,0.0,0.0,-0.0109338061477193,,21.5008,0.7527,E',0.2238810070104206,mu
GaF3,4,internal,774.3554,stretch,no,0.9999999999830236,0.3406483964905908,Ga1-F2:0.3333;Ga1-F3:0.3333;Ga1-F4:0.3333,Ga1-F2:0.3406;Ga1-F3:0.3406;Ga1-F4:0.3406,True,S,,0.0,-3.1601533954095373e-06,0.0,0.0,0.0,0.0,,18.9984,6.7119,A1',0.0,mu
GaF3,5,internal,880.5688,stretch,no,0.94821984155162,0.3833554412511075,Ga1-F2:-0.0202;Ga1-F3:0.5180;Ga1-F4:-0.4101,Ga1-F2:-0.0501;Ga1-F3:0.5915;Ga1-F4:-0.5085,True,S,,0.181072000101058,-0.2233053462504724,0.0,0.0,0.0,0.0036804766162944,,24.0937,11.0073,E',0.3194623027839122,mu
GaF3,6,internal,880.5688,stretch,no,0.958315761984488,0.4149244436708152,Ga1-F2:0.6079;Ga1-F3:-0.1207;Ga1-F4:-0.2298,Ga1-F2:0.6415;Ga1-F3:-0.2416;Ga1-F4:-0.3618,True,S,,-0.0267761095077535,0.250353178469796,0.0,0.0,0.0,-0.0003508533943598,,24.0937,11.0073,E',0.3194623027839122,mu
GaCl3,Tx,external,0.0,translation,,0.0,,,,True,Tx,,1.0,0.0,0.0,0.0,0.0,0.0,,,,,,mu
GaCl3,Ty,external,0.0,translation,,0.0,,,,True,Ty,,0.0,1.0,0.0,0.0,0.0,-6.614855685427301e-08,,,,,,mu
GaCl3,Tz,external,0.0,translation,,0.0,,,,True,Tz,,0.0,0.0,1.0,0.0,0.3333333333333333,0.0,,,,,,mu
GaCl3,Rx,external,0.0,rotation,,0.0,,,,True,Rx,,0.0,0.0,0.0,1.0,0.0,0.0,,,,,,mu
GaCl3,Ry,external,0.0,rotation,,0.0,,,,True,Ry,,0.0,0.0,0.25,0.0,1.0,0.0,,,,,,mu
GaCl3,Rz,external,0.0,rotation,,5.807811266947976e-17,,,,True,Rz,,0.0,-4.9611417640704765e-08,0.0,0.0,0.0,1.0,,,,,,mu
GaCl3,1,internal,127.0657,bend,no,0.0023581235298523,0.0513553644483239,Ga1-Cl2:-0.0008;Ga1-Cl3:-0.0012;Ga1-Cl4:0.0004,Ga1-Cl2:0.0889;Ga1-Cl3:0.0607;Ga1-Cl4:0.0045,True,B,,-0.0761462294511302,-0.1002128197147722,0.0,0.0,0.0,-0.1038789539281466,,38.1567,0.363,E',0.3064008488891634,mu
GaCl3,2,internal,127.0657,bend,no,0.0023627684351975,0.0513192509327028,Ga1-Cl2:-0.0008;Ga1-Cl3:0.0012;Ga1-Cl4:0.0004,Ga1-Cl2:0.0115;Ga1-Cl3:0.0434;Ga1-Cl4:0.0991,True,B,,-0.0835717432704993,-0.0040241158354889,0.0,0.0,0.0,-0.1798328865341623,,38.1567,0.363,E',0.3064008488891634,mu
GaCl3,3,internal,129.8321,bend,no,0.0,0.1160425427981587,Ga1-Cl2:0.0000;Ga1-Cl3:0.0000;Ga1-Cl4:0.0000,Ga1-Cl2:0.1160;Ga1-Cl3:0.1160;Ga1-Cl4:0.1160,True,B,,0.0,0.0,-0.5,0.0,-0.3333333333333333,0.0,,49.7647,0.4942,"A2""",0.6601,mu
GaCl3,4,internal,357.0913,stretch,no,0.9999999999831752,0.2615612606617739,Ga1-Cl2:0.3333;Ga1-Cl3:0.3333;Ga1-Cl4:0.3333,Ga1-Cl2:0.2616;Ga1-Cl3:0.2616;Ga1-Cl4:0.2616,True,S,,-3.1601533954095373e-06,0.0,0.0,0.0,0.0,0.0,,34.9689,2.6272,A1',0.0,mu
GaCl3,5,internal,457.56,stretch,no,0.8689599408956156,0.3245276868417165,Ga1-Cl2:-0.0020;Ga1-Cl3:-0.4298;Ga1-Cl4:0.4371,Ga1-Cl2:0.0241;Ga1-Cl3:-0.4630;Ga1-Cl4:0.4865,True,S,,-0.2274485031600683,-0.2826430777120527,0.0,0.0,0.0,-0.1307453122028821,,44.4767,5.4863,E',0.5291484605476993,mu
GaCl3,6,internal,457.56,stretch,no,0.9115008334551908,0.3803324937932717,Ga1-Cl2:-0.5605;Ga1-Cl3:0.1793;Ga1-Cl4:0.1716,Ga1-Cl2:-0.5536;Ga1-Cl3:0.2975;Ga1-Cl4:0.2899,True,S,,-0.2527132784140301,-0.0020495890924325,0.0,0.0,0.0,-7.335650637131218e-05,,44.4767,5.4863,E',0.5291484605476993,mu
OCl4,Tx,external,0.0,translation,,0.0,,,,True,Tx,,1.0,0.0,0.0,0.0,0.030836681772257,0.0,,,,,,mu
OCl4,Ty,external,0.0,translation,,0.0,,,,True,Ty,,0.0,1.0,0.0,-0.3690715119868824,0.0,0.0,,,,,,mu
OCl4,Tz,external,0.0,translation,,0.0,,,,True,Tz,,0.0,0.0,1.0,0.0,0.0,0.0,,,,,,mu
OCl4,Rx,external,0.0,rotation,,6.452109473003269e-17,,,,True,Rx,,0.0,-0.3690715119868824,0.0,1.0,0.0,0.0,,,,,,mu
OCl4,Ry,external,0.0,rotation,,6.450560941352639e-17,,,,True,Ry,,0.030836681772257,0.0,0.0,0.0,1.0,0.0,,,,,,mu
OCl4,Rz,external,0.0,rotation,,0.0,,,,True,Rz,,0.0,0.0,0.0,0.0,0.0,1.0,,,,,,mu
OCl4,1,internal,104.6267,bend,no,0.0257027333391179,0.0278168912194353,O1-Cl2:0.0071;O1-Cl3:0.0071;O1-Cl4:-0.0057;O1-Cl5:-0.0057,O1-Cl2:0.0397;O1-Cl3:0.0397;O1-Cl4:0.0159;O1-Cl5:0.0159,True,B,,0.0,0.0,0.229392110240509,0.0,0.0,0.0,,34.9482,0.2254,A1,0.03303,mu
OCl4,2,internal,104.687,bend,no,0.0,0.0277497535946424,O1-Cl2:0.0000;O1-Cl3:0.0000;O1-Cl4:0.0000;O1-Cl5:0.0000,O1-Cl2:0.0277;O1-Cl3:0.0277;O1-Cl4:0.0278;O1-Cl5:0.0278,True,B,,0.0,0.0,0.0,0.0,0.0,0.0,,34.9689,0.2258,A2,0.0,mu
OCl4,3,internal,106.1558,bend,no,0.2334390156519784,0.0603009446805828,O1-Cl2:0.0546;O1-Cl3:0.0546;O1-Cl4:-0.0621;O1-Cl5:-0.0621,O1-Cl2:0.1004;O1-Cl3:0.1004;O1-Cl4:-0.0202;O1-Cl5:-0.0202,True,B,,-7.744205412496541e-08,0.0,0.131804018701259,0.0,3.681976969160949e-06,0.0,,32.4706,0.2156,A1,0.36286,mu
OCl4,4,internal,106.1924,bend,no,0.126586280013475,0.0769603290584885,O1-Cl2:0.0000;O1-Cl3:0.0000;O1-Cl4:0.0633;O1-Cl5:-0.0633,O1-Cl2:0.0589;O1-Cl3:0.0589;O1-Cl4:0.1152;O1-Cl5:-0.0749,True,B,,0.0,0.0101587171035267,0.0,0.0434332532519025,0.0,0.0,,32.4541,0.2156,B1,0.36405,mu
OCl4,5,internal,106.3465,bend,no,0.1264180396274774,0.0768984601022888,O1-Cl2:-0.0632;O1-Cl3:0.0632;O1-Cl4:0.0000;O1-Cl5:0.0000,O1-Cl2:-0.0748;O1-Cl3:0.1151;O1-Cl4:0.0588;O1-Cl5:0.0588,True,B,,-0.0102188694528013,0.0,0.0,0.0,-0.4433948580098605,0.0,,32.4551,0.2163,B2,0.36399,mu
OCl4,6,internal,254.1131,stretch,no,0.9999995986578188,0.2372097061988257,O1-Cl2:-0.2502;O1-Cl3:-0.2502;O1-Cl4:-0.2498;O1-Cl5:-0.2498,O1-Cl2:-0.2373;O1-Cl3:-0.2373;O1-Cl4:-0.2371;O1-Cl5:-0.2371,True,S,,0.0,0.0,0.1999965969620061,0.0,0.0,0.0,,34.9689,1.3304,A1,0.00031,mu
OCl4,7,internal,550.6878,stretch,no,0.4872443677488032,0.2759209064999668,O1-Cl2:0.2436;O1-Cl3:-0.2436;O1-Cl4:-0.0000;O1-Cl5:-0.0000,O1-Cl2:0.4909;O1-Cl3:-0.3998;O1-Cl4:0.1065;O1-Cl5:0.1065,True,S,,0.5519993758939129,0.0,-2.090257310560784e-06,0.0,-0.5520255046414466,0.0,,17.5982,3.1443,B2,0.9568200000522564,mu
OCl4,8,internal,550.7074,stretch,no,0.6479149618919693,0.3048976627992834,O1-Cl2:0.1619;O1-Cl3:0.1619;O1-Cl4:-0.1621;O1-Cl5:-0.1621,O1-Cl2:0.3841;O1-Cl3:0.3841;O1-Cl4:-0.2257;O1-Cl5:-0.2257,True,S,,8.913665129228754e-06,0.0,0.402090980575399,0.0,1.0907355543782193e-05,0.0,,17.5989,3.1447,A1,0.9568000000522576,mu
OCl4,9,internal,551.1266,stretch,no,0.4870124948794922,0.2758076984793872,O1-Cl2:0.0000;O1-Cl3:0.0000;O1-Cl4:0.2435;O1-Cl5:-0.2435,O1-Cl2:0.1066;O1-Cl3:0.1066;O1-Cl4:0.4907;O1-Cl5:-0.3994,True,S,,0.0,0.5518515948195043,0.0,-0.152222562124153,0.0,0.0,,17.5985,3.1494,B1,0.95681,mu
OBr4,Tx,external,0.0,translation,,0.0,,,,True,Tx,,1.0,0.0,0.0,0.0,0.0309197762047011,0.0,,,,,,mu
OBr4,Ty,external,0.0,translation,,0.0,,,,True,Ty,,0.0,1.0,0.0,-0.3690757445904841,0.0,0.0,,,,,,mu
OBr4,Tz,external,0.0,translation,,0.0,,,,True,Tz,,0.0,0.0,1.0,0.0,0.0,0.0,,,,,,mu
OBr4,Rx,external,0.0,rotation,,6.34770627763929e-17,,,,True,Rx,,0.0,-0.3690757445904842,0.0,1.0,0.0,0.0,,,,,,mu
OBr4,Ry,external,0.0,rotation,,0.0,,,,True,Ry,,0.0309197762047011,0.0,0.0,0.0,1.0,0.0,,,,,,mu
OBr4,Rz,external,0.0,rotation,,0.0,,,,True,Rz,,0.0,0.0,0.0,0.0,0.0,1.0,,,,,,mu
OBr4,1,internal,69.2854,bend,no,8.189814080901555e-05,0.0268702162740068,O1-Br2:0.0000;O1-Br3:0.0000;O1-Br4:-0.0000;O1-Br5:-0.0000,O1-Br2:0.0269;O1-Br3:0.0269;O1-Br4:0.0269;O1-Br5:0.0269,True,B,,0.0,0.0,-0.2000802992980569,0.0,0.0,0.0,,78.9183,0.2232,A1,9e-05,mu
OBr4,2,internal,69.3007,bend,no,0.0,0.0268788723827107,O1-Br2:0.0000;O1-Br3:0.0000;O1-Br4:0.0000;O1-Br5:0.0000,O1-Br2:0.0269;O1-Br3:0.0269;O1-Br4:0.0269;O1-Br5:0.0269,True,B,,0.0,0.0,0.0,0.0,0.0,0.0,,78.9183,0.2233,A2,0.0,mu
OBr4,3,internal,85.8973,bend,no,0.2461223437541007,0.0674236091012131,O1-Br2:0.0615;O1-Br3:0.0615;O1-Br4:-0.0615;O1-Br5:-0.0615,O1-Br2:0.1048;O1-Br3:0.1048;O1-Br4:-0.0300;O1-Br5:-0.0300,True,B,,0.0,0.0,-0.1670866830147996,0.0,0.0,0.0,,70.0154,0.3044,A1,0.37615,mu
OBr4,4,internal,85.9208,bend,no,0.1337468640339197,0.0761947905359196,O1-Br2:-0.0669;O1-Br3:0.0669;O1-Br4:0.0000;O1-Br5:0.0000,O1-Br2:-0.0781;O1-Br3:0.1160;O1-Br4:0.0553;O1-Br5:0.0553,True,B,,0.0,-0.0217281820156281,1.6591862163295446e-06,-0.0561675800423146,0.0,0.0,,70.0165,0.3045,B2,0.37613,mu
OBr4,5,internal,85.925,bend,no,0.1337382653225494,0.0761923549132509,O1-Br2:0.0000;O1-Br3:0.0000;O1-Br4:0.0669;O1-Br5:-0.0669,O1-Br2:0.0554;O1-Br3:0.0554;O1-Br4:0.1160;O1-Br5:-0.0781,True,B,,0.0217339916725805,0.0,0.0,0.0,0.4561689746533071,0.0,,70.0164,0.3046,B1,0.37613,mu
OBr4,6,internal,186.2227,stretch,no,0.99999999578192,0.2334111527252032,O1-Br2:0.2500;O1-Br3:0.2500;O1-Br4:0.2500;O1-Br5:0.2500,O1-Br2:0.2334;O1-Br3:0.2334;O1-Br4:0.2334;O1-Br5:0.2334,True,S,,0.0,0.0,-0.1999962288258155,0.0,0.0,0.0,,78.9183,1.6125,A1,4e-05,mu
OBr4,7,internal,482.8056,stretch,no,0.6104066224076831,0.2756825243089068,O1-Br2:0.1526;O1-Br3:0.1526;O1-Br4:-0.1526;O1-Br5:-0.1526,O1-Br2:0.3531;O1-Br3:0.3531;O1-Br4:-0.1983;O1-Br5:-0.1983,True,S,,0.0,0.0,-0.4084216889172694,0.0,0.0,0.0,,17.0927,2.3475,A1,0.99124,mu
OBr4,8,internal,482.8304,stretch,no,0.4442155861609984,0.2542156573073117,O1-Br2:-0.2221;O1-Br3:0.2221;O1-Br4:0.0000;O1-Br5:0.0000,O1-Br2:-0.3593;O1-Br3:0.4460;O1-Br4:0.1058;O1-Br5:0.1058,True,S,,0.0,-0.553086680196453,0.0,0.1496350804521865,0.0,0.0,,17.0926,2.3477,B2,0.99124,mu
OBr4,9,internal,482.8417,stretch,no,0.4442224666701727,0.2542184158867614,O1-Br2:0.0000;O1-Br3:0.0000;O1-Br4:-0.2221;O1-Br5:0.2221,O1-Br2:0.1058;O1-Br3:0.1058;O1-Br4:-0.3593;O1-Br5:0.4460,True,S,,-0.553086680196453,0.0,0.0,0.0,0.5496405224668187,0.0,,17.0926,2.3478,B1,0.99124,mu
SH4,Tx,external,0.0,translation,,0.0,,,,True,Tx,,1.0,0.0,0.0,0.0,-0.256488338220757,0.0,,,,,,mu
SH4,Ty,external,0.0,translation,,0.0,,,,True,Ty,,0.0,1.0,0.0,0.2565018570679077,0.0,0.0,,,,,,mu
SH4,Tz,external,0.0,translation,,0.0,,,,True,Tz,,0.0,0.0,1.0,0.0,0.0,0.0,,,,,,mu
SH4,Rx,external,0.0,rotation,,2.6381219416168585e-17,,,,True,Rx,,0.0,0.2565018570679078,0.0,0.9999999999999998,0.0,0.0,,,,,,mu
SH4,Ry,external,0.0,rotation,,0.0,,,,True,Ry,,-0.256488338220757,0.0,0.0,0.0,1.0,0.0,,,,,,mu
SH4,Rz,external,0.0,rotation,,0.0,,,,True,Rz,,0.0,0.0,0.0,0.0,0.0,1.0,,,,,,mu
SH4,1,internal,453.8004,bend,no,0.0752068526197225,0.0438838593731521,S1-H2:-0.0188;S1-H3:-0.0188;S1-H4:-0.0188;S1-H5:-0.0188,S1-H2:0.0439;S1-H3:0.0439;S1-H4:0.0439;S1-H5:0.0439,True,B,,0.0,0.0,0.5964308431852631,0.0,0.0,0.0,,1.1293,0.137,A1,0.06264,mu
SH4,2,internal,843.6365,bend,no,0.2834575600415163,0.0920844939491915,S1-H2:0.0709;S1-H3:0.0709;S1-H4:-0.0709;S1-H5:-0.0709,S1-H2:0.1449;S1-H3:0.1449;S1-H4:-0.0392;S1-H5:-0.0392,True,B,,0.0,0.0,-0.1999880593057133,0.0,0.0,0.0,,1.0078,0.4226,A1,1e-05,mu
SH4,3,internal,1408.1992,bend,no,0.2816153235840279,0.1895850181967198,S1-H2:0.0000;S1-H3:0.0000;S1-H4:-0.1408;S1-H5:0.1408,S1-H2:0.0979;S1-H3:0.0979;S1-H4:-0.2794;S1-H5:0.2832,True,B,,0.0,0.5646792890420643,0.0,0.4888162731711016,0.0,0.0,,1.116,1.3039,B1,0.0591,mu
SH4,4,internal,1408.2054,bend,no,0.2816227141296828,0.1895872721258737,S1-H2:0.1408;S1-H3:-0.1408;S1-H4:0.0000;S1-H5:0.0000,S1-H2:0.2832;S1-H3:-0.2794;S1-H4:0.0979;S1-H5:0.0979,True,B,,0.5646811317062544,0.0,0.0,0.0,-0.4888074638046937,0.0,,1.116,1.3039,B2,0.0591,mu
SH4,5,internal,1584.8244,stretch,no,0.9589822249372618,0.3262533095396718,S1-H2:0.2397;S1-H3:0.2397;S1-H4:-0.2398;S1-H5:-0.2398,S1-H2:0.3315;S1-H3:0.3315;S1-H4:-0.3210;S1-H5:-0.3210,True,S,,0.0,0.0,1.9522037427743837e-05,0.0,0.0,0.0,,1.0078,1.4914,A1,0.0,mu
SH4,6,internal,1634.9421,stretch,no,0.7524438504966784,0.2248574755113574,S1-H2:0.3762;S1-H3:-0.3762;S1-H4:0.0000;S1-H5:0.0000,S1-H2:0.4222;S1-H3:-0.4201;S1-H4:0.0285;S1-H5:0.0285,True,S,,-0.2007903128997916,0.0,0.0,0.0,0.168503563979158,0.0,,1.0147,1.5981,B2,0.01491,mu
SH4,7,internal,1634.95,stretch,no,0.7524459960233435,0.2248585971915506,S1-H2:0.0000;S1-H3:0.0000;S1-H4:-0.3762;S1-H5:0.3762,S1-H2:0.0285;S1-H3:0.0285;S1-H4:-0.4201;S1-H5:0.4222,True,S,,0.0,-0.2007915582074219,0.0,-0.1685097014779183,0.0,0.0,,1.0147,1.5981,B1,0.01491,mu
SH4,8,internal,1759.4498,bend,no,0.0,0.0568626030409103,S1-H2:0.0000;S1-H3:0.0000;S1-H4:0.0000;S1-H5:0.0000,S1-H2:0.0569;S1-H3:0.0569;S1-H4:0.0569;S1-H5:0.0569,True,B,,0.0,0.0,0.0,0.0,0.0,0.0,,1.0078,1.8382,A2,0.0,mu
SH4,9,internal,1976.6191,stretch,no,0.9979048523115304,0.3417778156065383,S1-H2:0.2495;S1-H3:0.2495;S1-H4:0.2495;S1-H5:0.2495,S1-H2:0.3418;S1-H3:0.3418;S1-H4:0.3418;S1-H5:0.3418,True,S,,0.0,0.0,0.1329035516457399,0.0,0.0,0.0,,1.0087,2.322,A1,0.00529,mu
SF4,Tx,external,0.0,translation,,0.0,,,,True,Tx,,1.0,0.0,0.0,0.0,-0.1583070603058089,0.0,,,,,,mu
SF4,Ty,external,0.0,translation,,0.0,,,,True,Ty,,0.0,1.0,0.0,-0.4502476674763177,0.0,0.0,,,,,,mu
SF4,Tz,external,0.0,translation,,0.0,,,,True,Tz,,0.0,0.0,1.0,0.0,0.0,0.0,,,,,,mu
SF4,Rx,external,0.0,rotation,,0.0,,,,True,Rx,,0.0,-0.4502476674763178,0.0,1.0,0.0,0.0,,,,,,mu
SF4,Ry,external,0.0,rotation,,1.827381941144573e-17,,,,True,Ry,,-0.1583070603058089,0.0,0.0,0.0,1.0,0.0,,,,,,mu
SF4,Rz,external,0.0,rotation,,0.0,,,,True,Rz,,0.0,0.0,0.0,0.0,0.0,1.0,,,,,,mu
SF4,1,internal,132.1438,bend,no,0.0560235802779603,0.0371769170124596,S1-F2:-0.0203;S1-F3:-0.0203;S1-F4:0.0077;S1-F5:0.0077,S1-F2:0.0315;S1-F3:0.0315;S1-F4:0.0429;S1-F5:0.0429,True,B,,0.0,0.0,-0.1162156055956072,0.0,0.0,0.0,,18.9989,0.1955,A1,0.00636,mu
SF4,2,internal,321.258,bend,no,0.0005838157279288,0.0713748553715974,S1-F2:-0.0003;S1-F3:0.0003;S1-F4:0.0000;S1-F5:0.0000,S1-F2:-0.0001;S1-F3:0.0052;S1-F4:0.1401;S1-F5:0.1401,True,B,,0.0,-0.1786559592937657,0.0,-0.2222197594412499,0.0,0.0,,20.6275,1.2543,B2,0.35436,mu
SF4,3,internal,403.769,bend,no,0.0,0.0430858235345496,S1-F2:0.0000;S1-F3:0.0000;S1-F4:0.0000;S1-F5:0.0000,S1-F2:0.0541;S1-F3:0.0541;S1-F4:0.0321;S1-F5:0.0321,True,B,,0.0,0.0,0.0,0.0,0.0,0.0,,18.9984,1.8249,A2,0.0,mu
SF4,4,internal,451.5148,bend,no,0.0493762952409032,0.0788683940815522,S1-F2:0.0000;S1-F3:0.0000;S1-F4:-0.0247;S1-F5:0.0247,S1-F2:0.0957;S1-F3:0.0957;S1-F4:-0.0495;S1-F5:0.0746,True,B,,-0.1262998110818697,0.0,0.0,0.0,-0.403909105591033,0.0,,19.5726,2.3509,B1,0.21038,mu
SF4,5,internal,456.2678,bend,no,0.1317452387181249,0.0352027928117769,S1-F2:-0.0381;S1-F3:-0.0381;S1-F4:-0.0278;S1-F5:-0.0278,S1-F2:0.0018;S1-F3:0.0018;S1-F4:0.0686;S1-F5:0.0686,True,B,,0.0,0.0,-0.1594370123825805,0.0,0.0,0.0,,21.5071,2.638,A1,0.43974,mu
SF4,6,internal,585.9588,stretch,no,0.9989170626755266,0.2615824058127679,S1-F2:-0.0488;S1-F3:-0.0488;S1-F4:0.4507;S1-F5:0.4507,S1-F2:-0.1327;S1-F3:-0.1327;S1-F4:0.3905;S1-F5:0.3905,True,S,,0.0,0.0,-0.0322394048517933,0.0,0.0,0.0,,18.9985,3.8433,A1,0.00273,mu
SF4,7,internal,814.1865,stretch,no,0.7333490570066692,0.3805597344030473,S1-F2:0.3082;S1-F3:0.3082;S1-F4:0.0585;S1-F5:0.0585,S1-F2:0.5585;S1-F3:0.5585;S1-F4:0.2027;S1-F5:0.2027,True,S,,0.0,0.0,-0.2316904410681581,0.0,0.0,0.0,,22.8604,8.9286,A1,0.5456,mu
SF4,8,internal,847.4055,stretch,no,0.7204038001313368,0.3909322936894219,S1-F2:0.0000;S1-F3:0.0000;S1-F4:-0.3602;S1-F5:0.3602,S1-F2:0.0938;S1-F3:0.0938;S1-F4:-0.6868;S1-F5:0.6895,True,S,,-0.5906273667487268,0.0,0.0,0.0,0.4736700184773445,0.0,,24.9085,10.5385,B1,0.67494,mu
SF4,9,internal,867.0002,stretch,no,0.7504041578943376,0.329975773907549,S1-F2:-0.3752;S1-F3:0.3752;S1-F4:0.0000;S1-F5:0.0000,S1-F2:-0.5760;S1-F3:0.6378;S1-F4:0.0531;S1-F5:0.0531,True,S,,0.0,-0.5236144175759849,0.0,0.2968506764144789,0.0,0.0,,23.1328,10.2451,B2,0.56451,mu
SCl4,Tx,external,0.0,translation,,0.0,,,,True,Tx,,1.0,0.0,0.0,0.0,-0.0985943358463992,0.0,,,,,,mu
SCl4,Ty,external,0.0,translation,,0.0,,,,True,Ty,,0.0,1.0,0.0,-0.4200399758593739,0.0,0.0,,,,,,mu
SCl4,Tz,external,0.0,translation,,0.0,,,,True,Tz,,0.0,0.0,1.0,0.0,0.0,0.0,,,,,,mu
SCl4,Rx,external,0.0,rotation,,7.19464428452141e-17,,,,True,Rx,,0.0,-0.4200399758593739,0.0,1.0,0.0,0.0,,,,,,mu
SCl4,Ry,external,0.0,rotation,,7.208722150284467e-18,,,,True,Ry,,-0.0985943358463992,0.0,0.0,0.0,1.0,0.0,,,,,,mu
SCl4,Rz,external,0.0,rotation,,0.0,,,,True,Rz,,0.0,0.0,0.0,0.0,0.0,1.0,,,,,,mu
SCl4,1,internal,106.1757,bend,no,0.0184438582247521,0.031525702990134,S1-Cl2:0.0074;S1-Cl3:0.0018;S1-Cl4:0.0018;S1-Cl5:0.0074,S1-Cl2:0.0454;S1-Cl3:0.0176;S1-Cl4:0.0176;S1-Cl5:0.0454,True,B,,0.0,0.0,-0.1593460722648405,0.0,0.0,0.0,,34.8985,0.2318,A1,0.15323,mu
SCl4,2,internal,158.6912,bend,no,0.0160476323604672,0.0520322139046536,S1-Cl2:0.0000;S1-Cl3:-0.0080;S1-Cl4:0.0080;S1-Cl5:0.0000,S1-Cl2:0.0799;S1-Cl3:-0.0128;S1-Cl4:0.0355;S1-Cl5:0.0799,True,B,,0.0,-0.091408923258544,0.0,-0.0863933846564533,0.0,0.0,,34.3817,0.5101,B1,0.44263,mu
SCl4,3,internal,195.1435,bend,no,0.0,0.0274767137336558,S1-Cl2:0.0000;S1-Cl3:0.0000;S1-Cl4:0.0000;S1-Cl5:0.0000,S1-Cl2:0.0155;S1-Cl3:0.0395;S1-Cl4:0.0395;S1-Cl5:0.0155,True,B,,0.0,0.0,0.0,0.0,0.0,0.0,,34.9689,0.7846,A2,0.0,mu
SCl4,4,internal,232.8573,bend,no,0.0974504560695736,0.0685815861055116,S1-Cl2:-0.0487;S1-Cl3:0.0000;S1-Cl4:0.0000;S1-Cl5:0.0487,S1-Cl2:-0.0703;S1-Cl3:0.0592;S1-Cl4:0.0592;S1-Cl5:0.0856,True,B,,-0.1183148231309741,0.0,0.0,0.0,-0.4463799633957553,0.0,,34.8183,1.1123,B2,0.22415,mu
SCl4,5,internal,237.7936,bend,no,0.3107494250466138,0.1019326651279459,S1-Cl2:-0.1010;S1-Cl3:0.0544;S1-Cl4:0.0544;S1-Cl5:-0.1010,S1-Cl2:-0.0828;S1-Cl3:0.1210;S1-Cl4:0.1210;S1-Cl5:-0.0828,True,B,,0.0,0.0,0.0051522773327662,0.0,0.0,0.0,,34.445,1.1476,A1,0.4181,mu
SCl4,6,internal,256.6992,stretch,no,0.687705552218087,0.1480736189864538,S1-Cl2:0.3343;S1-Cl3:-0.0096;S1-Cl4:-0.0096;S1-Cl5:0.3343,S1-Cl2:0.2934;S1-Cl3:0.0027;S1-Cl4:0.0027;S1-Cl5:0.2934,True,S,,0.0,0.0,-0.0773337798807742,0.0,0.0,0.0,,34.6829,1.3465,A1,0.30888,mu
SCl4,7,internal,425.5208,stretch,no,0.6188475526767543,0.3134242556025893,S1-Cl2:-0.3094;S1-Cl3:0.0000;S1-Cl4:0.0000;S1-Cl5:0.3094,S1-Cl2:-0.5237;S1-Cl3:0.1020;S1-Cl4:0.1020;S1-Cl5:0.5259,True,S,,-0.5994666458859845,0.0,0.0,0.0,0.4787547041017402,0.0,,32.664,3.4847,B2,0.87698,mu
SCl4,8,internal,505.9736,stretch,no,0.5651948632232087,0.2752578375117424,S1-Cl2:0.0046;S1-Cl3:0.2779;S1-Cl4:0.2779;S1-Cl5:0.0046,S1-Cl2:0.0652;S1-Cl3:0.4853;S1-Cl4:0.4853;S1-Cl5:0.0652,True,S,,0.0,0.0,-0.2088298108951608,0.0,0.0,0.0,,33.2776,5.0195,A1,0.75125,mu
SCl4,9,internal,511.336,stretch,no,0.6075761745956372,0.2789322181215037,S1-Cl2:0.0000;S1-Cl3:-0.3038;S1-Cl4:0.3038;S1-Cl5:0.0000,S1-Cl2:0.0611;S1-Cl3:-0.4589;S1-Cl4:0.5346;S1-Cl5:0.0611,True,S,,0.0,-0.5148624032215287,0.0,0.2786673588343004,0.0,0.0,,33.0899,5.0975,B1,0.79183,mu
SBr4,Tx,external,0.0,translation,,0.0,,,,True,Tx,,1.0,0.0,0.0,0.0,-0.0788608448255683,0.0,,,,,,mu
SBr4,Ty,external,0.0,translation,,0.0,,,,True,Ty,,0.0,1.0,0.0,-0.4171637791134266,0.0,0.0,,,,,,mu
SBr4,Tz,external,0.0,translation,,0.0,,,,True,Tz,,0.0,0.0,1.0,0.0,0.0,0.0,,,,,,mu
SBr4,Rx,external,0.0,rotation,,6.702111048557539e-17,,,,True,Rx,,0.0,-0.4171637791134266,0.0,1.0,0.0,0.0,,,,,,mu
SBr4,Ry,external,0.0,rotation,,1.3308791772213659e-17,,,,True,Ry,,-0.0788608448255683,0.0,0.0,0.0,1.0,0.0,,,,,,mu
SBr4,Rz,external,0.0,rotation,,0.0,,,,True,Rz,,0.0,0.0,0.0,0.0,0.0,1.0,,,,,,mu
SBr4,1,internal,54.2598,bend,no,0.0331236831454022,0.0275369664857653,S1-Br2:-0.0107;S1-Br3:0.0059;S1-Br4:-0.0107;S1-Br5:0.0059,S1-Br2:0.0359;S1-Br3:0.0192;S1-Br4:0.0359;S1-Br5:0.0192,True,B,,0.0,0.0,-0.1941667921794078,0.0,0.0,0.0,,76.2191,0.1322,A1,0.23978,mu
SBr4,2,internal,85.9544,bend,no,0.028832270900402,0.0476965295246,S1-Br2:0.0000;S1-Br3:-0.0144;S1-Br4:0.0000;S1-Br5:0.0144,S1-Br2:0.0622;S1-Br3:-0.0201;S1-Br4:0.0622;S1-Br5:0.0463,True,B,,0.0,-0.0791745498537742,0.0,-0.0728212730963043,0.0,0.0,,67.9221,0.2957,B1,0.48397,mu
SBr4,3,internal,99.2515,bend,no,0.0,0.0233083189995419,S1-Br2:0.0000;S1-Br3:0.0000;S1-Br4:0.0000;S1-Br5:0.0000,S1-Br2:0.0128;S1-Br3:0.0338;S1-Br4:0.0128;S1-Br5:0.0338,True,B,,0.0,0.0,0.0,0.0,0.0,0.0,,78.9183,0.458,A2,0.0,mu
SBr4,4,internal,125.213,bend,no,0.0659390871883735,0.055309415589295,S1-Br2:-0.0330;S1-Br3:0.0000;S1-Br4:0.0330;S1-Br5:0.0000,S1-Br2:-0.0481;S1-Br3:0.0560;S1-Br4:0.0610;S1-Br5:0.0560,True,B,,-0.1188435369629768,0.0,0.0,0.0,-0.4663695444243728,0.0,,74.8389,0.6913,B2,0.29478,mu
SBr4,5,internal,135.0735,bend,no,0.4070583661561335,0.1143020103998128,S1-Br2:-0.1501;S1-Br3:0.0534;S1-Br4:-0.1501;S1-Br5:0.0534,S1-Br2:-0.1342;S1-Br3:0.0944;S1-Br4:-0.1342;S1-Br5:0.0944,True,B,,0.0,0.0,-0.1360762948621154,0.0,0.0,0.0,,72.5537,0.7799,A1,0.3682,mu
SBr4,6,internal,152.8771,stretch,no,0.5464137521042443,0.1481070523154907,S1-Br2:0.2516;S1-Br3:0.0216;S1-Br4:0.2516;S1-Br5:0.0216,S1-Br2:0.2386;S1-Br3:0.0576;S1-Br4:0.2386;S1-Br5:0.0576,True,S,,0.0,0.0,-0.1468211096931034,0.0,0.0,0.0,,70.8676,0.9759,A1,0.41411,mu
SBr4,7,internal,360.3713,stretch,no,0.5635696438878419,0.2729515321140149,S1-Br2:-0.2818;S1-Br3:0.0000;S1-Br4:0.2818;S1-Br5:0.0000,S1-Br2:-0.4477;S1-Br3:0.0965;S1-Br4:0.4512;S1-Br5:0.0965,True,S,,-0.5996880119175719,0.0,0.0,0.0,0.4940089142855163,0.0,,34.7703,2.6605,B2,0.96974,mu
SBr4,8,internal,392.2318,stretch,no,0.4717309654769896,0.2233966821500604,S1-Br2:-0.0223;S1-Br3:0.2135;S1-Br4:-0.0223;S1-Br5:0.2135,S1-Br2:0.0310;S1-Br3:0.4158;S1-Br4:0.0310;S1-Br5:0.4158,True,S,,0.0,0.0,-0.3812180121221087,0.0,0.0,0.0,,37.6416,3.412,A1,0.93767,mu
SBr4,9,internal,411.14,stretch,no,0.492910581701985,0.2446960242135117,S1-Br2:0.0000;S1-Br3:-0.2465;S1-Br4:0.0000;S1-Br5:0.2465,S1-Br2:0.0713;S1-Br3:-0.3756;S1-Br4:0.0713;S1-Br5:0.4607,True,S,,0.0,-0.5159226085986187,0.0,0.2738072598789394,0.0,0.0,,36.6081,3.6459,B1,0.94934,mu
SeH4,Tx,external,0.0,translation,,0.0,,,,True,Tx,,1.0,0.0,0.0,0.0,-0.3114755598543897,0.0,,,,,,mu
SeH4,Ty,external,0.0,translation,,0.0,,,,True,Ty,,0.0,1.0,0.0,0.3115644737965435,0.0,0.0,,,,,,mu
SeH4,Tz,external,0.0,translation,,0.0,,,,True,Tz,,0.0,0.0,1.0,0.0,0.0,0.0,,,,,,mu
SeH4,Rx,external,0.0,rotation,,0.0,,,,True,Rx,,0.0,0.3115644737965435,0.0,1.0,0.0,0.0,,,,,,mu
SeH4,Ry,external,0.0,rotation,,4.742733992930973e-17,,,,True,Ry,,-0.3114755598543897,0.0,0.0,0.0,1.0,0.0,,,,,,mu
SeH4,Rz,external,0.0,rotation,,0.0,,,,True,Rz,,0.0,0.0,0.0,0.0,0.0,1.0,,,,,,mu
SeH4,1,internal,449.2043,bend,no,0.3250753182599821,0.0987245943181858,Se1-H2:-0.0813;Se1-H3:0.0813;Se1-H4:0.0813;Se1-H5:-0.0813,Se1-H2:-0.0544;Se1-H3:0.1431;Se1-H4:0.1431;Se1-H5:-0.0544,True,B,,0.0,0.0,-0.1999450805197695,0.0,0.0,0.0,,1.0078,0.1198,A1,1e-05,mu
SeH4,2,internal,849.5105,bend,no,0.1047693621329219,0.0201938963623794,Se1-H2:-0.0262;Se1-H3:-0.0262;Se1-H4:-0.0262;Se1-H5:-0.0262,Se1-H2:0.0203;Se1-H3:0.0201;Se1-H4:0.0201;Se1-H5:0.0203,True,B,,0.0,0.0,0.5839588421377689,0.0,0.0,0.0,,1.056,0.449,A1,0.02471,mu
SeH4,3,internal,1306.7778,bend,no,0.122549997593355,0.1139120483792492,Se1-H2:0.0000;Se1-H3:-0.0613;Se1-H4:0.0613;Se1-H5:0.0000,Se1-H2:0.0863;Se1-H3:-0.1346;Se1-H4:0.1484;Se1-H5:0.0863,True,B,,0.0,0.4022613644319414,0.0,0.3250126997425505,0.0,0.0,,1.0392,1.0456,B1,0.01994,mu
SeH4,4,internal,1306.8529,bend,no,0.1225965042738756,0.1139126544035905,Se1-H2:0.0613;Se1-H3:0.0000;Se1-H4:0.0000;Se1-H5:-0.0613,Se1-H2:0.1484;Se1-H3:0.0863;Se1-H4:0.0863;Se1-H5:-0.1346,True,B,,0.4022309093982356,0.0,0.0,0.0,-0.3249198421572717,0.0,,1.0392,1.0457,B2,0.01994,mu
SeH4,5,internal,1548.5738,bend,no,0.0,0.0490518701824383,Se1-H2:0.0000;Se1-H3:0.0000;Se1-H4:0.0000;Se1-H5:0.0000,Se1-H2:0.0490;Se1-H3:0.0491;Se1-H4:0.0491;Se1-H5:0.0490,True,B,,0.0,0.0,0.0,0.0,0.0,0.0,,1.0078,1.424,A2,0.0,mu
SeH4,6,internal,1583.3993,stretch,no,0.9456899843440204,0.2980834296544651,Se1-H2:0.2364;Se1-H3:-0.2365;Se1-H4:-0.2365;Se1-H5:0.2364,Se1-H2:0.3039;Se1-H3:-0.2923;Se1-H4:-0.2923;Se1-H5:0.3039,True,S,,0.0,0.0,5.912885388577039e-05,0.0,0.0,0.0,,1.0078,1.4887,A1,0.0,mu
SeH4,7,internal,1603.1603,stretch,no,0.9193560710860542,0.2204026915887199,Se1-H2:0.4597;Se1-H3:-0.0000;Se1-H4:0.0000;Se1-H5:-0.4597,Se1-H2:0.4340;Se1-H3:0.0078;Se1-H4:0.0078;Se1-H5:-0.4320,True,S,,-0.2084182307017317,1.9127773505291717e-05,0.0,5.334949965043341e-06,0.1692679814030402,0.0,,1.0181,1.5417,B2,0.0114,mu
SeH4,8,internal,1603.263,stretch,no,0.9193548962836212,0.2204077950068073,Se1-H2:-0.0000;Se1-H3:-0.4597;Se1-H4:0.4597;Se1-H5:0.0000,Se1-H2:0.0078;Se1-H3:-0.4320;Se1-H4:0.4340;Se1-H5:0.0078,True,S,,-1.9126858869731943e-05,-0.2084428983095796,0.0,-0.1692960984690791,5.330443251898168e-06,0.0,,1.0181,1.5419,B1,0.0114,mu
SeH4,9,internal,1867.4209,stretch,no,0.9954367965503502,0.3165216046456628,Se1-H2:0.2489;Se1-H3:0.2488;Se1-H4:0.2488;Se1-H5:0.2489,Se1-H2:0.3165;Se1-H3:0.3165;Se1-H4:0.3165;Se1-H5:0.3165,True,S,,0.0,0.0,0.0479670500998567,0.0,0.0,0.0,,1.0096,2.0744,A1,0.00479,mu
SeF4,Tx,external,0.0,translation,,0.0,,,,True,Tx,,1.0,0.0,0.0,0.0,-0.1686213509765692,0.0,,,,,,mu
SeF4,Ty,external,0.0,translation,,0.0,,,,True,Ty,,0.0,1.0,0.0,-0.3953360475668795,0.0,0.0,,,,,,mu
SeF4,Tz,external,0.0,translation,,0.0,,,,True,Tz,,0.0,0.0,1.0,0.0,0.0,0.0,,,,,,mu
SeF4,Rx,external,0.0,rotation,,8.19138219877749e-17,,,,True,Rx,,0.0,-0.3953360475668795,0.0,1.0,0.0,0.0,,,,,,mu
SeF4,Ry,external,0.0,rotation,,8.696482113185488e-18,,,,True,Ry,,-0.1686213509765692,0.0,0.0,0.0,1.0,0.0,,,,,,mu
SeF4,Rz,external,0.0,rotation,,0.0,,,,True,Rz,,0.0,0.0,0.0,0.0,0.0,1.0,,,,,,mu
SeF4,1,internal,159.466,bend,no,0.0431588030536358,0.0412821701029487,Se1-F2:0.0123;Se1-F3:-0.0093;Se1-F4:0.0123;Se1-F5:-0.0093,Se1-F2:0.0504;Se1-F3:0.0322;Se1-F4:0.0504;Se1-F5:0.0322,True,B,,0.0,0.0,-0.1118709805077541,0.0,0.0,0.0,,19.044,0.2853,A1,0.02737,mu
SeF4,2,internal,233.6002,bend,no,6.640583154319068e-05,0.0583944259306826,Se1-F2:0.0000;Se1-F3:0.0000;Se1-F4:0.0000;Se1-F5:-0.0000,Se1-F2:0.1157;Se1-F3:0.0015;Se1-F4:0.1157;Se1-F5:0.0007,True,B,,0.0,-0.1774172745610031,0.0,-0.279267015818424,0.0,0.0,,22.2279,0.7147,B1,0.23025,mu
SeF4,3,internal,347.1984,bend,no,0.0,0.0399087859205614,Se1-F2:0.0000;Se1-F3:0.0000;Se1-F4:0.0000;Se1-F5:0.0000,Se1-F2:0.0268;Se1-F3:0.0530;Se1-F4:0.0268;Se1-F5:0.0530,True,B,,0.0,0.0,0.0,0.0,0.0,0.0,,18.9984,1.3493,A2,0.0,mu
SeF4,4,internal,348.1976,bend,no,0.0679029665183949,0.0529886440466824,Se1-F2:-0.0222;Se1-F3:-0.0117;Se1-F4:-0.0222;Se1-F5:-0.0117,Se1-F2:0.0527;Se1-F3:0.0533;Se1-F4:0.0527;Se1-F5:0.0533,True,B,,0.0,0.0,-0.3383357479272664,0.0,0.0,0.0,,24.5019,1.7503,A1,0.30057,mu
SeF4,5,internal,381.7897,bend,no,0.0140359349453727,0.0523401178866014,Se1-F2:-0.0070;Se1-F3:0.0000;Se1-F4:0.0070;Se1-F5:0.0000,Se1-F2:0.0020;Se1-F3:0.0877;Se1-F4:0.0320;Se1-F5:0.0877,True,B,,-0.0250183842495737,0.0,0.0,0.0,-0.2879646594559746,0.0,,20.6642,1.7747,B2,0.16536,mu
SeF4,6,internal,579.7519,stretch,no,0.9991217837063388,0.251485841871255,Se1-F2:0.4485;Se1-F3:-0.0511;Se1-F4:0.4485;Se1-F5:-0.0511,Se1-F2:0.3718;Se1-F3:-0.1312;Se1-F4:0.3718;Se1-F5:-0.1312,True,S,,0.0,0.0,-0.0085199624663863,0.0,0.0,0.0,,19.0123,3.765,A1,0.0151,mu
SeF4,7,internal,643.5419,stretch,no,0.8921862121216989,0.2848915023544053,Se1-F2:-0.4461;Se1-F3:0.0000;Se1-F4:0.4461;Se1-F5:0.0000,Se1-F2:-0.5499;Se1-F3:0.0198;Se1-F4:0.5501;Se1-F5:0.0198,True,S,,-0.5974659178498726,0.0,-3.341389917504989e-07,0.0,0.5240048744531317,0.0,,25.4356,6.2065,B2,0.32507,mu
SeF4,8,internal,721.8579,stretch,no,0.9122483504329112,0.2577280599942854,Se1-F2:0.0000;Se1-F3:0.4561;Se1-F4:0.0000;Se1-F5:-0.4561,Se1-F2:0.0095;Se1-F3:0.5117;Se1-F4:0.0095;Se1-F5:-0.5002,True,S,,0.0,-0.2923100665363372,0.0,0.5378316081692023,0.0,0.0,,22.8103,7.003,B1,0.25015,mu
SeF4,9,internal,737.4144,stretch,no,0.9272357197765396,0.3048598329082956,Se1-F2:0.0522;Se1-F3:0.4115;Se1-F4:0.0522;Se1-F5:0.4115,Se1-F2:0.1420;Se1-F3:0.4677;Se1-F4:0.1420;Se1-F5:0.4677,True,S,,0.0,0.0,-0.1437883308980107,0.0,0.0,0.0,,22.1893,7.1092,A1,0.22887,mu
SeCl4,Tx,external,0.0,translation,,0.0,,,,True,Tx,,1.0,0.0,0.0,0.0,-0.2467847181303268,0.0,,,,,,mu
SeCl4,Ty,external,0.0,translation,,0.0,,,,True,Ty,,0.0,1.0,0.0,0.2468130999328777,0.0,0.0,,,,,,mu
SeCl4,Tz,external,0.0,translation,,0.0,,,,True,Tz,,0.0,0.0,1.0,0.0,0.0,0.0,,,,,,mu
SeCl4,Rx,external,0.0,rotation,,0.0,,,,True,Rx,,0.0,0.2468130999328777,0.0,1.0,0.0,0.0,,,,,,mu
SeCl4,Ry,external,0.0,rotation,,0.0,,,,True,Ry,,-0.2467847181303268,0.0,0.0,0.0,1.0,0.0,,,,,,mu
SeCl4,Rz,external,0.0,rotation,,0.0,,,,True,Rz,,0.0,0.0,0.0,0.0,0.0,1.0,,,,,,mu
SeCl4,1,internal,36.1126,bend,no,0.0675233164258489,0.0229894632195811,Se1-Cl2:-0.0169;Se1-Cl3:0.0169;Se1-Cl4:-0.0169;Se1-Cl5:0.0169,Se1-Cl2:0.0087;Se1-Cl3:0.0373;Se1-Cl4:0.0087;Se1-Cl5:0.0373,True,B,,0.0,0.0,-0.2000149067963116,0.0,0.0,0.0,,34.9689,0.0269,A1,7e-05,mu
SeCl4,2,internal,198.5949,bend,no,0.0191764621783045,0.0820775199968666,Se1-Cl2:0.0048;Se1-Cl3:0.0048;Se1-Cl4:0.0048;Se1-Cl5:0.0048,Se1-Cl2:0.0821;Se1-Cl3:0.0821;Se1-Cl4:0.0821;Se1-Cl5:0.0821,True,B,,0.0,0.0,-0.4102147125858565,0.0,0.0,0.0,,48.8236,1.1345,A1,0.5552,mu
SeCl4,3,internal,217.4578,bend,no,0.0014486392407426,0.0370467506176818,Se1-Cl2:0.0000;Se1-Cl3:0.0007;Se1-Cl4:0.0000;Se1-Cl5:-0.0007,Se1-Cl2:0.0694;Se1-Cl3:0.0057;Se1-Cl4:0.0694;Se1-Cl5:-0.0036,True,B,,0.0,-0.1778111882709416,0.0,0.4253141070403912,0.0,0.0,,38.292,1.0669,B1,0.27191,mu
SeCl4,4,internal,217.4652,bend,no,0.0014485201889135,0.0370478348166181,Se1-Cl2:0.0007;Se1-Cl3:0.0000;Se1-Cl4:-0.0007;Se1-Cl5:0.0000,Se1-Cl2:0.0057;Se1-Cl3:0.0694;Se1-Cl4:-0.0036;Se1-Cl5:0.0694,True,B,,-0.1777952544501046,0.0,0.0,0.0,-0.4252961796261436,0.0,,38.2919,1.0669,B2,0.2719,mu
SeCl4,5,internal,236.0096,bend,no,0.0,0.023094459358672,Se1-Cl2:0.0000;Se1-Cl3:0.0000;Se1-Cl4:0.0000;Se1-Cl5:0.0000,Se1-Cl2:0.0231;Se1-Cl3:0.0231;Se1-Cl4:0.0231;Se1-Cl5:0.0231,True,B,,0.0,0.0,0.0,0.0,0.0,0.0,,34.9689,1.1476,A2,0.0,mu
SeCl4,6,internal,334.7217,stretch,no,0.9977182839324344,0.2156361431641318,Se1-Cl2:0.2499;Se1-Cl3:-0.2489;Se1-Cl4:0.2499;Se1-Cl5:-0.2489,Se1-Cl2:0.2160;Se1-Cl3:-0.2153;Se1-Cl4:0.2160;Se1-Cl5:-0.2153,True,S,,0.0,0.0,0.200116441197295,0.0,0.0,0.0,,34.9689,2.3083,A1,0.00017,mu
SeCl4,7,internal,388.0959,stretch,no,0.9267918805856632,0.2469288698863196,Se1-Cl2:0.2313;Se1-Cl3:0.2321;Se1-Cl4:0.2313;Se1-Cl5:0.2321,Se1-Cl2:0.2467;Se1-Cl3:0.2472;Se1-Cl4:0.2467;Se1-Cl5:0.2472,True,S,,0.0,0.0,-0.0356691303959697,0.0,0.0,0.0,,37.7699,3.3518,A1,0.24963,mu
SeCl4,8,internal,426.6637,stretch,no,0.8227652631276953,0.2458991595286173,Se1-Cl2:-0.4114;Se1-Cl3:0.0000;Se1-Cl4:0.4114;Se1-Cl5:0.0000,Se1-Cl2:-0.4661;Se1-Cl3:0.0227;Se1-Cl4:0.4722;Se1-Cl5:0.0227,True,S,,0.2196129233692127,0.0,0.0,0.0,-0.2783762027196698,0.0,,46.315,4.9676,B2,0.50242,mu
SeCl4,9,internal,426.7778,stretch,no,0.8227639911035166,0.2459072115836022,Se1-Cl2:0.0000;Se1-Cl3:-0.4114;Se1-Cl4:0.0000;Se1-Cl5:0.4114,Se1-Cl2:0.0227;Se1-Cl3:-0.4661;Se1-Cl4:0.0227;Se1-Cl5:0.4722,True,S,,0.0,0.2196231728678032,0.0,0.2783806708732016,0.0,0.0,,46.3146,4.9702,B1,0.50241,mu
C6H6,Tx,external,0.0,translation,,0.0,,,,True,Tx,,1.0,0.0,0.0,0.0,0.0,0.0,,,,,,mu
C6H6,Ty,external,0.0,translation,,0.0,,,,True,Ty,,0.0,1.0,0.0,0.0,0.0,0.0,,,,,,mu
C6H6,Tz,external,0.0,translation,,0.0,,,,True,Tz,,0.0,0.0,1.0,0.0,0.0,0.0,,,,,,mu
C6H6,Rx,external,0.0,rotation,,0.0,,,,True,Rx,,0.0,0.0,0.0,1.0,0.0,0.0,,,,,,mu
C6H6,Ry,external,0.0,rotation,,0.0,,,,True,Ry,,0.0,0.0,0.0,0.0,1.0,0.0,,,,,,mu
C6H6,Rz,external,0.0,rotation,,3.465698159745187e-17,,,,True,Rz,,0.0,0.0,0.0,0.0,0.0,1.0,,,,,,mu
C6H6,1,internal,411.9847,bend,,0.0,0.0192499610668977,C1-C2:0.0000;C1-C6:0.0000;C1-H7:0.0000;C2-C3:0.0000;C2-H8:0.0000;C3-C4:0.0000;C3-H9:0.0000;C4-C5:0.0000;C4-H10:0.0000;C5-C6:0.0000;C5-H11:0.0000;C6-H12:0.0000,C1-C2:0.0376;C1-C6:0.0287;C1-H7:0.0318;C2-C3:0.0006;C2-H8:0.0117;C3-C4:0.0287;C3-H9:0.0051;C4-C5:0.0376;C4-H10:0.0318;C5-C6:0.0006;C5-H11:0.0117;C6-H12:0.0051,True,B,,0.0,0.0,-0.3333333333333333,0.0,0.0,0.0,Shi1972,2.9803,0.298,E2U,,mu
C6H6,2,internal,411.9847,bend,,0.0,0.0192499893137266,C1-C2:0.0000;C1-C6:0.0000;C1-H7:0.0000;C2-C3:0.0000;C2-H8:0.0000;C3-C4:0.0000;C3-H9:0.0000;C4-C5:0.0000;C4-H10:0.0000;C5-C6:0.0000;C5-H11:0.0000;C6-H12:0.0000,C1-C2:0.0070;C1-C6:0.0161;C1-H7:0.0005;C2-C3:0.0437;C2-H8:0.0208;C3-C4:0.0161;C3-H9:0.0273;C4-C5:0.0070;C4-H10:0.0005;C5-C6:0.0437;C5-H11:0.0208;C6-H12:0.0273,True,B,,0.0,0.0,-0.3333333333333333,0.0,0.0,0.0,Shi1972,2.9803,0.298,E2U,,mu
C6H6,3,internal,645.8926,bend,,0.0765009423174125,0.0315643330160317,C1-C2:-0.0055;C1-C6:0.0138;C1-H7:0.0000;C2-C3:-0.0189;C2-H8:-0.0000;C3-C4:0.0138;C3-H9:0.0000;C4-C5:-0.0055;C4-H10:0.0000;C5-C6:-0.0189;C5-H11:-0.0000;C6-H12:0.0000,C1-C2:0.0463;C1-C6:0.0465;C1-H7:0.0223;C2-C3:-0.0118;C2-H8:0.0074;C3-C4:0.0465;C3-H9:0.0551;C4-C5:0.0463;C4-H10:0.0223;C5-C6:-0.0118;C5-H11:0.0074;C6-H12:0.0551,True,B,,-9.251858538542969e-18,1.8503717077085938e-17,0.0,0.0,0.0,-0.0187879361444245,Shi1972,6.221,1.5291,E2G,,mu
C6H6,4,internal,645.8926,bend,,0.0785395260908503,0.0277638888683177,C1-C2:0.0073;C1-C6:-0.0132;C1-H7:0.0000;C2-C3:-0.0187;C2-H8:0.0000;C3-C4:-0.0132;C3-H9:-0.0000;C4-C5:0.0073;C4-H10:0.0000;C5-C6:-0.0187;C5-H11:0.0000;C6-H12:-0.0000,C1-C2:0.0430;C1-C6:0.0311;C1-H7:0.0352;C2-C3:0.0077;C2-H8:0.0488;C3-C4:0.0311;C3-H9:0.0007;C4-C5:0.0430;C4-H10:0.0352;C5-C6:0.0077;C5-H11:0.0488;C6-H12:0.0007,True,B,,9.251858538542969e-18,0.0,0.0,0.0,0.0,0.0066374267724212,Shi1972,6.221,1.5291,E2G,,mu
C6H6,5,internal,678.1652,bend,,0.0,0.0483833296332137,C1-C2:0.0000;C1-C6:0.0000;C1-H7:0.0000;C2-C3:0.0000;C2-H8:0.0000;C3-C4:0.0000;C3-H9:0.0000;C4-C5:0.0000;C4-H10:0.0000;C5-C6:0.0000;C5-H11:0.0000;C6-H12:0.0000,C1-C2:0.0955;C1-C6:0.0955;C1-H7:0.0013;C2-C3:0.0955;C2-H8:0.0013;C3-C4:0.0955;C3-H9:0.0013;C4-C5:0.0955;C4-H10:0.0013;C5-C6:0.0955;C5-H11:0.0013;C6-H12:0.0013,True,B,,0.0,0.0,0.0,0.0,0.3333333333333333,0.0,Shi1972,7.5391,2.0429,B2G,,mu
C6H6,6,internal,684.1694,bend,,0.0,0.0395834155963958,C1-C2:0.0000;C1-C6:0.0000;C1-H7:0.0000;C2-C3:0.0000;C2-H8:0.0000;C3-C4:0.0000;C3-H9:0.0000;C4-C5:0.0000;C4-H10:0.0000;C5-C6:0.0000;C5-H11:0.0000;C6-H12:0.0000,C1-C2:0.0000;C1-C6:0.0000;C1-H7:0.0792;C2-C3:0.0000;C2-H8:0.0792;C3-C4:0.0000;C3-H9:0.0792;C4-C5:0.0000;C4-H10:0.0792;C5-C6:0.0000;C5-H11:0.0792;C6-H12:0.0792,True,B,,0.0,0.0,0.0,0.0,0.0,0.0,Shi1972,1.0848,0.2992,A2U,,mu
C6H6,7,internal,852.2314,bend,,0.0,0.0432990740372339,C1-C2:0.0000;C1-C6:0.0000;C1-H7:0.0000;C2-C3:0.0000;C2-H8:0.0000;C3-C4:0.0000;C3-H9:0.0000;C4-C5:0.0000;C4-H10:0.0000;C5-C6:0.0000;C5-H11:0.0000;C6-H12:0.0000,C1-C2:0.0002;C1-C6:0.0007;C1-H7:0.1644;C2-C3:0.0018;C2-H8:0.0690;C3-C4:0.0007;C3-H9:0.0236;C4-C5:0.0002;C4-H10:0.1644;C5-C6:0.0018;C5-H11:0.0690;C6-H12:0.0236,True,B,,0.0,0.0,0.0,0.0,0.0,0.0,Shi1972,1.2462,0.5333,E1G,,mu
C6H6,8,internal,852.2314,bend,,0.0,0.0432614477375621,C1-C2:0.0000;C1-C6:0.0000;C1-H7:0.0000;C2-C3:0.0000;C2-H8:0.0000;C3-C4:0.0000;C3-H9:0.0000;C4-C5:0.0000;C4-H10:0.0000;C5-C6:0.0000;C5-H11:0.0000;C6-H12:0.0000,C1-C2:0.0016;C1-C6:0.0011;C1-H7:0.0042;C2-C3:0.0000;C2-H8:0.1052;C3-C4:0.0011;C3-H9:0.1474;C4-C5:0.0016;C4-H10:0.0042;C5-C6:0.0000;C5-H11:0.1052;C6-H12:0.1474,True,B,,0.0,0.0,0.0,0.0,0.0,0.0,Shi1972,1.2462,0.5333,E1G,,mu
C6H6,9,internal,931.2417,bend,,0.0,0.0465265262876642,C1-C2:0.0000;C1-C6:0.0000;C1-H7:0.0000;C2-C3:0.0000;C2-H8:0.0000;C3-C4:0.0000;C3-H9:0.0000;C4-C5:0.0000;C4-H10:0.0000;C5-C6:0.0000;C5-H11:0.0000;C6-H12:0.0000,C1-C2:0.0079;C1-C6:0.0019;C1-H7:0.1329;C2-C3:0.0020;C2-H8:0.1345;C3-C4:0.0019;C3-H9:0.0000;C4-C5:0.0079;C4-H10:0.1329;C5-C6:0.0020;C5-H11:0.1345;C6-H12:0.0000,True,B,,0.0,0.0,0.0,0.0,0.0,0.0,Shi1972,1.3513,0.6904,E2U,,mu
C6H6,10,internal,931.2417,bend,,0.0,0.0465987817891658,C1-C2:0.0000;C1-C6:0.0000;C1-H7:0.0000;C2-C3:0.0000;C2-H8:0.0000;C3-C4:0.0000;C3-H9:0.0000;C4-C5:0.0000;C4-H10:0.0000;C5-C6:0.0000;C5-H11:0.0000;C6-H12:0.0000,C1-C2:0.0000;C1-C6:0.0059;C1-H7:0.0474;C2-C3:0.0059;C2-H8:0.0456;C3-C4:0.0059;C3-H9:0.1749;C4-C5:0.0000;C4-H10:0.0474;C5-C6:0.0059;C5-H11:0.0456;C6-H12:0.1749,True,B,,0.0,0.0,0.0,0.0,0.0,0.0,Shi1972,1.3513,0.6904,E2U,,mu
C6H6,11,internal,933.5249,bend,,0.0,0.0390495369750757,C1-C2:0.0000;C1-C6:0.0000;C1-H7:0.0000;C2-C3:0.0000;C2-H8:0.0000;C3-C4:0.0000;C3-H9:0.0000;C4-C5:0.0000;C4-H10:0.0000;C5-C6:0.0000;C5-H11:0.0000;C6-H12:0.0000,C1-C2:0.0008;C1-C6:0.0008;C1-H7:0.0773;C2-C3:0.0008;C2-H8:0.0773;C3-C4:0.0008;C3-H9:0.0773;C4-C5:0.0008;C4-H10:0.0773;C5-C6:0.0008;C5-H11:0.0773;C6-H12:0.0773,True,B,,0.0,0.0,0.0,0.0,0.0,0.0,Shi1972,1.0605,0.5445,B2G,,mu
C6H6,12,internal,992.583,stretch,,0.9999999997850556,0.1098255304358632,C1-C2:0.1664;C1-C6:0.1664;C1-H7:0.0002;C2-C3:0.1664;C2-H8:0.0002;C3-C4:0.1664;C3-H9:0.0002;C4-C5:0.1664;C4-H10:0.0002;C5-C6:0.1664;C5-H11:0.0002;C6-H12:0.0002,C1-C2:0.1957;C1-C6:0.1957;C1-H7:0.0239;C2-C3:0.1958;C2-H8:0.0239;C3-C4:0.1957;C3-H9:0.0239;C4-C5:0.1957;C4-H10:0.0239;C5-C6:0.1958;C5-H11:0.0239;C6-H12:0.0239,True,S,,0.0,0.0,0.0,0.0,0.0,0.0,Shi1972,6.0097,3.4885,A1G,,mu
C6H6,13,internal,1056.3901,bend,,0.4511770715807969,0.0649072263895405,C1-C2:0.1069;C1-C6:0.1120;C1-H7:0.0001;C2-C3:-0.0051;C2-H8:0.0008;C3-C4:-0.1120;C3-H9:-0.0008;C4-C5:-0.1069;C4-H10:-0.0001;C5-C6:0.0051;C5-H11:-0.0008;C6-H12:0.0008,C1-C2:0.1291;C1-C6:0.1343;C1-H7:0.0090;C2-C3:0.0052;C2-H8:0.0623;C3-C4:-0.1294;C3-H9:0.0488;C4-C5:-0.1226;C4-H10:-0.0088;C5-C6:0.0170;C5-H11:0.0545;C6-H12:0.0579,True,S,,-0.0572104254491087,0.0194050443935954,0.0,0.0,0.0,0.0,Shi1972,1.9954,1.312,E1U,,mu
C6H6,14,internal,1056.3901,bend,,0.5087770201579205,0.0681835452806836,C1-C2:-0.0676;C1-C6:0.0588;C1-H7:-0.0001;C2-C3:-0.1264;C2-H8:-0.0008;C3-C4:-0.0588;C3-H9:-0.0008;C4-C5:0.0676;C4-H10:0.0001;C5-C6:0.1264;C5-H11:0.0008;C6-H12:0.0008,C1-C2:-0.0712;C1-C6:0.0776;C1-H7:0.0735;C2-C3:-0.1492;C2-H8:0.0087;C3-C4:-0.0601;C3-H9:0.0143;C4-C5:0.0871;C4-H10:0.0741;C5-C6:0.1492;C5-H11:0.0242;C6-H12:0.0290,True,S,,-0.0047211497750915,0.1613193523699081,0.0,0.0,0.0,-1.8503717077085938e-17,Shi1972,1.9954,1.312,E1U,,mu
C6H6,15,internal,1067.465,bend,,8.631345171630301e-06,0.0316022523710687,C1-C2:-0.0000;C1-C6:-0.0000;C1-H7:0.0000;C2-C3:0.0000;C2-H8:-0.0000;C3-C4:0.0000;C3-H9:0.0000;C4-C5:0.0000;C4-H10:-0.0000;C5-C6:0.0000;C5-H11:0.0000;C6-H12:-0.0000,C1-C2:0.0607;C1-C6:0.0607;C1-H7:0.0025;C2-C3:0.0607;C2-H8:-0.0025;C3-C4:0.0607;C3-H9:0.0025;C4-C5:0.0607;C4-H10:-0.0025;C5-C6:0.0607;C5-H11:0.0025;C6-H12:-0.0025,True,B,,4.442766031504767e-06,0.0,0.0,0.0,0.0,0.0,Shi1972,6.4525,4.332,B1U,,mu
C6H6,16,internal,1237.2931,bend,,0.4119307310372249,0.0633637605789941,C1-C2:-0.0687;C1-C6:0.0687;C1-H7:0.0000;C2-C3:0.0687;C2-H8:-0.0000;C3-C4:-0.0687;C3-H9:-0.0000;C4-C5:0.0687;C4-H10:0.0000;C5-C6:-0.0687;C5-H11:0.0000;C6-H12:0.0000,C1-C2:-0.0793;C1-C6:0.0793;C1-H7:0.0474;C2-C3:0.0793;C2-H8:0.0474;C3-C4:-0.0793;C3-H9:0.0474;C4-C5:0.0793;C4-H10:0.0474;C5-C6:-0.0793;C5-H11:0.0474;C6-H12:0.0474,True,B,,0.0,1.80335640406204e-05,0.0,0.0,0.0,0.0,Shi1972,1.2814,1.1558,B2U,,mu
C6H6,17,internal,1247.1403,bend,,0.2814110866622563,0.0520229204851582,C1-C2:-0.0500;C1-C6:-0.0092;C1-H7:-0.0000;C2-C3:0.0814;C2-H8:0.0000;C3-C4:-0.0092;C3-H9:0.0000;C4-C5:-0.0500;C4-H10:-0.0000;C5-C6:0.0814;C5-H11:0.0000;C6-H12:0.0000,C1-C2:-0.0619;C1-C6:-0.0190;C1-H7:0.0084;C2-C3:0.0818;C2-H8:0.0935;C3-C4:-0.0190;C3-H9:0.0475;C4-C5:-0.0619;C4-H10:0.0084;C5-C6:0.0818;C5-H11:0.0935;C6-H12:0.0475,True,B,,0.0,-4.625929269271485e-18,0.0,0.0,0.0,0.3266778849832946,Shi1972,1.2096,1.1085,E2G,,mu
C6H6,18,internal,1247.1403,bend,,0.2825055789791866,0.0524602535505314,C1-C2:-0.0451;C1-C6:0.0839;C1-H7:0.0000;C2-C3:-0.0123;C2-H8:-0.0000;C3-C4:0.0839;C3-H9:0.0000;C4-C5:-0.0451;C4-H10:0.0000;C5-C6:-0.0123;C5-H11:-0.0000;C6-H12:0.0000,C1-C2:-0.0582;C1-C6:0.0832;C1-H7:0.0906;C2-C3:-0.0240;C2-H8:0.0053;C3-C4:0.0832;C3-H9:0.0534;C4-C5:-0.0582;C4-H10:0.0906;C5-C6:-0.0240;C5-H11:0.0053;C6-H12:0.0534,True,B,,0.0,0.0,0.0,0.0,0.0,-0.3233560815140616,Shi1972,1.2096,1.1085,E2G,,mu
C6H6,19,internal,1319.2685,stretch,,0.696974015581597,0.1775726599462275,C1-C2:-0.1162;C1-C6:0.1162;C1-H7:0.0000;C2-C3:0.1162;C2-H8:-0.0000;C3-C4:-0.1162;C3-H9:-0.0000;C4-C5:0.1162;C4-H10:0.0000;C5-C6:-0.1162;C5-H11:0.0000;C6-H12:0.0000,C1-C2:-0.2339;C1-C6:0.2339;C1-H7:0.1213;C2-C3:0.2339;C2-H8:0.1213;C3-C4:-0.2339;C3-H9:0.1213;C4-C5:0.2339;C4-H10:0.1213;C5-C6:-0.2339;C5-H11:0.1213;C6-H12:0.1213,True,S,,0.0,-1.363382770157758e-06,0.0,0.0,0.0,0.0,Shi1972,3.3877,3.4739,B2U,,mu
C6H6,20,internal,1435.4835,bend,,1.107822017131331e-05,0.0440916475542471,C1-C2:-0.0000;C1-C6:0.0000;C1-H7:0.0000;C2-C3:0.0000;C2-H8:0.0000;C3-C4:0.0000;C3-H9:-0.0000;C4-C5:-0.0000;C4-H10:0.0000;C5-C6:0.0000;C5-H11:0.0000;C6-H12:-0.0000,C1-C2:0.0009;C1-C6:0.0009;C1-H7:0.0873;C2-C3:0.0009;C2-H8:0.0873;C3-C4:0.0009;C3-H9:0.0873;C4-C5:0.0009;C4-H10:0.0873;C5-C6:0.0009;C5-H11:0.0873;C6-H12:0.0873,True,B,,0.0,0.0,0.0,0.0,0.0,3.3981737794045824e-10,Shi1972,1.2462,1.5129,A2G,,mu
C6H6,21,internal,1532.8465,SB,,0.2789463638984534,0.0849720031011907,C1-C2:0.0645;C1-C6:0.0676;C1-H7:0.0002;C2-C3:-0.0030;C2-H8:0.0019;C3-C4:-0.0676;C3-H9:-0.0021;C4-C5:-0.0645;C4-H10:-0.0002;C5-C6:0.0030;C5-H11:-0.0019;C6-H12:0.0021,C1-C2:0.1062;C1-C6:0.1107;C1-H7:0.0166;C2-C3:0.0027;C2-H8:0.1490;C3-C4:-0.1073;C3-H9:0.1229;C4-C5:-0.1019;C4-H10:-0.0160;C5-C6:0.0125;C5-H11:0.1357;C6-H12:0.1382,True,B,,0.4103144187731193,-0.0364152572523018,0.0,0.0,0.0,1.8503717077085938e-17,Shi1972,1.7177,2.3779,E1U,,mu
C6H6,22,internal,1532.8465,SB,,0.3136776263329047,0.0865773858819813,C1-C2:0.0408;C1-C6:-0.0355;C1-H7:0.0002;C2-C3:0.0763;C2-H8:0.0019;C3-C4:0.0355;C3-H9:0.0021;C4-C5:-0.0408;C4-H10:-0.0002;C5-C6:-0.0763;C5-H11:-0.0019;C6-H12:-0.0021,C1-C2:0.0710;C1-C6:-0.0511;C1-H7:0.1789;C2-C3:0.1233;C2-H8:0.0551;C3-C4:0.0630;C3-H9:0.0671;C4-C5:-0.0601;C4-H10:0.1778;C5-C6:-0.1232;C5-H11:0.0274;C6-H12:0.0410,True,B,,0.006825246336635,0.3260725294105636,0.0,0.0,0.0,1.8503717077085938e-17,Shi1972,1.7177,2.3779,E1U,,mu
C6H6,23,internal,1598.8987,stretch,,0.6214508497057591,0.1544011403506774,C1-C2:-0.1177;C1-C6:-0.0259;C1-H7:-0.0005;C2-C3:0.1656;C2-H8:0.0003;C3-C4:-0.0259;C3-H9:0.0007;C4-C5:-0.1177;C4-H10:-0.0005;C5-C6:0.1656;C5-H11:0.0003;C6-H12:0.0007,C1-C2:-0.2379;C1-C6:-0.0400;C1-H7:0.0084;C2-C3:0.3256;C2-H8:0.2056;C3-C4:-0.0400;C3-H9:0.1088;C4-C5:-0.2379;C4-H10:0.0084;C5-C6:0.3256;C5-H11:0.2056;C6-H12:0.1088,True,S,,-9.251858538542969e-18,0.0,0.0,0.0,0.0,-0.0349070678994614,Shi1972,4.0879,6.1574,E2G,,mu
C6H6,24,internal,1598.8987,stretch,,0.6342060735577586,0.1588351557418158,C1-C2:-0.1007;C1-C6:0.1735;C1-H7:0.0005;C2-C3:-0.0414;C2-H8:-0.0003;C3-C4:0.1735;C3-H9:0.0008;C4-C5:-0.1007;C4-H10:0.0005;C5-C6:-0.0414;C5-H11:-0.0003;C6-H12:0.0008,C1-C2:-0.2063;C1-C6:0.3346;C1-H7:0.1959;C2-C3:-0.0789;C2-H8:-0.0055;C3-C4:0.3346;C3-H9:0.1318;C4-C5:-0.2063;C4-H10:0.1959;C5-C6:-0.0789;C5-H11:-0.0055;C6-H12:0.1318,True,S,,9.251858538542969e-18,-1.6190752442450197e-17,0.0,0.0,0.0,0.0304518699894414,Shi1972,4.0879,6.1574,E2G,,mu
C6H6,25,internal,3182.2915,stretch,,0.8941809290607912,0.2034377390684115,C1-C2:0.0000;C1-C6:0.0000;C1-H7:0.1490;C2-C3:0.0000;C2-H8:-0.1490;C3-C4:-0.0000;C3-H9:0.1490;C4-C5:-0.0000;C4-H10:-0.1490;C5-C6:0.0000;C5-H11:0.1490;C6-H12:-0.1490,C1-C2:0.0009;C1-C6:0.0009;C1-H7:0.4060;C2-C3:0.0009;C2-H8:-0.4060;C3-C4:0.0009;C3-H9:0.4060;C4-C5:0.0009;C4-H10:-0.4060;C5-C6:0.0009;C5-H11:0.4060;C6-H12:-0.4060,True,S,,-3.662158838515135e-05,0.0,0.0,0.0,0.0,8.470329472543003e-22,Shi1972,1.0863,6.4813,B1U,,mu
C6H6,26,internal,3191.891,stretch,,0.9302168991934672,0.1965212006866624,C1-C2:0.0039;C1-C6:-0.0039;C1-H7:-0.1057;C2-C3:-0.0051;C2-H8:-0.0487;C3-C4:-0.0039;C3-H9:0.2978;C4-C5:0.0039;C4-H10:-0.1057;C5-C6:-0.0051;C5-H11:-0.0487;C6-H12:0.2978,C1-C2:0.0196;C1-C6:-0.0067;C1-H7:-0.3402;C2-C3:-0.0107;C2-H8:-0.2309;C3-C4:-0.0067;C3-H9:0.5711;C4-C5:0.0196;C4-H10:-0.3402;C5-C6:-0.0107;C5-H11:-0.2309;C6-H12:0.5711,True,S,,0.0,0.0,0.0,0.0,0.0,0.0046758329962591,Shi1972,1.0881,6.5315,E2G,,mu
C6H6,27,internal,3191.891,stretch,,0.9276666692759176,0.1816565480633093,C1-C2:0.0011;C1-C6:-0.0050;C1-H7:0.1958;C2-C3:0.0055;C2-H8:-0.2528;C3-C4:-0.0050;C3-H9:0.0036;C4-C5:0.0011;C4-H10:0.1958;C5-C6:0.0055;C5-H11:-0.2528;C6-H12:0.0036,C1-C2:0.0036;C1-C6:-0.0178;C1-H7:0.4630;C2-C3:0.0163;C2-H8:-0.5261;C3-C4:-0.0178;C3-H9:0.0631;C4-C5:0.0036;C4-H10:0.4630;C5-C6:0.0163;C5-H11:-0.5261;C6-H12:0.0631,True,S,,4.625929269271485e-18,0.0,0.0,0.0,0.0,0.0423766229627527,Shi1972,1.0881,6.5315,E2G,,mu
C6H6,28,internal,3209.6325,stretch,,0.977323369460929,0.1804118727118784,C1-C2:-0.0060;C1-C6:0.0053;C1-H7:0.0004;C2-C3:-0.0113;C2-H8:0.2416;C3-C4:-0.0053;C3-H9:0.2242;C4-C5:0.0060;C4-H10:-0.0004;C5-C6:0.0113;C5-H11:-0.2416;C6-H12:-0.2242,C1-C2:-0.0172;C1-C6:0.0162;C1-H7:0.0187;C2-C3:-0.0333;C2-H8:0.5079;C3-C4:-0.0153;C3-H9:0.4892;C4-C5:0.0180;C4-H10:-0.0187;C5-C6:0.0334;C5-H11:-0.5079;C6-H12:-0.4892,True,S,,0.0835172339466388,0.10644309074406,0.0,0.0,0.0,-3.1803263726241466e-18,Shi1972,1.094,6.6402,E1U,,mu
C6H6,29,internal,3209.6325,stretch,,0.972009967772322,0.2016998835467353,C1-C2:-0.0096;C1-C6:-0.0100;C1-H7:0.3104;C2-C3:0.0004;C2-H8:0.0691;C3-C4:0.0100;C3-H9:-0.0866;C4-C5:0.0096;C4-H10:-0.3104;C5-C6:-0.0004;C5-H11:-0.0691;C6-H12:0.0866,C1-C2:-0.0282;C1-C6:-0.0293;C1-H7:0.5757;C2-C3:0.0016;C2-H8:0.2717;C3-C4:0.0295;C3-H9:-0.3040;C4-C5:0.0285;C4-H10:-0.5757;C5-C6:-0.0005;C5-H11:-0.2716;C6-H12:0.3040,True,S,,0.0273839255013541,-0.0011392853748176,0.0,0.0,0.0,4.336808689942019e-19,Shi1972,1.094,6.6402,E1U,,mu
C6H6,30,internal,3223.1696,stretch,,0.9999999999264204,0.2174714242711108,C1-C2:-0.0073;C1-C6:-0.0073;C1-H7:0.1594;C2-C3:-0.0073;C2-H8:0.1594;C3-C4:-0.0073;C3-H9:0.1594;C4-C5:-0.0073;C4-H10:0.1594;C5-C6:-0.0073;C5-H11:0.1594;C6-H12:0.1594,C1-C2:-0.0266;C1-C6:-0.0266;C1-H7:0.4084;C2-C3:-0.0266;C2-H8:0.4084;C3-C4:-0.0266;C3-H9:0.4084;C4-C5:-0.0266;C4-H10:0.4084;C5-C6:-0.0266;C5-H11:0.4084;C6-H12:0.4084,True,S,,0.0,0.0,0.0,0.0,0.0,0.0,Shi1972,1.0999,6.7324,A1G,,mu
CH4,Tx,external,0.0,translation,,0.0,,,,True,Tx,,1.0,0.0,0.0,0.0,0.0,0.0,,,,,,mu
CH4,Ty,external,0.0,translation,,0.0,,,,True,Ty,,0.0,1.0,0.0,0.0,0.0,0.0,,,,,,mu
CH4,Tz,external,0.0,translation,,0.0,,,,True,Tz,,0.0,0.0,1.0,0.0,0.0,0.0,,,,,,mu
CH4,Rx,external,0.0,rotation,,0.0,,,,True,Rx,,0.0,0.0,0.0,1.0000000000000002,0.0,0.0,,,,,,mu
CH4,Ry,external,0.0,rotation,,0.0,,,,True,Ry,,0.0,0.0,0.0,0.0,1.0000000000000002,0.0,,,,,,mu
CH4,Rz,external,0.0,rotation,,0.0,,,,True,Rz,,0.0,0.0,0.0,0.0,0.0,1.0000000000000002,,,,,,mu
CH4,1,internal,1456.6822,bend,,0.0352348311946584,0.1387460814303066,C1-H2:0.0052;C1-H3:0.0110;C1-H4:-0.0074;C1-H5:-0.0117,C1-H2:0.2015;C1-H3:0.1041;C1-H4:0.1704;C1-H5:0.0791,True,B,,-0.1140797867691809,-0.0106379910725596,0.3691612375296869,-0.1585039248230582,0.0331451640656862,-0.0694893666019679,Shi1972,1.1834,1.4795,T2,,mu
CH4,2,internal,1456.6822,bend,,0.0258385393502049,0.1384698109690154,C1-H2:0.0054;C1-H3:-0.0105;C1-H4:-0.0060;C1-H5:-0.0039,C1-H2:0.0517;C1-H3:0.1300;C1-H4:0.1803;C1-H5:0.1919,True,B,,0.2574837314238524,0.1828309416408608,-0.0010913651025525,-0.1367191836664157,0.1836515485560693,-0.0445809201238979,Shi1972,1.1834,1.4795,T2,,mu
CH4,3,internal,1456.6822,bend,,0.026005206657825,0.1383933504650957,C1-H2:0.0001;C1-H3:-0.0051;C1-H4:0.0091;C1-H5:-0.0116,C1-H2:0.2035;C1-H3:0.1860;C1-H4:0.0768;C1-H5:0.0873,True,B,,-0.187495125994381,0.3106727446045406,-0.0031205719070744,0.1902211635964447,0.1328101937079599,-0.037372089365918,Shi1972,1.1834,1.4795,T2,,mu
CH4,4,internal,1667.7945,bend,,0.0,0.0997528944087939,C1-H2:0.0000;C1-H3:0.0000;C1-H4:0.0000;C1-H5:0.0000,C1-H2:0.0998;C1-H3:0.0998;C1-H4:0.0998;C1-H5:0.0998,True,B,,0.0,0.0,0.0,0.0,0.0,0.0,Shi1972,1.0078,1.6517,E,,mu
CH4,5,internal,1667.7945,bend,,0.0,0.0997517699506372,C1-H2:0.0000;C1-H3:0.0000;C1-H4:0.0000;C1-H5:0.0000,C1-H2:0.0998;C1-H3:0.0998;C1-H4:0.0998;C1-H5:0.0998,True,B,,0.0,0.0,0.0,0.0,0.0,0.0,Shi1972,1.0078,1.6517,E,,mu
CH4,6,internal,3086.4629,stretch,,1.0,0.457670837831882,C1-H2:0.2500;C1-H3:0.2500;C1-H4:0.2500;C1-H5:0.2500,C1-H2:0.4577;C1-H3:0.4577;C1-H4:0.4577;C1-H5:0.4577,True,S,,0.0,0.0,0.0,0.0,0.0,0.0,Shi1972,1.0078,5.6566,A1,,mu
CH4,7,internal,3194.6749,stretch,,0.9954946184887796,0.4242956583789532,C1-H2:0.7100;C1-H3:-0.2033;C1-H4:-0.0530;C1-H5:-0.0292,C1-H2:0.8517;C1-H3:-0.4522;C1-H4:-0.2272;C1-H5:-0.1660,True,S,,0.0527519778734878,0.0680174573504677,0.1280150233068084,-0.0154167662179517,0.0232593279397186,-0.0099071834160363,Shi1972,1.0978,6.6014,T2,,mu
CH4,8,internal,3194.6749,stretch,,0.9953697560158978,0.4092573613332878,C1-H2:0.0223;C1-H3:0.4451;C1-H4:-0.5182;C1-H5:-0.0098,C1-H2:0.1470;C1-H3:0.6743;C1-H4:-0.7254;C1-H5:-0.0903,True,S,,-0.0135243370934101,0.1716692134328923,0.2181913001599505,0.0245138049930785,0.0567222977588872,0.038674103243896,Shi1972,1.0978,6.6014,T2,,mu
CH4,9,internal,3194.6749,stretch,,0.995456635937812,0.4258317646140697,C1-H2:0.0142;C1-H3:0.0983;C1-H4:0.1755;C1-H5:-0.7075,C1-H2:0.1152;C1-H3:0.3156;C1-H4:0.4229;C1-H5:-0.8496,True,S,,-0.0337885055496211,0.0846104446377517,0.1144103029150179,0.0074657282397691,0.0372632399536537,-0.0337734556508578,Shi1972,1.0978,6.6014,T2,,mu
C4H4,Tx,external,0.0,translation,,0.0,,,,True,Tx,,1.0,0.0,0.0,0.0,0.0,0.0,,,,,,mu
C4H4,Ty,external,0.0,translation,,0.0,,,,True,Ty,,0.0,1.0,0.0,0.0,0.0,1.3877787807814457e-17,,,,,,mu
C4H4,Tz,external,0.0,translation,,0.0,,,,True,Tz,,0.0,0.0,1.0,0.0,-1.3877787807814457e-17,0.0,,,,,,mu
C4H4,Rx,external,0.0,rotation,,0.0,,,,True,Rx,,0.0,0.0,-1.3877787807814457e-17,1.0,0.0,0.0,,,,,,mu
C4H4,Ry,external,0.0,rotation,,0.0,,,,True,Ry,,0.0,0.0,1.3877787807814457e-17,0.0,1.0,1.3877787807814457e-17,,,,,,mu
C4H4,Rz,external,0.0,rotation,,0.0,,,,True,Rz,,1.3877787807814457e-17,-1.3877787807814457e-17,0.0,0.0,1.3877787807814457e-17,1.0,,,,,,mu
C4H4,1,internal,674.9018,bend,,0.302820175574506,0.1809760321852678,C1-H2:0.0000;C1-C3:0.0745;C1-C4:0.0023;C1-C5:-0.0745;C3-C4:-0.0745;C3-C5:0.0023;C3-H6:0.0000;C4-C5:0.0745;C4-H7:0.0000;C5-H8:0.0000,C1-H2:0.1992;C1-C3:0.2287;C1-C4:0.0901;C1-C5:-0.1877;C3-C4:-0.1877;C3-C5:0.0901;C3-H6:0.1992;C4-C5:0.2287;C4-H7:0.1992;C5-H8:0.1992,True,B,,0.0,0.0,0.0,0.0,0.0,0.0,Wes2022,5.5589,1.4918,E,,mu
C4H4,2,internal,674.9018,bend,,0.3627581805081682,0.2006561267458859,C1-H2:0.0000;C1-C3:0.0570;C1-C4:-0.0703;C1-C5:0.0541;C3-C4:0.0541;C3-C5:-0.0703;C3-H6:0.0000;C4-C5:0.0570;C4-H7:0.0000;C5-H8:0.0000,C1-H2:0.1992;C1-C3:0.1830;C1-C4:-0.2441;C1-C5:0.1777;C3-C4:0.1777;C3-C5:-0.2441;C3-H6:0.1992;C4-C5:0.1830;C4-H7:0.1992;C5-H8:0.1992,True,B,,0.0,0.0,0.0,0.0,0.0,0.0,Wes2022,5.5589,1.4918,E,,mu
C4H4,3,internal,833.6917,bend,,0.3286590083408723,0.0713840583155436,C1-H2:-0.0019;C1-C3:-0.0969;C1-C4:0.0368;C1-C5:-0.0213;C3-C4:0.0377;C3-C5:-0.0203;C3-H6:-0.0019;C4-C5:0.1094;C4-H7:0.0018;C5-H8:0.0006,C1-H2:0.0898;C1-C3:-0.1028;C1-C4:0.0424;C1-C5:-0.0375;C3-C4:0.0434;C3-C5:-0.0365;C3-H6:0.0913;C4-C5:0.1042;C4-H7:0.0384;C5-H8:0.1276,True,B,,0.1075163019860494,-0.1029282238543535,0.2144041579870172,-0.0032807476320912,-0.0041158609616846,-0.0002430988034532,Wes2022,1.3862,0.5676,T2,,mu
C4H4,4,internal,833.6918,bend,,0.3191850025139341,0.0689426563790483,C1-H2:-0.0020;C1-C3:0.0280;C1-C4:-0.0167;C1-C5:-0.1075;C3-C4:0.1152;C3-C5:0.0272;C3-H6:0.0020;C4-C5:-0.0175;C4-H7:0.0010;C5-H8:-0.0020,C1-H2:0.0873;C1-C3:0.0346;C1-C4:-0.0275;C1-C5:-0.1083;C3-C4:0.1091;C3-C5:0.0338;C3-H6:0.0507;C4-C5:-0.0284;C4-H7:0.1237;C5-H8:0.0860,True,B,,0.1996834403619408,0.0873604141694131,-0.0908964116396044,0.0002137904531847,0.0057948210694233,0.0063985542740536,Wes2022,1.3862,0.5676,T2,,mu
C4H4,5,internal,833.6918,bend,,0.3167642416092412,0.0687441186110147,C1-H2:-0.0022;C1-C3:-0.0319;C1-C4:-0.1047;C1-C5:0.0159;C3-C4:-0.0068;C3-C5:0.1110;C3-H6:0.0010;C4-C5:0.0399;C4-H7:-0.0016;C5-H8:0.0020,C1-H2:0.0652;C1-C3:-0.0426;C1-C4:-0.1057;C1-C5:0.0216;C3-C4:-0.0151;C3-C5:0.1068;C3-H6:0.1246;C4-C5:0.0483;C4-H7:0.1061;C5-H8:0.0514,True,B,,-0.0400644073099082,0.2019741149799424,0.1512392483367403,-0.0038328631169061,-0.0057950621324306,0.0123632768624587,Wes2022,1.3862,0.5676,T2,,mu
C4H4,6,internal,844.7082,bend,,0.0959258057083406,0.0487116719773615,C1-H2:-0.0000;C1-C3:-0.0210;C1-C4:0.0062;C1-C5:0.0208;C3-C4:0.0208;C3-C5:0.0062;C3-H6:-0.0000;C4-C5:-0.0210;C4-H7:-0.0000;C5-H8:-0.0000,C1-H2:0.0849;C1-C3:-0.0353;C1-C4:0.0088;C1-C5:0.0296;C3-C4:0.0296;C3-C5:0.0088;C3-H6:0.0849;C4-C5:-0.0353;C4-H7:0.0849;C5-H8:0.0849,True,B,,0.0,0.0,0.0,1.3877787807814457e-17,0.0,0.0,Wes2022,1.1165,0.4694,E,,mu
C4H4,7,internal,844.7082,bend,,0.101697809947083,0.0494165503780669,C1-H2:0.0000;C1-C3:0.0113;C1-C4:-0.0204;C1-C5:0.0191;C3-C4:0.0191;C3-C5:-0.0204;C3-H6:0.0000;C4-C5:0.0113;C4-H7:0.0000;C5-H8:0.0000,C1-H2:0.0849;C1-C3:0.0146;C1-C4:-0.0371;C1-C5:0.0256;C3-C4:0.0256;C3-C5:-0.0371;C3-H6:0.0849;C4-C5:0.0146;C4-H7:0.0849;C5-H8:0.0849,True,B,,-1.3877787807814457e-17,0.0,0.0,-1.3877787807814457e-17,0.0,0.0,Wes2022,1.1165,0.4694,E,,mu
C4H4,8,internal,1001.82,bend,,1.4644289840637054e-05,0.0578186155220973,C1-H2:-0.0000;C1-C3:0.0000;C1-C4:0.0000;C1-C5:0.0000;C3-C4:-0.0000;C3-C5:0.0000;C3-H6:-0.0000;C4-C5:-0.0000;C4-H7:0.0000;C5-H8:-0.0000,C1-H2:0.0730;C1-C3:0.0058;C1-C4:0.0039;C1-C5:0.0005;C3-C4:0.0062;C3-C5:0.0045;C3-H6:0.1954;C4-C5:0.0061;C4-H7:0.1903;C5-H8:0.0924,True,B,,7.100195081009841e-06,7.391013252255885e-07,5.2410184477047483e-08,8.079531878552731e-07,1.2347838475368356e-05,-6.835991149950482e-06,Wes2022,1.3526,0.7998,T1,,mu
C4H4,9,internal,1001.82,bend,,3.016142170603744e-06,0.0583514815078855,C1-H2:0.0000;C1-C3:0.0000;C1-C4:-0.0000;C1-C5:0.0000;C3-C4:0.0000;C3-C5:0.0000;C3-H6:0.0000;C4-C5:0.0000;C4-H7:-0.0000;C5-H8:-0.0000,C1-H2:0.1470;C1-C3:0.0034;C1-C4:0.0038;C1-C5:0.0067;C3-C4:0.0067;C3-C5:0.0030;C3-H6:0.1322;C4-C5:0.0034;C4-H7:0.1461;C5-H8:0.1311,True,B,,-4.091183635722418e-07,4.755567059824828e-06,-2.595274251837587e-06,-5.580872348698307e-07,-1.0059444660051596e-05,-9.072247281610712e-06,Wes2022,1.3526,0.7998,T1,,mu
C4H4,10,internal,1001.82,bend,,3.722642221807302e-17,0.0578260809782274,C1-H2:-0.0000;C1-C3:0.0000;C1-C4:0.0000;C1-C5:0.0000;C3-C4:-0.0000;C3-C5:0.0000;C3-H6:-0.0000;C4-C5:0.0000;C4-H7:-0.0000;C5-H8:0.0000,C1-H2:0.1941;C1-C3:0.0043;C1-C4:0.0059;C1-C5:0.0062;C3-C4:0.0005;C3-C5:0.0061;C3-H6:0.0872;C4-C5:0.0040;C4-H7:0.0782;C5-H8:0.1917,True,B,,5.086329345760365e-07,3.073003563072718e-06,1.7276801404370046e-06,8.974917215451295e-07,-5.64504511713082e-06,-1.0342127313583275e-05,Wes2022,1.3526,0.7998,T1,,mu
C4H4,11,internal,1123.5841,stretch,,0.4632436795075159,0.1282738824125978,C1-H2:0.0007;C1-C3:0.1670;C1-C4:-0.0533;C1-C5:-0.0048;C3-C4:0.0120;C3-C5:0.0594;C3-H6:0.0014;C4-C5:-0.1621;C4-H7:-0.0015;C5-H8:-0.0009,C1-H2:0.1919;C1-C3:0.2393;C1-C4:-0.0890;C1-C5:-0.0132;C3-C4:0.0456;C3-C5:0.1167;C3-H6:0.0924;C4-C5:-0.2340;C4-H7:0.0881;C5-H8:0.1725,True,S,,-0.0197081901500662,-0.1199922750837872,0.3485498917566195,-0.0107397693265352,0.0708834623997407,0.0298279391769859,Wes2022,2.7625,2.0548,T2,,mu
C4H4,12,internal,1123.5841,stretch,,0.4021838452393893,0.1129120078953081,C1-H2:0.0014;C1-C3:0.0086;C1-C4:-0.0030;C1-C5:0.1867;C3-C4:-0.1869;C3-C5:0.0026;C3-H6:-0.0013;C4-C5:-0.0090;C4-H7:-0.0014;C5-H8:0.0013,C1-H2:0.1425;C1-C3:0.0326;C1-C4:0.0133;C1-C5:0.2575;C3-C4:-0.2573;C3-C5:0.0197;C3-H6:0.1387;C4-C5:0.0004;C4-H7:0.1142;C5-H8:0.1530,True,B,,0.3869877315590904,-0.0058590235927142,0.0183673674140037,0.0008143346708619,-0.0043524654237808,-0.0136550427582158,Wes2022,2.7625,2.0548,T2,,mu
C4H4,13,internal,1123.5841,stretch,,0.4496661945609573,0.1251276905630702,C1-H2:0.0014;C1-C3:0.0562;C1-C4:0.1650;C1-C5:-0.0012;C3-C4:0.0005;C3-C5:-0.1654;C3-H6:-0.0008;C4-C5:-0.0568;C4-H7:0.0008;C5-H8:-0.0014,C1-H2:0.1047;C1-C3:0.1148;C1-C4:0.2390;C1-C5:0.0267;C3-C4:0.0063;C3-C5:-0.2334;C3-H6:0.1783;C4-C5:-0.0866;C4-H7:0.1880;C5-H8:0.0736,True,S,,-0.00194608680776,0.3494038450456666,0.1199786160226772,0.0010696648577741,-0.0308583850087279,0.0714924936856694,Wes2022,2.7625,2.0548,T2,,mu
C4H4,14,internal,1299.8494,stretch,,1.0,0.2305198896600523,C1-H2:0.0006;C1-C3:0.1663;C1-C4:0.1663;C1-C5:0.1663;C3-C4:0.1663;C3-C5:0.1663;C3-H6:0.0006;C4-C5:0.1663;C4-H7:0.0006;C5-H8:0.0006,C1-H2:0.0730;C1-C3:0.3355;C1-C4:0.3355;C1-C5:0.3355;C3-C4:0.3355;C3-C5:0.3355;C3-H6:0.0730;C4-C5:0.3355;C4-H7:0.0730;C5-H8:0.0730,True,S,,0.0,0.0,0.0,0.0,0.0,0.0,Wes2022,5.3032,5.2792,A1,,mu
C4H4,15,internal,3420.0987,stretch,,0.9577180497243436,0.2021026187460543,C1-H2:0.3390;C1-C3:-0.0072;C1-C4:-0.0237;C1-C5:0.0016;C3-C4:-0.0007;C3-C5:0.0244;C3-H6:-0.0532;C4-C5:0.0080;C4-H7:0.0854;C5-H8:-0.4145,C1-H2:0.6282;C1-C3:-0.0177;C1-C4:-0.0451;C1-C5:0.0042;C3-C4:-0.0030;C3-C5:0.0453;C3-H6:-0.2489;C4-C5:0.0187;C4-H7:0.3153;C5-H8:-0.6946,True,S,,-0.001892733551548,0.0213302436881624,0.0111730489437489,-0.0024958041210791,0.0031802048203443,-0.0083865476688035,Wes2022,1.0941,7.5404,T2,,mu
C4H4,16,internal,3420.0987,stretch,,0.957892347033088,0.2088082231647658,C1-H2:0.1759;C1-C3:0.0052;C1-C4:-0.0023;C1-C5:-0.0248;C3-C4:0.0258;C3-C5:0.0037;C3-H6:-0.4078;C4-C5:-0.0038;C4-H7:-0.0716;C5-H8:0.2369,C1-H2:0.4525;C1-C3:0.0121;C1-C4:-0.0075;C1-C5:-0.0468;C3-C4:0.0469;C3-C5:0.0087;C3-H6:-0.6890;C4-C5:-0.0109;C4-H7:-0.2886;C5-H8:0.5251,True,S,,0.0187858804164188,0.0042640536204465,-0.0061974077409045,-0.000577094701663,-0.0039544848562412,-0.0050406273985266,Wes2022,1.0941,7.5404,T2,,mu
C4H4,17,internal,3420.0987,stretch,,0.9619582541049508,0.1980962670446194,C1-H2:0.1542;C1-C3:-0.0218;C1-C4:0.0083;C1-C5:-0.0036;C3-C4:0.0068;C3-C5:-0.0051;C3-H6:0.2081;C4-C5:0.0242;C4-H7:-0.5122;C5-H8:-0.0177,C1-H2:0.4237;C1-C3:-0.0438;C1-C4:0.0175;C1-C5:-0.0132;C3-C4:0.0143;C3-C5:-0.0164;C3-H6:0.4922;C4-C5:0.0440;C4-H7:-0.7721;C5-H8:-0.1437,True,S,,0.0096781227437693,-0.0122476102223919,0.027575127743853,-0.0130690762564637,-0.013733589337948,-0.0012954034492751,Wes2022,1.0941,7.5404,T2,,mu
C4H4,18,internal,3462.4568,stretch,,0.9999999999999998,0.2400852610185344,C1-H2:0.2028;C1-C3:-0.0315;C1-C4:-0.0315;C1-C5:-0.0315;C3-C4:-0.0315;C3-C5:-0.0315;C3-H6:0.2028;C4-C5:-0.0315;C4-H7:0.2028;C5-H8:0.2028,C1-H2:0.5162;C1-C3:-0.0560;C1-C4:-0.0560;C1-C5:-0.0560;C3-C4:-0.0560;C3-C5:-0.0560;C3-H6:0.5162;C4-C5:-0.0560;C4-H7:0.5162;C5-H8:0.5162,True,S,,0.0,0.0,0.0,0.0,0.0,0.0,Wes2022,1.1274,7.9633,A1,,mu
C10H16,Tx,external,0.0,translation,,0.0,,,,True,Tx,,1.0,0.0,0.0,0.0,1.1115255387101681e-18,4.270088556250602e-18,,,,,,mu
C10H16,Ty,external,0.0,translation,,0.0,,,,True,Ty,,0.0,1.0,0.0,-1.8503717077085938e-17,0.0,0.0353028583707238,,,,,,mu
C10H16,Tz,external,0.0,translation,,0.0,,,,True,Tz,,0.0,0.0,1.0,4.625929269271485e-18,0.0353028583707238,0.0,,,,,,mu
C10H16,Rx,external,0.0,rotation,,3.5028957010108795e-17,,,,True,Rx,,0.0,-1.536496150716895e-17,-3.416070845000482e-17,1.0,-1.0675221390626506e-18,-4.270088556250602e-18,,,,,,mu
C10H16,Ry,external,0.0,rotation,,5.577989632092126e-17,,,,True,Ry,,3.527223398871499e-17,0.0,0.0353028583707238,-5.782411586589357e-18,1.0,-1.2150670771095756e-17,,,,,,mu
C10H16,Rz,external,0.0,rotation,,4.929970216305845e-17,,,,True,Rz,,2.135044278125301e-17,0.0353028583707238,0.0,-4.625929269271485e-18,-1.6420759327346357e-17,1.0,,,,,,mu
C10H16,1,internal,314.3049,bend,,0.0209950900733524,0.0091038023193449,C1-H2:-0.0002;C1-H3:0.0002;C1-C4:0.0012;C1-C6:-0.0008;C4-H5:-0.0000;C4-C11:0.0024;C4-C19:-0.0027;C6-H7:0.0000;C6-C8:0.0006;C6-C22:0.0002;C8-H9:0.0002;C8-H10:-0.0002;C8-C14:-0.0008;C11-H12:0.0000;C11-H13:-0.0000;C11-C14:-0.0021;C14-H15:0.0000;C14-C16:0.0024;C16-H17:0.0000;C16-H18:-0.0000;C16-C25:-0.0032;C19-H20:-0.0000;C19-H21:0.0000;C19-C25:0.0032;C22-H23:-0.0002;C22-H24:0.0002;C22-C25:-0.0004;C25-H26:-0.0000,C1-H2:0.0275;C1-H3:0.0296;C1-C4:0.0099;C1-C6:0.0027;C4-H5:0.0022;C4-C11:0.0067;C4-C19:-0.0051;C6-H7:0.0001;C6-C8:0.0054;C6-C22:0.0026;C8-H9:0.0330;C8-H10:0.0302;C8-C14:0.0085;C11-H12:0.0009;C11-H13:0.0027;C11-C14:-0.0042;C14-H15:0.0020;C14-C16:0.0071;C16-H17:0.0032;C16-H18:0.0010;C16-C25:-0.0040;C19-H20:0.0021;C19-H21:0.0007;C19-C25:0.0081;C22-H23:0.0216;C22-H24:0.0239;C22-C25:0.0074;C25-H26:0.0024,True,B,,-0.0329626582759071,0.0293864869350488,-0.1265922074327404,0.2100623934338915,0.1596678076760829,-0.0041723780693565,Jen2004,2.0055,0.1167,T1,,mu
C10H16,2,internal,314.3049,bend,,0.0260793727174697,0.0089589398341517,C1-H2:-0.0000;C1-H3:0.0000;C1-C4:-0.0035;C1-C6:0.0033;C4-H5:0.0000;C4-C11:0.0035;C4-C19:0.0023;C6-H7:-0.0000;C6-C8:-0.0029;C6-C22:-0.0028;C8-H9:-0.0000;C8-H10:0.0000;C8-C14:0.0013;C11-H12:-0.0001;C11-H13:0.0000;C11-C14:-0.0018;C14-H15:0.0000;C14-C16:0.0005;C16-H17:-0.0003;C16-H18:0.0003;C16-C25:-0.0005;C19-H20:0.0001;C19-H21:-0.0001;C19-C25:-0.0010;C22-H23:-0.0001;C22-H24:0.0001;C22-C25:0.0015;C25-H26:-0.0000,C1-H2:0.0001;C1-H3:0.0010;C1-C4:-0.0055;C1-C6:0.0087;C4-H5:0.0025;C4-C11:0.0086;C4-C19:0.0085;C6-H7:0.0024;C6-C8:-0.0008;C6-C22:0.0037;C8-H9:0.0052;C8-H10:0.0079;C8-C14:0.0049;C11-H12:0.0083;C11-H13:0.0078;C11-C14:-0.0037;C14-H15:0.0013;C14-C16:0.0100;C16-H17:0.0376;C16-H18:0.0405;C16-C25:0.0071;C19-H20:0.0160;C19-H21:0.0153;C19-C25:-0.0012;C22-H23:0.0170;C22-H24:0.0199;C22-C25:0.0049;C25-H26:0.0005,True,B,,-0.1016902059165078,-0.0566012955161062,-0.0441375619528957,-0.1627180537822101,0.1129624098209295,0.0470841129752299,Jen2004,2.0055,0.1167,T1,,mu
C10H16,3,internal,314.3049,bend,,0.0273011585719094,0.0089549601485058,C1-H2:-0.0001;C1-H3:0.0001;C1-C4:-0.0003;C1-C6:0.0007;C4-H5:0.0000;C4-C11:-0.0016;C4-C19:0.0019;C6-H7:-0.0000;C6-C8:0.0040;C6-C22:-0.0039;C8-H9:-0.0000;C8-H10:0.0000;C8-C14:-0.0026;C11-H12:-0.0002;C11-H13:0.0002;C11-C14:0.0020;C14-H15:0.0000;C14-C16:0.0013;C16-H17:-0.0000;C16-H18:0.0000;C16-C25:-0.0020;C19-H20:-0.0002;C19-H21:0.0002;C19-C25:-0.0028;C22-H23:0.0000;C22-H24:-0.0000;C22-C25:0.0031;C25-H26:0.0000,C1-H2:0.0144;C1-H3:0.0158;C1-C4:0.0000;C1-C6:0.0067;C4-H5:0.0003;C4-C11:0.0042;C4-C19:0.0066;C6-H7:0.0025;C6-C8:0.0091;C6-C22:-0.0043;C8-H9:0.0063;C8-H10:0.0058;C8-C14:-0.0045;C11-H12:0.0330;C11-H13:0.0354;C11-C14:0.0110;C14-H15:0.0017;C14-C16:0.0048;C16-H17:0.0017;C16-H18:0.0039;C16-C25:-0.0024;C19-H20:0.0257;C19-H21:0.0287;C19-C25:0.0057;C22-H23:0.0040;C22-H24:0.0021;C22-C25:0.0082;C25-H26:0.0021,True,B,,-0.0561257543775809,0.1174637265900667,0.0666095781974441,0.1044502755756177,-0.0391693801942537,0.1225254909687206,Jen2004,2.0055,0.1167,T1,,mu
C10H16,4,internal,412.4592,bend,,0.050340064519428,0.0089631588998759,C1-H2:0.0000;C1-H3:0.0000;C1-C4:0.0029;C1-C6:0.0029;C4-H5:-0.0000;C4-C11:-0.0060;C4-C19:0.0037;C6-H7:-0.0000;C6-C8:0.0037;C6-C22:-0.0060;C8-H9:0.0000;C8-H10:0.0000;C8-C14:0.0037;C11-H12:-0.0000;C11-H13:-0.0000;C11-C14:-0.0060;C14-H15:-0.0000;C14-C16:0.0029;C16-H17:0.0000;C16-H18:0.0000;C16-C25:0.0029;C19-H20:0.0000;C19-H21:0.0000;C19-C25:0.0037;C22-H23:-0.0000;C22-H24:-0.0000;C22-C25:-0.0060;C25-H26:-0.0000,C1-H2:0.0141;C1-H3:0.0141;C1-C4:0.0106;C1-C6:0.0106;C4-H5:0.0096;C4-C11:-0.0044;C4-C19:0.0116;C6-H7:0.0096;C6-C8:0.0116;C6-C22:-0.0044;C8-H9:0.0121;C8-H10:0.0121;C8-C14:0.0116;C11-H12:-0.0004;C11-H13:-0.0004;C11-C14:-0.0044;C14-H15:0.0096;C14-C16:0.0106;C16-H17:0.0141;C16-H18:0.0141;C16-C25:0.0106;C19-H20:0.0121;C19-H21:0.0121;C19-C25:0.0116;C22-H23:-0.0004;C22-H24:-0.0004;C22-C25:-0.0044;C25-H26:0.0096,True,B,,3.843079700625542e-17,9.13848348113802e-07,9.138483480951204e-07,2.312964634635743e-17,-2.4392764807655457e-06,-2.439276480743662e-06,Jen2004,4.7893,0.48,E,,mu
C10H16,5,internal,412.4592,bend,,0.0449173949280323,0.0085151604258378,C1-H2:-0.0000;C1-H3:-0.0000;C1-C4:-0.0055;C1-C6:-0.0055;C4-H5:-0.0000;C4-C11:0.0005;C4-C19:0.0052;C6-H7:-0.0000;C6-C8:0.0052;C6-C22:0.0005;C8-H9:0.0000;C8-H10:0.0000;C8-C14:0.0052;C11-H12:0.0000;C11-H13:0.0000;C11-C14:0.0005;C14-H15:-0.0000;C14-C16:-0.0055;C16-H17:-0.0000;C16-H18:-0.0000;C16-C25:-0.0055;C19-H20:0.0000;C19-H21:0.0000;C19-C25:0.0052;C22-H23:0.0000;C22-H24:0.0000;C22-C25:0.0005;C25-H26:-0.0000,C1-H2:0.0029;C1-H3:0.0029;C1-C4:-0.0032;C1-C6:-0.0032;C4-H5:0.0096;C4-C11:0.0073;C4-C19:0.0136;C6-H7:0.0096;C6-C8:0.0136;C6-C22:0.0073;C8-H9:0.0059;C8-H10:0.0059;C8-C14:0.0136;C11-H12:0.0171;C11-H13:0.0171;C11-C14:0.0073;C14-H15:0.0096;C14-C16:-0.0032;C16-H17:0.0029;C16-H18:0.0029;C16-C25:-0.0032;C19-H20:0.0059;C19-H21:0.0059;C19-C25:0.0136;C22-H23:0.0171;C22-H24:0.0171;C22-C25:0.0073;C25-H26:0.0096,True,B,,4.5369690910162655e-18,-4.5369690910162655e-18,8.540177112501206e-18,-1.8503717077085938e-17,1.2810265668751808e-17,1.601283208593976e-18,Jen2004,4.7893,0.48,E,,mu
C10H16,6,internal,443.2287,bend,,0.0423300257732696,0.0112146754317593,C1-H2:0.0003;C1-H3:-0.0002;C1-C4:0.0046;C1-C6:-0.0002;C4-H5:-0.0000;C4-C11:-0.0060;C4-C19:-0.0015;C6-H7:-0.0000;C6-C8:-0.0031;C6-C22:-0.0025;C8-H9:-0.0000;C8-H10:0.0000;C8-C14:0.0032;C11-H12:0.0002;C11-H13:-0.0002;C11-C14:0.0032;C14-H15:0.0000;C14-C16:0.0012;C16-H17:-0.0001;C16-H18:0.0001;C16-C25:-0.0041;C19-H20:-0.0008;C19-H21:0.0008;C19-C25:0.0027;C22-H23:-0.0003;C22-H24:0.0004;C22-C25:0.0065;C25-H26:0.0000,C1-H2:0.0156;C1-H3:0.0136;C1-C4:0.0089;C1-C6:0.0015;C4-H5:0.0005;C4-C11:-0.0084;C4-C19:0.0047;C6-H7:0.0002;C6-C8:-0.0115;C6-C22:-0.0001;C8-H9:0.0012;C8-H10:0.0021;C8-C14:0.0110;C11-H12:0.0152;C11-H13:0.0118;C11-C14:0.0067;C14-H15:0.0002;C14-C16:0.0033;C16-H17:0.0049;C16-H18:0.0074;C16-C25:-0.0083;C19-H20:0.0519;C19-H21:0.0570;C19-C25:0.0082;C22-H23:0.0230;C22-H24:0.0259;C22-C25:0.0106;C25-H26:0.0005,True,B,,-0.107001630460068,-0.0423034713212284,0.1132896968068722,0.1568892759823118,0.0887329643007043,-0.057395287247395,Jen2004,1.7294,0.2002,T2,,mu
C10H16,7,internal,443.2287,bend,,0.0483857174751419,0.0112573961844476,C1-H2:-0.0001;C1-H3:0.0001;C1-C4:0.0043;C1-C6:-0.0045;C4-H5:0.0000;C4-C11:0.0043;C4-C19:0.0006;C6-H7:-0.0000;C6-C8:0.0011;C6-C22:-0.0032;C8-H9:0.0002;C8-H10:-0.0001;C8-C14:0.0035;C11-H12:0.0002;C11-H13:-0.0002;C11-C14:-0.0062;C14-H15:-0.0000;C14-C16:-0.0028;C16-H17:-0.0007;C16-H18:0.0008;C16-C25:0.0048;C19-H20:-0.0000;C19-H21:0.0000;C19-C25:-0.0027;C22-H23:0.0005;C22-H24:-0.0004;C22-C25:0.0068;C25-H26:0.0000,C1-H2:0.0043;C1-H3:0.0061;C1-C4:0.0105;C1-C6:-0.0109;C4-H5:0.0002;C4-C11:0.0083;C4-C19:0.0023;C6-H7:0.0002;C6-C8:0.0034;C6-C22:0.0004;C8-H9:0.0138;C8-H10:0.0120;C8-C14:0.0072;C11-H12:0.0142;C11-H13:0.0110;C11-C14:-0.0092;C14-H15:0.0004;C14-C16:0.0030;C16-H17:0.0471;C16-H18:0.0518;C16-C25:0.0096;C19-H20:0.0008;C19-H21:0.0021;C19-C25:-0.0087;C22-H23:0.0349;C22-H24:0.0314;C22-C25:0.0108;C25-H26:0.0005,True,B,,-0.0626511047657657,-0.0227648564473845,-0.1426650614765564,-0.181427499387466,-0.1236734370200548,-0.0410620205274672,Jen2004,1.7294,0.2002,T2,,mu
C10H16,8,internal,443.2287,bend,,0.0312507497912833,0.010546762617335,C1-H2:0.0005;C1-H3:-0.0006;C1-C4:-0.0009;C1-C6:-0.0040;C4-H5:0.0000;C4-C11:-0.0021;C4-C19:0.0020;C6-H7:0.0000;C6-C8:-0.0032;C6-C22:0.0018;C8-H9:0.0006;C8-H10:-0.0007;C8-C14:-0.0013;C11-H12:-0.0005;C11-H13:0.0004;C11-C14:-0.0032;C14-H15:0.0000;C14-C16:0.0025;C16-H17:-0.0000;C16-H18:0.0000;C16-C25:-0.0025;C19-H20:-0.0000;C19-H21:0.0000;C19-C25:-0.0025;C22-H23:0.0000;C22-H24:0.0000;C22-C25:-0.0019;C25-H26:-0.0000,C1-H2:0.0406;C1-H3:0.0350;C1-C4:0.0034;C1-C6:0.0003;C4-H5:0.0005;C4-C11:0.0013;C4-C19:0.0120;C6-H7:0.0005;C6-C8:0.0018;C6-C22:0.0113;C8-H9:0.0458;C8-H10:0.0401;C8-C14:0.0036;C11-H12:0.0283;C11-H13:0.0335;C11-C14:0.0000;C14-H15:0.0005;C14-C16:0.0118;C16-H17:0.0012;C16-H18:0.0018;C16-C25:-0.0064;C19-H20:0.0006;C19-H21:0.0010;C19-C25:-0.0075;C22-H23:0.0008;C22-H24:0.0005;C22-C25:-0.0051;C25-H26:-0.0001,True,B,,-0.1330264220353735,0.2775400681345957,0.0244045404926878,-0.0021234781230119,0.0262844837414067,-0.0116540387729174,Jen2004,1.7294,0.2002,T2,,mu
C10H16,9,internal,651.4297,bend,,0.184830398576185,0.0277131543229669,C1-H2:-0.0001;C1-H3:0.0002;C1-C4:0.0044;C1-C6:0.0009;C4-H5:-0.0000;C4-C11:-0.0187;C4-C19:0.0043;C6-H7:-0.0000;C6-C8:-0.0179;C6-C22:0.0035;C8-H9:-0.0000;C8-H10:-0.0000;C8-C14:0.0380;C11-H12:-0.0000;C11-H13:-0.0000;C11-C14:0.0356;C14-H15:0.0000;C14-C16:0.0379;C16-H17:-0.0000;C16-H18:-0.0000;C16-C25:-0.0179;C19-H20:0.0002;C19-H21:-0.0001;C19-C25:0.0010;C22-H23:0.0002;C22-H24:-0.0001;C22-C25:0.0036;C25-H26:-0.0000,C1-H2:0.0389;C1-H3:0.0375;C1-C4:0.0149;C1-C6:0.0076;C4-H5:0.0270;C4-C11:-0.0579;C4-C19:0.0147;C6-H7:0.0250;C6-C8:-0.0618;C6-C22:0.0135;C8-H9:0.0065;C8-H10:0.0072;C8-C14:0.0632;C11-H12:0.0055;C11-H13:0.0056;C11-C14:0.0597;C14-H15:0.0012;C14-C16:0.0631;C16-H17:0.0072;C16-H18:0.0065;C16-C25:-0.0617;C19-H20:0.0377;C19-H21:0.0391;C19-C25:0.0077;C22-H23:0.0321;C22-H24:0.0342;C22-C25:0.0137;C25-H26:0.0251,True,B,,-0.0296676086711551,-0.0007516427859421,-0.000889165861221,-0.0003410823613491,0.007893957210105,-0.0001620657634346,Jen2004,3.6011,0.9004,T2,,mu
C10H16,10,internal,651.4297,bend,,0.2030864924372176,0.0256593308179651,C1-H2:0.0000;C1-H3:0.0000;C1-C4:-0.0371;C1-C6:0.0251;C4-H5:-0.0000;C4-C11:-0.0254;C4-C19:-0.0278;C6-H7:0.0000;C6-C8:0.0119;C6-C22:0.0094;C8-H9:0.0001;C8-H10:-0.0002;C8-C14:-0.0131;C11-H12:0.0001;C11-H13:0.0000;C11-C14:0.0190;C14-H15:0.0000;C14-C16:-0.0013;C16-H17:-0.0003;C16-H18:0.0002;C16-C25:0.0004;C19-H20:-0.0000;C19-H21:0.0001;C19-C25:0.0174;C22-H23:0.0000;C22-H24:-0.0002;C22-C25:-0.0139;C25-H26:0.0000,C1-H2:0.0104;C1-H3:0.0103;C1-C4:-0.0560;C1-C6:0.0690;C4-H5:0.0041;C4-C11:-0.0155;C4-C19:-0.0213;C6-H7:0.0162;C6-C8:0.0291;C6-C22:0.0259;C8-H9:0.0281;C8-H10:0.0199;C8-C14:-0.0290;C11-H12:0.0099;C11-H13:0.0112;C11-C14:0.0511;C14-H15:0.0292;C14-C16:-0.0045;C16-H17:0.0479;C16-H18:0.0546;C16-C25:0.0030;C19-H20:0.0138;C19-H21:0.0126;C19-C25:0.0528;C22-H23:0.0239;C22-H24:0.0158;C22-C25:-0.0247;C25-H26:0.0287,True,B,,0.0794840993628435,0.0800492387664644,-0.0255344816190957,-0.0344993392861958,0.0469525752227459,0.0337595185474841,Jen2004,3.6011,0.9004,T2,,mu
C10H16,11,internal,651.4297,bend,,0.1958827212851294,0.0278492333563488,C1-H2:0.0001;C1-H3:-0.0000;C1-C4:0.0123;C1-C6:-0.0026;C4-H5:-0.0000;C4-C11:-0.0035;C4-C19:-0.0158;C6-H7:-0.0000;C6-C8:-0.0118;C6-C22:-0.0221;C8-H9:0.0002;C8-H10:-0.0001;C8-C14:0.0102;C11-H12:-0.0002;C11-H13:0.0003;C11-C14:0.0036;C14-H15:0.0000;C14-C16:-0.0210;C16-H17:-0.0000;C16-H18:-0.0000;C16-C25:0.0231;C19-H20:0.0000;C19-H21:-0.0001;C19-C25:0.0318;C22-H23:0.0000;C22-H24:-0.0000;C22-C25:0.0369;C25-H26:0.0000,C1-H2:0.0166;C1-H3:0.0193;C1-C4:0.0297;C1-C6:0.0091;C4-H5:0.0261;C4-C11:-0.0082;C4-C19:-0.0559;C6-H7:0.0173;C6-C8:-0.0122;C6-C22:-0.0654;C8-H9:0.0325;C8-H10:0.0336;C8-C14:0.0344;C11-H12:0.0479;C11-H13:0.0495;C11-C14:0.0177;C14-H15:0.0293;C14-C16:-0.0413;C16-H17:0.0057;C16-H18:0.0029;C16-C25:0.0451;C19-H20:0.0161;C19-H21:0.0117;C19-C25:0.0565;C22-H23:0.0121;C22-H24:0.0105;C22-C25:0.0680;C25-H26:0.0056,True,B,,-0.0141602794765108,-0.0883744125501413,0.0638394500492339,0.0299873452438669,0.039693130154604,0.0882972228148405,Jen2004,3.6011,0.9004,T2,,mu
C10H16,12,internal,752.8258,stretch,,0.9981810510339492,0.0497118623685147,C1-H2:0.0000;C1-H3:0.0000;C1-C4:0.0832;C1-C6:0.0832;C4-H5:0.0000;C4-C11:0.0832;C4-C19:0.0832;C6-H7:0.0000;C6-C8:0.0832;C6-C22:0.0832;C8-H9:0.0000;C8-H10:0.0000;C8-C14:0.0832;C11-H12:0.0000;C11-H13:0.0000;C11-C14:0.0832;C14-H15:0.0000;C14-C16:0.0832;C16-H17:0.0000;C16-H18:0.0000;C16-C25:0.0832;C19-H20:0.0000;C19-H21:0.0000;C19-C25:0.0832;C22-H23:0.0000;C22-H24:0.0000;C22-C25:0.0832;C25-H26:0.0000,C1-H2:0.0021;C1-H3:0.0021;C1-C4:0.1120;C1-C6:0.1120;C4-H5:0.0057;C4-C11:0.1120;C4-C19:0.1120;C6-H7:0.0057;C6-C8:0.1120;C6-C22:0.1120;C8-H9:0.0021;C8-H10:0.0021;C8-C14:0.1120;C11-H12:0.0021;C11-H13:0.0021;C11-C14:0.1120;C14-H15:0.0057;C14-C16:0.1120;C16-H17:0.0021;C16-H18:0.0021;C16-C25:0.1120;C19-H20:0.0021;C19-H21:0.0021;C19-C25:0.1120;C22-H23:0.0021;C22-H24:0.0021;C22-C25:0.1120;C25-H26:0.0057,True,S,,-4.270088556250602e-18,-2.5620531337503614e-17,1.750502455042302e-17,-9.251858538542969e-18,-5.147742798394501e-18,6.064978199105365e-18,Jen2004,4.9977,1.6688,A1,,mu
C10H16,13,internal,794.9176,stretch,,0.5762844118900581,0.0376905649914105,C1-H2:0.0000;C1-H3:-0.0000;C1-C4:-0.0535;C1-C6:0.0559;C4-H5:0.0001;C4-C11:-0.0862;C4-C19:-0.0790;C6-H7:-0.0001;C6-C8:0.0807;C6-C22:0.0879;C8-H9:0.0000;C8-H10:-0.0000;C8-C14:0.0267;C11-H12:0.0000;C11-H13:-0.0000;C11-C14:-0.0387;C14-H15:0.0000;C14-C16:-0.0011;C16-H17:-0.0000;C16-H18:0.0000;C16-C25:0.0006;C19-H20:-0.0000;C19-H21:0.0000;C19-C25:-0.0269;C22-H23:0.0000;C22-H24:-0.0000;C22-C25:0.0386;C25-H26:-0.0000,C1-H2:0.0156;C1-H3:0.0154;C1-C4:-0.0554;C1-C6:0.0854;C4-H5:0.0059;C4-C11:-0.1361;C4-C19:-0.1250;C6-H7:0.0020;C6-C8:0.1310;C6-C22:0.1399;C8-H9:0.0071;C8-H10:0.0068;C8-C14:0.0566;C11-H12:0.0058;C11-H13:0.0038;C11-C14:-0.0675;C14-H15:0.0117;C14-C16:-0.0066;C16-H17:0.0067;C16-H18:0.0089;C16-C25:0.0049;C19-H20:0.0056;C19-H21:0.0077;C19-C25:-0.0452;C22-H23:0.0051;C22-H24:0.0051;C22-C25:0.0769;C25-H26:0.0115,True,S,,0.1201451858113032,0.0645805397690456,0.0658849414463892,0.0554768408631117,0.0048363198931547,0.0056796854172174,Jen2004,3.0193,1.1241,T2,,mu
C10H16,14,internal,794.9176,stretch,,0.558396017322567,0.0384506796451077,C1-H2:0.0000;C1-H3:0.0000;C1-C4:0.0835;C1-C6:0.0830;C4-H5:-0.0001;C4-C11:0.0297;C4-C19:0.0264;C6-H7:-0.0001;C6-C8:0.0290;C6-C22:0.0257;C8-H9:-0.0000;C8-H10:0.0000;C8-C14:-0.0203;C11-H12:0.0000;C11-H13:-0.0000;C11-C14:-0.0202;C14-H15:0.0001;C14-C16:-0.0786;C16-H17:-0.0000;C16-H18:-0.0000;C16-C25:-0.0889;C19-H20:-0.0000;C19-H21:0.0000;C19-C25:-0.0362;C22-H23:-0.0000;C22-H24:0.0000;C22-C25:-0.0363;C25-H26:0.0001,C1-H2:0.0003;C1-H3:0.0002;C1-C4:0.1386;C1-C6:0.1381;C4-H5:0.0065;C4-C11:0.0619;C4-C19:0.0535;C6-H7:0.0066;C6-C8:0.0609;C6-C22:0.0525;C8-H9:0.0104;C8-H10:0.0119;C8-C14:-0.0328;C11-H12:0.0120;C11-H13:0.0105;C11-C14:-0.0323;C14-H15:0.0098;C14-C16:-0.1306;C16-H17:0.0001;C16-H18:0.0000;C16-C25:-0.1436;C19-H20:0.0113;C19-H21:0.0129;C19-C25:-0.0533;C22-H23:0.0113;C22-H24:0.0128;C22-C25:-0.0538;C25-H26:0.0083,True,S,,-0.0041841125362803,0.0998203896074218,-0.0944380719565673,0.0127899754099736,-0.0696782296343302,0.0925512122264057,Jen2004,3.0193,1.1241,T2,,mu
C10H16,15,internal,794.9176,stretch,,0.575599459918048,0.0378181731240502,C1-H2:0.0000;C1-H3:-0.0000;C1-C4:0.0028;C1-C6:0.0009;C4-H5:-0.0000;C4-C11:-0.0257;C4-C19:0.0391;C6-H7:0.0000;C6-C8:-0.0378;C6-C22:0.0272;C8-H9:0.0000;C8-H10:-0.0000;C8-C14:-0.0936;C11-H12:-0.0000;C11-H13:0.0000;C11-C14:-0.0864;C14-H15:0.0001;C14-C16:-0.0640;C16-H17:0.0000;C16-H18:-0.0000;C16-C25:0.0451;C19-H20:-0.0000;C19-H21:0.0000;C19-C25:0.0800;C22-H23:-0.0000;C22-H24:0.0000;C22-C25:0.0725;C25-H26:-0.0001,C1-H2:0.0087;C1-H3:0.0068;C1-C4:0.0178;C1-C6:0.0064;C4-H5:0.0112;C4-C11:-0.0390;C4-C19:0.0805;C6-H7:0.0117;C6-C8:-0.0615;C6-C22:0.0600;C8-H9:0.0061;C8-H10:0.0045;C8-C14:-0.1397;C11-H12:0.0063;C11-H13:0.0082;C11-C14:-0.1284;C14-H15:0.0050;C14-C16:-0.0685;C16-H17:0.0155;C16-H18:0.0153;C16-C25:0.0728;C19-H20:0.0046;C19-H21:0.0047;C19-C25:0.1344;C22-H23:0.0063;C22-H24:0.0066;C22-C25:0.1252;C25-H26:0.0031,True,S,,0.089395632207601,-0.0877013664443483,-0.0782778467657131,0.0776902876512161,-0.0430825837585648,-0.0289616961126908,Jen2004,3.0193,1.1241,T2,,mu
C10H16,16,internal,916.025,stretch,,0.5698798832259896,0.0395885623011525,C1-H2:-0.0000;C1-H3:-0.0000;C1-C4:0.0714;C1-C6:0.0714;C4-H5:0.0000;C4-C11:-0.0707;C4-C19:-0.0002;C6-H7:0.0000;C6-C8:-0.0002;C6-C22:-0.0707;C8-H9:0.0000;C8-H10:0.0000;C8-C14:-0.0002;C11-H12:0.0000;C11-H13:0.0000;C11-C14:-0.0707;C14-H15:0.0000;C14-C16:0.0714;C16-H17:-0.0000;C16-H18:-0.0000;C16-C25:0.0714;C19-H20:0.0000;C19-H21:0.0000;C19-C25:-0.0002;C22-H23:0.0000;C22-H24:0.0000;C22-C25:-0.0707;C25-H26:0.0000,C1-H2:0.0025;C1-H3:0.0025;C1-C4:0.1178;C1-C6:0.1178;C4-H5:0.0242;C4-C11:-0.1079;C4-C19:0.0031;C6-H7:0.0242;C6-C8:0.0031;C6-C22:-0.1079;C8-H9:0.0158;C8-H10:0.0158;C8-C14:0.0031;C11-H12:0.0059;C11-H13:0.0059;C11-C14:-0.1079;C14-H15:0.0242;C14-C16:0.1178;C16-H17:0.0025;C16-H18:0.0025;C16-C25:0.1178;C19-H20:0.0158;C19-H21:0.0158;C19-C25:0.0031;C22-H23:0.0059;C22-H24:0.0059;C22-C25:-0.1079;C25-H26:0.0242,True,S,,-4.270088556250602e-18,0.0,4.270088556250602e-18,-1.8503717077085938e-17,-1.2810265668751808e-17,0.0,Jen2004,2.3837,1.1784,E,,mu
C10H16,17,internal,916.025,stretch,,0.6088473683894475,0.0445908728083612,C1-H2:-0.0000;C1-H3:-0.0000;C1-C4:0.0304;C1-C6:0.0304;C4-H5:-0.0000;C4-C11:0.0311;C4-C19:-0.0906;C6-H7:-0.0000;C6-C8:-0.0906;C6-C22:0.0311;C8-H9:0.0000;C8-H10:0.0000;C8-C14:-0.0906;C11-H12:-0.0000;C11-H13:-0.0000;C11-C14:0.0311;C14-H15:-0.0000;C14-C16:0.0304;C16-H17:-0.0000;C16-H18:-0.0000;C16-C25:0.0304;C19-H20:0.0000;C19-H21:0.0000;C19-C25:-0.0906;C22-H23:-0.0000;C22-H24:-0.0000;C22-C25:0.0311;C25-H26:-0.0000,C1-H2:0.0111;C1-H3:0.0111;C1-C4:0.0687;C1-C6:0.0687;C4-H5:0.0242;C4-C11:0.0698;C4-C19:-0.1253;C6-H7:0.0242;C6-C8:-0.1253;C6-C22:0.0698;C8-H9:0.0022;C8-H10:0.0022;C8-C14:-0.1253;C11-H12:0.0109;C11-H13:0.0109;C11-C14:0.0698;C14-H15:0.0242;C14-C16:0.0687;C16-H17:0.0111;C16-H18:0.0111;C16-C25:0.0687;C19-H20:0.0022;C19-H21:0.0022;C19-C25:-0.1253;C22-H23:0.0109;C22-H24:0.0109;C22-C25:0.0698;C25-H26:0.0242,True,S,,-1.2810265668751808e-17,8.540177112501206e-18,0.0,-1.8503717077085938e-17,-4.270088556250602e-18,0.0,Jen2004,2.3837,1.1784,E,,mu
C10H16,18,internal,919.8538,bend,,0.164207489152058,0.0299869624590305,C1-H2:-0.0000;C1-H3:0.0000;C1-C4:-0.0254;C1-C6:0.0253;C4-H5:0.0000;C4-C11:0.0258;C4-C19:-0.0002;C6-H7:-0.0000;C6-C8:-0.0262;C6-C22:0.0004;C8-H9:-0.0000;C8-H10:0.0000;C8-C14:0.0261;C11-H12:-0.0000;C11-H13:0.0000;C11-C14:-0.0256;C14-H15:0.0000;C14-C16:-0.0002;C16-H17:0.0013;C16-H18:-0.0013;C16-C25:0.0003;C19-H20:-0.0013;C19-H21:0.0013;C19-C25:0.0003;C22-H23:0.0013;C22-H24:-0.0013;C22-C25:-0.0006;C25-H26:-0.0000,C1-H2:0.0005;C1-H3:0.0003;C1-C4:-0.0540;C1-C6:0.0545;C4-H5:0.0062;C4-C11:0.0550;C4-C19:0.0008;C6-H7:0.0063;C6-C8:-0.0550;C6-C22:0.0022;C8-H9:0.0005;C8-H10:0.0003;C8-C14:0.0555;C11-H12:0.0002;C11-H13:0.0007;C11-C14:-0.0545;C14-H15:0.0064;C14-C16:0.0007;C16-H17:0.0830;C16-H18:0.0736;C16-C25:0.0032;C19-H20:0.0762;C19-H21:0.0858;C19-C25:0.0032;C22-H23:0.0844;C22-H24:0.0749;C22-C25:0.0018;C25-H26:0.0000,True,B,,-0.0055567357357685,-0.0039185339043076,0.0011896064405586,-0.1990645186843549,0.3004621187496077,-0.016442749289758,Jen2004,1.6343,0.8148,T1,,mu
C10H16,19,internal,919.8538,bend,,0.2012848490807998,0.0324458178913908,C1-H2:-0.0003;C1-H3:0.0003;C1-C4:-0.0117;C1-C6:0.0170;C4-H5:0.0000;C4-C11:-0.0109;C4-C19:0.0372;C6-H7:-0.0000;C6-C8:0.0030;C6-C22:-0.0215;C8-H9:0.0019;C8-H10:-0.0019;C8-C14:-0.0032;C11-H12:0.0008;C11-H13:-0.0008;C11-C14:0.0163;C14-H15:0.0000;C14-C16:-0.0123;C16-H17:0.0006;C16-H18:-0.0006;C16-C25:0.0071;C19-H20:0.0000;C19-H21:-0.0000;C19-C25:-0.0370;C22-H23:-0.0004;C22-H24:0.0004;C22-C25:0.0161;C25-H26:-0.0000,C1-H2:0.0144;C1-H3:0.0192;C1-C4:-0.0364;C1-C6:0.0375;C4-H5:0.0070;C4-C11:-0.0292;C4-C19:0.0666;C6-H7:0.0033;C6-C8:0.0078;C6-C22:-0.0405;C8-H9:0.1205;C8-H10:0.1093;C8-C14:-0.0022;C11-H12:0.0510;C11-H13:0.0433;C11-C14:0.0317;C14-H15:0.0016;C14-C16:-0.0229;C16-H17:0.0395;C16-H18:0.0330;C16-C25:0.0249;C19-H20:0.0018;C19-H21:0.0008;C19-C25:-0.0661;C22-H23:0.0219;C22-H24:0.0271;C22-C25:0.0420;C25-H26:0.0071,True,B,,-0.0411522789469149,0.0182830934509137,-0.0161916390325501,-0.1389293397166985,-0.1340230734658902,0.1575487811235404,Jen2004,1.6343,0.8148,T1,,mu
C10H16,20,internal,919.8538,bend,,0.2044850879227508,0.0323377242368842,C1-H2:-0.0017;C1-H3:0.0017;C1-C4:0.0093;C1-C6:-0.0078;C4-H5:0.0000;C4-C11:-0.0147;C4-C19:0.0048;C6-H7:-0.0000;C6-C8:-0.0147;C6-C22:0.0282;C8-H9:0.0000;C8-H10:-0.0000;C8-C14:0.0121;C11-H12:-0.0012;C11-H13:0.0012;C11-C14:0.0109;C14-H15:0.0000;C14-C16:-0.0346;C16-H17:-0.0001;C16-H18:0.0001;C16-C25:0.0331;C19-H20:-0.0006;C19-H21:0.0006;C19-C25:-0.0022;C22-H23:-0.0003;C22-H24:0.0003;C22-C25:-0.0243;C25-H26:-0.0000,C1-H2:0.0970;C1-H3:0.1076;C1-C4:0.0177;C1-C6:-0.0127;C4-H5:0.0010;C4-C11:-0.0222;C4-C19:0.0117;C6-H7:0.0046;C6-C8:-0.0372;C6-C22:0.0533;C8-H9:0.0037;C8-H10:0.0022;C8-C14:0.0378;C11-H12:0.0690;C11-H13:0.0780;C11-C14:0.0259;C14-H15:0.0062;C14-C16:-0.0619;C16-H17:0.0053;C16-H18:0.0078;C16-C25:0.0627;C19-H20:0.0350;C19-H21:0.0419;C19-C25:-0.0096;C22-H23:0.0147;C22-H24:0.0195;C22-C25:-0.0522;C25-H26:0.0071,True,B,,0.0109088654562365,-0.0186448790199643,0.0094546907195776,-0.1218263140876065,-0.1055806439713626,-0.1695546749536197,Jen2004,1.6343,0.8148,T1,,mu
C10H16,21,internal,994.1528,stretch,,0.4708003626366947,0.0389190531367041,C1-H2:-0.0001;C1-H3:-0.0000;C1-C4:0.0330;C1-C6:0.0368;C4-H5:0.0002;C4-C11:-0.0786;C4-C19:-0.0089;C6-H7:0.0001;C6-C8:-0.0764;C6-C22:-0.0079;C8-H9:0.0000;C8-H10:0.0000;C8-C14:0.0499;C11-H12:0.0000;C11-H13:0.0000;C11-C14:0.0551;C14-H15:-0.0001;C14-C16:-0.0040;C16-H17:0.0000;C16-H18:0.0000;C16-C25:-0.0723;C19-H20:-0.0000;C19-H21:-0.0001;C19-C25:0.0257;C22-H23:0.0000;C22-H24:-0.0001;C22-C25:0.0214;C25-H26:-0.0000,C1-H2:0.0069;C1-H3:0.0132;C1-C4:0.0610;C1-C6:0.0675;C4-H5:0.0091;C4-C11:-0.1194;C4-C19:-0.0180;C6-H7:0.0091;C6-C8:-0.1192;C6-C22:-0.0180;C8-H9:0.0168;C8-H10:0.0184;C8-C14:0.0781;C11-H12:0.0178;C11-H13:0.0165;C11-C14:0.0843;C14-H15:-0.0051;C14-C16:0.0045;C16-H17:0.0044;C16-H18:0.0041;C16-C25:-0.1118;C19-H20:0.0380;C19-H21:0.0331;C19-C25:0.0699;C22-H23:0.0401;C22-H24:0.0355;C22-C25:0.0634;C25-H26:0.0063,True,S,,-0.0377811002408453,0.0033255636388812,0.0604066606793021,0.0093312515241591,-0.0236794539191779,0.0171140346782386,Jen2004,2.3123,1.3465,T2,,mu
C10H16,22,internal,994.1528,stretch,,0.4256228851322627,0.0346523211099876,C1-H2:0.0000;C1-H3:0.0000;C1-C4:-0.0840;C1-C6:0.0830;C4-H5:0.0002;C4-C11:-0.0023;C4-C19:-0.0076;C6-H7:-0.0002;C6-C8:0.0091;C6-C22:0.0037;C8-H9:0.0001;C8-H10:0.0000;C8-C14:-0.0590;C11-H12:-0.0000;C11-H13:-0.0001;C11-C14:0.0579;C14-H15:0.0000;C14-C16:-0.0005;C16-H17:-0.0001;C16-H18:0.0001;C16-C25:0.0007;C19-H20:-0.0001;C19-H21:-0.0000;C19-C25:0.0571;C22-H23:0.0001;C22-H24:0.0000;C22-C25:-0.0598;C25-H26:-0.0000,C1-H2:0.0135;C1-H3:0.0134;C1-C4:-0.1098;C1-C6:0.1165;C4-H5:0.0084;C4-C11:0.0044;C4-C19:-0.0045;C6-H7:-0.0036;C6-C8:0.0220;C6-C22:0.0137;C8-H9:0.0150;C8-H10:0.0193;C8-C14:-0.1055;C11-H12:0.0165;C11-H13:0.0110;C11-C14:0.1039;C14-H15:0.0076;C14-C16:-0.0035;C16-H17:0.0466;C16-H18:0.0477;C16-C25:0.0059;C19-H20:0.0135;C19-H21:0.0191;C19-C25:0.1044;C22-H23:0.0125;C22-H24:0.0169;C22-C25:-0.1044;C25-H26:0.0071,True,S,,0.0423124169712683,0.0322522917364681,0.0309162438102099,0.047758939788613,-0.0405760435146524,-0.0412605469199538,Jen2004,2.3123,1.3465,T2,,mu
C10H16,23,internal,994.1528,stretch,,0.475946684801025,0.0394379351752905,C1-H2:-0.0000;C1-H3:-0.0001;C1-C4:0.0118;C1-C6:0.0097;C4-H5:0.0001;C4-C11:0.0221;C4-C19:-0.0853;C6-H7:0.0001;C6-C8:0.0232;C6-C22:-0.0861;C8-H9:-0.0000;C8-H10:-0.0001;C8-C14:0.0151;C11-H12:-0.0001;C11-H13:-0.0000;C11-C14:0.0117;C14-H15:0.0001;C14-C16:-0.0899;C16-H17:0.0000;C16-H18:0.0000;C16-C25:0.0512;C19-H20:0.0000;C19-H21:0.0000;C19-C25:0.0321;C22-H23:0.0000;C22-H24:0.0000;C22-C25:0.0368;C25-H26:-0.0000,C1-H2:0.0395;C1-H3:0.0330;C1-C4:0.0371;C1-C6:0.0305;C4-H5:0.0087;C4-C11:0.0558;C4-C19:-0.1300;C6-H7:0.0088;C6-C8:0.0557;C6-C22:-0.1305;C8-H9:0.0308;C8-H10:0.0234;C8-C14:0.0368;C11-H12:0.0258;C11-H13:0.0330;C11-C14:0.0304;C14-H15:0.0091;C14-C16:-0.1317;C16-H17:0.0109;C16-H18:0.0111;C16-C25:0.0761;C19-H20:0.0093;C19-H21:0.0086;C19-C25:0.0525;C22-H23:0.0103;C22-H24:0.0094;C22-C25:0.0585;C25-H26:-0.0071,True,S,,0.0276738839765473,-0.0367970472579889,-0.0011828664238471,0.012857307122976,0.0105803127701934,0.0337880119725904,Jen2004,2.3123,1.3465,T2,,mu
C10H16,24,internal,1069.149,stretch,,0.5668340758159078,0.0449733644566027,C1-H2:0.0000;C1-H3:-0.0000;C1-C4:0.0933;C1-C6:-0.0893;C4-H5:-0.0000;C4-C11:-0.1017;C4-C19:0.0041;C6-H7:0.0000;C6-C8:0.0749;C6-C22:0.0072;C8-H9:-0.0000;C8-H10:0.0000;C8-C14:-0.0766;C11-H12:0.0000;C11-H13:-0.0000;C11-C14:0.0994;C14-H15:-0.0000;C14-C16:-0.0114;C16-H17:0.0004;C16-H18:-0.0004;C16-C25:0.0036;C19-H20:-0.0004;C19-H21:0.0004;C19-C25:-0.0005;C22-H23:0.0004;C22-H24:-0.0003;C22-C25:-0.0025;C25-H26:0.0000,C1-H2:0.0228;C1-H3:0.0202;C1-C4:0.1402;C1-C6:-0.1379;C4-H5:0.0038;C4-C11:-0.1453;C4-C19:0.0144;C6-H7:0.0033;C6-C8:0.1256;C6-C22:0.0204;C8-H9:0.0319;C8-H10:0.0308;C8-C14:-0.1224;C11-H12:0.0164;C11-H13:0.0168;C11-C14:0.1473;C14-H15:0.0035;C14-C16:-0.0159;C16-H17:0.0349;C16-H18:0.0274;C16-C25:0.0227;C19-H20:0.0357;C19-H21:0.0427;C19-C25:-0.0079;C22-H23:0.0318;C22-H24:0.0234;C22-C25:-0.0137;C25-H26:0.0001,True,S,,-0.0404404885735905,-0.0250630177276355,0.0508544513099757,-0.1772930555237355,0.2052593630117266,0.0594719704410846,Jen2004,2.1938,1.4775,T1,,mu
C10H16,25,internal,1069.1491,stretch,,0.587040419043485,0.0483660862333282,C1-H2:0.0003;C1-H3:-0.0003;C1-C4:0.0199;C1-C6:-0.0365;C4-H5:-0.0000;C4-C11:0.0014;C4-C19:-0.0223;C6-H7:-0.0000;C6-C8:-0.0610;C6-C22:0.1272;C8-H9:0.0002;C8-H10:-0.0002;C8-C14:0.0470;C11-H12:0.0003;C11-H13:-0.0003;C11-C14:-0.0017;C14-H15:0.0000;C14-C16:-0.0437;C16-H17:0.0002;C16-H18:-0.0002;C16-C25:0.0574;C19-H20:0.0003;C19-H21:-0.0003;C19-C25:0.0394;C22-H23:-0.0000;C22-H24:0.0000;C22-C25:-0.1270;C25-H26:-0.0000,C1-H2:0.0425;C1-H3:0.0379;C1-C4:0.0662;C1-C6:-0.0603;C4-H5:0.0009;C4-C11:0.0069;C4-C19:-0.0702;C6-H7:0.0040;C6-C8:-0.0968;C6-C22:0.1677;C8-H9:0.0361;C8-H10:0.0333;C8-C14:0.1015;C11-H12:0.0206;C11-H13:0.0111;C11-C14:0.0004;C14-H15:0.0018;C14-C16:-0.0968;C16-H17:0.0401;C16-H18:0.0352;C16-C25:0.1008;C19-H20:0.0406;C19-H21:0.0341;C19-C25:0.0753;C22-H23:0.0009;C22-H24:0.0015;C22-C25:-0.1669;C25-H26:0.0040,True,S,,-0.0025092197856115,0.1164091421920667,-0.0005855819140622,0.0349373352510667,-0.0078807184891213,0.1663035176213582,Jen2004,2.1938,1.4775,T1,,mu
C10H16,26,internal,1069.1491,stretch,,0.5968570452676402,0.0486889781954675,C1-H2:-0.0003;C1-H3:0.0003;C1-C4:0.0385;C1-C6:-0.0249;C4-H5:0.0000;C4-C11:0.0421;C4-C19:-0.1065;C6-H7:0.0000;C6-C8:0.0183;C6-C22:0.0022;C8-H9:0.0003;C8-H10:-0.0003;C8-C14:-0.0265;C11-H12:0.0001;C11-H13:-0.0001;C11-C14:-0.0381;C14-H15:-0.0000;C14-C16:0.0841;C16-H17:0.0001;C16-H18:-0.0001;C16-C25:-0.0936;C19-H20:-0.0001;C19-H21:0.0001;C19-C25:0.1114;C22-H23:-0.0003;C22-H24:0.0003;C22-C25:-0.0083;C25-H26:0.0000,C1-H2:0.0178;C1-H3:0.0261;C1-C4:0.0746;C1-C6:-0.0691;C4-H5:0.0033;C4-C11:0.0861;C4-C19:-0.1530;C6-H7:0.0007;C6-C8:0.0543;C6-C22:0.0173;C8-H9:0.0219;C8-H10:0.0134;C8-C14:-0.0477;C11-H12:0.0521;C11-H13:0.0499;C11-C14:-0.0816;C14-H15:0.0026;C14-C16:0.1365;C16-H17:0.0163;C16-H18:0.0134;C16-C25:-0.1334;C19-H20:0.0050;C19-H21:0.0088;C19-C25:0.1546;C22-H23:0.0522;C22-H24:0.0565;C22-C25:-0.0111;C25-H26:0.0040,True,S,,0.0430293532107398,-0.0100839324383533,0.1017544252329913,-0.3511624352373992,-0.0238464975053896,-0.0059498048911394,Jen2004,2.1938,1.4775,T1,,mu
C10H16,27,internal,1071.1966,bend,,0.0247805199901651,0.018291711710244,C1-H2:0.0000;C1-H3:0.0000;C1-C4:0.0021;C1-C6:0.0021;C4-H5:0.0000;C4-C11:0.0021;C4-C19:0.0021;C6-H7:0.0000;C6-C8:0.0021;C6-C22:0.0021;C8-H9:0.0000;C8-H10:0.0000;C8-C14:0.0021;C11-H12:0.0000;C11-H13:0.0000;C11-C14:0.0021;C14-H15:0.0000;C14-C16:0.0021;C16-H17:0.0000;C16-H18:0.0000;C16-C25:0.0021;C19-H20:0.0000;C19-H21:0.0000;C19-C25:0.0021;C22-H23:0.0000;C22-H24:0.0000;C22-C25:0.0021;C25-H26:0.0000,C1-H2:0.0033;C1-H3:0.0033;C1-C4:0.0392;C1-C6:0.0392;C4-H5:0.0006;C4-C11:0.0392;C4-C19:0.0392;C6-H7:0.0006;C6-C8:0.0392;C6-C22:0.0392;C8-H9:0.0033;C8-H10:0.0033;C8-C14:0.0392;C11-H12:0.0033;C11-H13:0.0033;C11-C14:0.0392;C14-H15:0.0006;C14-C16:0.0392;C16-H17:0.0033;C16-H18:0.0033;C16-C25:0.0392;C19-H20:0.0033;C19-H21:0.0033;C19-C25:0.0392;C22-H23:0.0033;C22-H24:0.0033;C22-C25:0.0392;C25-H26:0.0006,True,B,,8.540177112501206e-18,8.540177112501206e-18,-8.697708892341357e-20,4.625929269271485e-18,-2.4568237955505727e-18,4.473237845296537e-18,Jen2004,6.3558,4.2969,A1,,mu
C10H16,28,internal,1150.1714,bend,,0.2138815863652182,0.0266757071052142,C1-H2:0.0001;C1-H3:-0.0003;C1-C4:0.0346;C1-C6:0.0042;C4-H5:0.0000;C4-C11:-0.0379;C4-C19:-0.0076;C6-H7:0.0002;C6-C8:-0.0181;C6-C22:-0.0011;C8-H9:-0.0001;C8-H10:0.0000;C8-C14:0.0212;C11-H12:0.0006;C11-H13:-0.0004;C11-C14:-0.0007;C14-H15:-0.0002;C14-C16:-0.0066;C16-H17:-0.0002;C16-H18:0.0004;C16-C25:-0.0343;C19-H20:-0.0014;C19-H21:0.0014;C19-C25:0.0034;C22-H23:-0.0005;C22-H24:0.0003;C22-C25:0.0381;C25-H26:-0.0000,C1-H2:0.0135;C1-H3:0.0035;C1-C4:0.0667;C1-C6:0.0131;C4-H5:0.0403;C4-C11:-0.0555;C4-C19:0.0029;C6-H7:0.0147;C6-C8:-0.0535;C6-C22:0.0007;C8-H9:0.0040;C8-H10:0.0061;C8-C14:0.0585;C11-H12:0.0249;C11-H13:0.0172;C11-C14:0.0026;C14-H15:0.0134;C14-C16:-0.0124;C16-H17:0.0119;C16-H18:0.0176;C16-C25:-0.0583;C19-H20:0.0441;C19-H21:0.0611;C19-C25:0.0151;C22-H23:0.0088;C22-H24:0.0207;C22-C25:0.0664;C25-H26:0.0394,True,B,,-0.0297446795851879,-0.0033591270861686,-0.0106072223377973,0.0618355797264607,-0.0492801739616811,0.0422352377054116,Jen2004,1.77,1.3796,T2,,mu
C10H16,29,internal,1150.1714,bend,,0.231452395154611,0.0291433353380534,C1-H2:-0.0001;C1-H3:0.0002;C1-C4:0.0102;C1-C6:-0.0330;C4-H5:-0.0001;C4-C11:0.0095;C4-C19:-0.0006;C6-H7:0.0002;C6-C8:0.0218;C6-C22:0.0014;C8-H9:0.0003;C8-H10:-0.0006;C8-C14:0.0233;C11-H12:0.0002;C11-H13:-0.0001;C11-C14:-0.0340;C14-H15:0.0002;C14-C16:0.0013;C16-H17:-0.0012;C16-H18:0.0010;C16-C25:0.0288;C19-H20:0.0000;C19-H21:0.0000;C19-C25:-0.0308;C22-H23:0.0009;C22-H24:-0.0011;C22-C25:0.0305;C25-H26:-0.0000,C1-H2:0.0069;C1-H3:0.0115;C1-C4:0.0320;C1-C6:-0.0667;C4-H5:0.0024;C4-C11:0.0295;C4-C19:-0.0092;C6-H7:0.0320;C6-C8:0.0428;C6-C22:0.0103;C8-H9:0.0219;C8-H10:0.0081;C8-C14:0.0452;C11-H12:0.0122;C11-H13:0.0074;C11-C14:-0.0668;C14-H15:0.0332;C14-C16:0.0104;C16-H17:0.0317;C16-H18:0.0497;C16-C25:0.0438;C19-H20:0.0032;C19-H21:0.0034;C19-C25:-0.0719;C22-H23:0.0477;C22-H24:0.0298;C22-C25:0.0461;C25-H26:0.0402,True,B,,-0.0723831662003062,0.0819548529783244,-0.0192776134910753,-0.0798028729710866,-0.0222464530114799,0.0808082305095928,Jen2004,1.77,1.3796,T2,,mu
C10H16,30,internal,1150.1714,bend,,0.2379438065194204,0.0263028619303694,C1-H2:0.0012;C1-H3:-0.0009;C1-C4:-0.0157;C1-C6:-0.0229;C4-H5:-0.0001;C4-C11:-0.0243;C4-C19:0.0331;C6-H7:-0.0001;C6-C8:-0.0259;C6-C22:0.0332;C8-H9:0.0011;C8-H10:-0.0008;C8-C14:-0.0154;C11-H12:-0.0006;C11-H13:0.0009;C11-C14:-0.0211;C14-H15:-0.0002;C14-C16:0.0322;C16-H17:-0.0001;C16-H18:-0.0000;C16-C25:-0.0040;C19-H20:-0.0001;C19-H21:-0.0000;C19-C25:-0.0031;C22-H23:-0.0001;C22-H24:-0.0000;C22-C25:-0.0007;C25-H26:0.0000,C1-H2:0.0469;C1-H3:0.0350;C1-C4:-0.0113;C1-C6:-0.0201;C4-H5:0.0343;C4-C11:-0.0280;C4-C19:0.0737;C6-H7:0.0376;C6-C8:-0.0256;C6-C22:0.0746;C8-H9:0.0432;C8-H10:0.0321;C8-C14:-0.0125;C11-H12:0.0266;C11-H13:0.0361;C11-C14:-0.0237;C14-H15:0.0322;C14-C16:0.0732;C16-H17:0.0018;C16-H18:0.0036;C16-C25:-0.0241;C19-H20:0.0013;C19-H21:0.0040;C19-C25:-0.0192;C22-H23:0.0008;C22-H24:0.0017;C22-C25:-0.0095;C25-H26:0.0037,True,B,,-0.0274456110800628,0.1176742040904011,-0.0110736643669447,-0.0167478488493813,-0.0149042105649176,-0.0633936982826798,Jen2004,1.77,1.3796,T2,,mu
C10H16,31,internal,1185.6812,bend,,0.0033610928020424,0.016145971880859,C1-H2:0.0001;C1-H3:-0.0000;C1-C4:-0.0001;C1-C6:0.0001;C4-H5:0.0000;C4-C11:-0.0001;C4-C19:0.0002;C6-H7:-0.0000;C6-C8:0.0004;C6-C22:-0.0006;C8-H9:0.0001;C8-H10:-0.0000;C8-C14:-0.0003;C11-H12:0.0000;C11-H13:-0.0000;C11-C14:0.0001;C14-H15:0.0000;C14-C16:0.0002;C16-H17:0.0000;C16-H18:-0.0000;C16-C25:-0.0002;C19-H20:0.0000;C19-H21:-0.0001;C19-C25:-0.0002;C22-H23:-0.0000;C22-H24:0.0000;C22-C25:0.0005;C25-H26:0.0000,C1-H2:0.0145;C1-H3:-0.0002;C1-C4:-0.0018;C1-C6:0.0018;C4-H5:0.0177;C4-C11:-0.0008;C4-C19:0.0027;C6-H7:0.0841;C6-C8:0.0041;C6-C22:-0.0059;C8-H9:0.0329;C8-H10:0.0089;C8-C14:-0.0041;C11-H12:0.0025;C11-H13:0.0000;C11-C14:0.0009;C14-H15:0.0436;C14-C16:0.0032;C16-H17:0.0029;C16-H18:0.0275;C16-C25:-0.0032;C19-H20:0.0028;C19-H21:0.0176;C19-C25:-0.0027;C22-H23:0.0441;C22-H24:0.0350;C22-C25:0.0059;C25-H26:0.0806,True,B,,-0.0004799615007931,-0.0379673970255979,-0.0659859702127139,-0.0109289874208571,0.0637103270434191,-0.0884534953425184,Jen2004,1.0104,0.8369,T1,,mu
C10H16,32,internal,1185.6812,bend,,0.0027373744514399,0.0158916472945275,C1-H2:-0.0000;C1-H3:0.0000;C1-C4:-0.0000;C1-C6:0.0000;C4-H5:0.0000;C4-C11:-0.0003;C4-C19:0.0004;C6-H7:0.0000;C6-C8:-0.0000;C6-C22:0.0000;C8-H9:0.0000;C8-H10:-0.0000;C8-C14:0.0000;C11-H12:-0.0000;C11-H13:0.0000;C11-C14:0.0003;C14-H15:0.0000;C14-C16:-0.0004;C16-H17:0.0000;C16-H18:-0.0000;C16-C25:0.0004;C19-H20:-0.0000;C19-H21:0.0000;C19-C25:-0.0004;C22-H23:-0.0000;C22-H24:0.0000;C22-C25:-0.0000;C25-H26:-0.0000,C1-H2:0.0027;C1-H3:0.0013;C1-C4:-0.0004;C1-C6:0.0004;C4-H5:0.0728;C4-C11:-0.0046;C4-C19:0.0051;C6-H7:0.0006;C6-C8:-0.0004;C6-C22:0.0000;C8-H9:0.0037;C8-H10:0.0003;C8-C14:0.0005;C11-H12:0.0120;C11-H13:0.0408;C11-C14:0.0046;C14-H15:0.0730;C14-C16:-0.0051;C16-H17:0.0439;C16-H18:0.0175;C16-C25:0.0051;C19-H20:0.0437;C19-H21:0.0174;C19-C25:-0.0051;C22-H23:0.0020;C22-H24:0.0028;C22-C25:0.0000;C25-H26:0.0790,True,B,,0.0002819357925994,-9.701649306875174e-05,0.0059246187448709,0.1000263683086329,0.0560869235406819,0.0002593855941832,Jen2004,1.0104,0.8369,T1,,mu
C10H16,33,internal,1185.6812,bend,,0.003192091819585,0.016097549405208,C1-H2:0.0000;C1-H3:-0.0000;C1-C4:0.0005;C1-C6:-0.0005;C4-H5:-0.0000;C4-C11:-0.0003;C4-C19:-0.0002;C6-H7:-0.0000;C6-C8:0.0004;C6-C22:0.0001;C8-H9:-0.0000;C8-H10:0.0001;C8-C14:-0.0003;C11-H12:-0.0000;C11-H13:0.0000;C11-C14:0.0002;C14-H15:0.0000;C14-C16:0.0001;C16-H17:-0.0000;C16-H18:0.0000;C16-C25:-0.0000;C19-H20:0.0000;C19-H21:-0.0001;C19-C25:0.0001;C22-H23:-0.0000;C22-H24:0.0001;C22-C25:-0.0001;C25-H26:0.0000,C1-H2:0.0299;C1-H3:0.0458;C1-C4:0.0058;C1-C6:-0.0058;C4-H5:0.0790;C4-C11:-0.0038;C4-C19:-0.0019;C6-H7:0.0836;C6-C8:0.0045;C6-C22:0.0013;C8-H9:0.0112;C8-H10:0.0373;C8-C14:-0.0044;C11-H12:0.0331;C11-H13:0.0057;C11-C14:0.0038;C14-H15:0.0538;C14-C16:0.0007;C16-H17:-0.0002;C16-H18:0.0026;C16-C25:-0.0006;C19-H20:0.0011;C19-H21:0.0118;C19-C25:0.0020;C22-H23:-0.0001;C22-H24:0.0103;C22-C25:-0.0013;C25-H26:0.0094,True,B,,-0.0114149785330474,-0.0034337604423829,-0.0291499278749242,-0.1638164063669467,0.0129708227770808,-0.0022970580267223,Jen2004,1.0104,0.8369,T1,,mu
C10H16,34,internal,1190.2846,bend,,8.010283876932325e-17,0.0145193544867375,C1-H2:0.0000;C1-H3:0.0000;C1-C4:0.0000;C1-C6:0.0000;C4-H5:0.0000;C4-C11:0.0000;C4-C19:0.0000;C6-H7:0.0000;C6-C8:0.0000;C6-C22:0.0000;C8-H9:-0.0000;C8-H10:-0.0000;C8-C14:0.0000;C11-H12:0.0000;C11-H13:0.0000;C11-C14:0.0000;C14-H15:0.0000;C14-C16:0.0000;C16-H17:0.0000;C16-H18:0.0000;C16-C25:0.0000;C19-H20:-0.0000;C19-H21:-0.0000;C19-C25:0.0000;C22-H23:0.0000;C22-H24:0.0000;C22-C25:0.0000;C25-H26:0.0000,C1-H2:0.0339;C1-H3:0.0339;C1-C4:0.0000;C1-C6:0.0000;C4-H5:0.0000;C4-C11:0.0000;C4-C19:0.0000;C6-H7:0.0000;C6-C8:0.0000;C6-C22:0.0000;C8-H9:0.0339;C8-H10:0.0339;C8-C14:0.0000;C11-H12:0.0339;C11-H13:0.0339;C11-C14:0.0000;C14-H15:0.0000;C14-C16:0.0000;C16-H17:0.0339;C16-H18:0.0339;C16-C25:0.0000;C19-H20:0.0339;C19-H21:0.0339;C19-C25:0.0000;C22-H23:0.0339;C22-H24:0.0339;C22-C25:0.0000;C25-H26:0.0000,True,B,,0.0,0.0,0.0,0.0,0.0,0.0,Jen2004,1.0078,0.8413,A2,,mu
C10H16,35,internal,1295.9855,bend,,0.0113502946681818,0.0158273188220204,C1-H2:0.0003;C1-H3:0.0003;C1-C4:0.0011;C1-C6:0.0011;C4-H5:0.0000;C4-C11:-0.0009;C4-C19:-0.0000;C6-H7:0.0000;C6-C8:-0.0000;C6-C22:-0.0009;C8-H9:-0.0001;C8-H10:-0.0001;C8-C14:-0.0000;C11-H12:-0.0004;C11-H13:-0.0004;C11-C14:-0.0009;C14-H15:0.0000;C14-C16:0.0011;C16-H17:0.0003;C16-H18:0.0003;C16-C25:0.0011;C19-H20:-0.0001;C19-H21:-0.0001;C19-C25:-0.0000;C22-H23:-0.0004;C22-H24:-0.0004;C22-C25:-0.0009;C25-H26:0.0000,C1-H2:0.0094;C1-H3:0.0094;C1-C4:0.0058;C1-C6:0.0058;C4-H5:0.0393;C4-C11:-0.0051;C4-C19:-0.0005;C6-H7:0.0393;C6-C8:-0.0005;C6-C22:-0.0051;C8-H9:0.0393;C8-H10:0.0393;C8-C14:-0.0005;C11-H12:0.0113;C11-H13:0.0113;C11-C14:-0.0051;C14-H15:0.0393;C14-C16:0.0058;C16-H17:0.0094;C16-H18:0.0094;C16-C25:0.0058;C19-H20:0.0393;C19-H21:0.0393;C19-C25:-0.0005;C22-H23:0.0113;C22-H24:0.0113;C22-C25:-0.0051;C25-H26:0.0393,True,B,,-4.270088556250602e-18,4.270088556250602e-18,-4.270088556250602e-18,-1.8503717077085938e-17,1.2810265668751808e-17,8.540177112501206e-18,Jen2004,1.0313,1.0205,E,,mu
C10H16,36,internal,1295.9855,bend,,0.0114241456725509,0.0160030902796144,C1-H2:-0.0003;C1-H3:-0.0003;C1-C4:-0.0003;C1-C6:-0.0003;C4-H5:0.0000;C4-C11:-0.0005;C4-C19:0.0014;C6-H7:0.0000;C6-C8:0.0014;C6-C22:-0.0005;C8-H9:0.0001;C8-H10:0.0001;C8-C14:0.0014;C11-H12:-0.0004;C11-H13:-0.0004;C11-C14:-0.0005;C14-H15:0.0000;C14-C16:-0.0003;C16-H17:-0.0003;C16-H18:-0.0003;C16-C25:-0.0003;C19-H20:0.0001;C19-H21:0.0001;C19-C25:0.0014;C22-H23:-0.0004;C22-H24:-0.0004;C22-C25:-0.0005;C25-H26:0.0000,C1-H2:0.0317;C1-H3:0.0317;C1-C4:-0.0027;C1-C6:-0.0027;C4-H5:0.0393;C4-C11:-0.0036;C4-C19:0.0064;C6-H7:0.0393;C6-C8:0.0064;C6-C22:-0.0036;C8-H9:0.0026;C8-H10:0.0026;C8-C14:0.0064;C11-H12:0.0258;C11-H13:0.0258;C11-C14:-0.0036;C14-H15:0.0393;C14-C16:-0.0027;C16-H17:0.0317;C16-H18:0.0317;C16-C25:-0.0027;C19-H20:0.0026;C19-H21:0.0026;C19-C25:0.0064;C22-H23:0.0258;C22-H24:0.0258;C22-C25:-0.0036;C25-H26:0.0393,True,B,,0.0,-6.405132834375904e-18,-1.2810265668751808e-17,9.251858538542969e-18,1.2810265668751808e-17,0.0,Jen2004,1.0313,1.0205,E,,mu
C10H16,37,internal,1347.6641,bend,,0.3647080565422408,0.0383876399755727,C1-H2:0.0001;C1-H3:-0.0003;C1-C4:0.0259;C1-C6:-0.0316;C4-H5:-0.0000;C4-C11:0.0110;C4-C19:-0.0429;C6-H7:0.0000;C6-C8:-0.0245;C6-C22:0.0681;C8-H9:0.0003;C8-H10:-0.0007;C8-C14:0.0132;C11-H12:0.0005;C11-H13:-0.0003;C11-C14:-0.0074;C14-H15:-0.0000;C14-C16:-0.0031;C16-H17:0.0006;C16-H18:-0.0005;C16-C25:0.0113;C19-H20:0.0004;C19-H21:-0.0001;C19-C25:0.0514;C22-H23:-0.0002;C22-H24:0.0001;C22-C25:-0.0704;C25-H26:0.0000,C1-H2:0.0262;C1-H3:0.0977;C1-C4:0.0570;C1-C6:-0.0550;C4-H5:0.0019;C4-C11:0.0232;C4-C19:-0.0772;C6-H7:0.0028;C6-C8:-0.0381;C6-C22:0.0975;C8-H9:0.0154;C8-H10:0.0434;C8-C14:0.0411;C11-H12:0.0189;C11-H13:0.0005;C11-C14:-0.0197;C14-H15:0.0005;C14-C16:-0.0201;C16-H17:0.0738;C16-H18:0.0421;C16-C25:0.0230;C19-H20:0.0713;C19-H21:0.0006;C19-C25:0.0785;C22-H23:0.0438;C22-H24:0.0055;C22-C25:-0.0971;C25-H26:0.0031,True,B,,0.0455395907756762,-0.0262805606926694,0.0138349977698078,0.0755815584192249,-0.0837455305859182,0.1298681008150252,Jen2004,1.4717,1.5748,T1,,mu
C10H16,38,internal,1347.6641,bend,,0.3703921339966137,0.0390622781123598,C1-H2:-0.0006;C1-H3:0.0002;C1-C4:-0.0391;C1-C6:0.0273;C4-H5:0.0000;C4-C11:0.0733;C4-C19:-0.0218;C6-H7:-0.0000;C6-C8:-0.0129;C6-C22:-0.0097;C8-H9:0.0005;C8-H10:-0.0003;C8-C14:0.0223;C11-H12:-0.0001;C11-H13:0.0001;C11-C14:-0.0732;C14-H15:-0.0000;C14-C16:0.0384;C16-H17:-0.0002;C16-H18:0.0006;C16-C25:-0.0265;C19-H20:0.0003;C19-H21:-0.0005;C19-C25:0.0123;C22-H23:-0.0003;C22-H24:0.0003;C22-C25:0.0096;C25-H26:0.0000,C1-H2:0.0589;C1-H3:0.0097;C1-C4:-0.0592;C1-C6:0.0615;C4-H5:0.0030;C4-C11:0.1008;C4-C19:-0.0369;C6-H7:0.0011;C6-C8:-0.0400;C6-C22:-0.0194;C8-H9:0.0917;C8-H10:0.0342;C8-C14:0.0423;C11-H12:0.0192;C11-H13:0.0224;C11-C14:-0.1005;C14-H15:0.0030;C14-C16:0.0625;C16-H17:0.0039;C16-H18:0.0640;C16-C25:-0.0604;C19-H20:0.0386;C19-H21:0.0873;C19-C25:0.0394;C22-H23:-0.0003;C22-H24:0.0095;C22-C25:0.0230;C25-H26:0.0011,True,B,,0.0016754102434814,0.0334654894408156,0.030236031306283,-0.0026986182287885,-0.1561422537060492,-0.095386058200744,Jen2004,1.4717,1.5748,T1,,mu
C10H16,39,internal,1347.6641,bend,,0.3688984954799068,0.0382459733407585,C1-H2:-0.0005;C1-H3:0.0002;C1-C4:0.0306;C1-C6:-0.0362;C4-H5:-0.0000;C4-C11:-0.0012;C4-C19:-0.0281;C6-H7:0.0000;C6-C8:0.0547;C6-C22:-0.0105;C8-H9:0.0002;C8-H10:-0.0004;C8-C14:-0.0579;C11-H12:-0.0003;C11-H13:0.0003;C11-C14:0.0022;C14-H15:-0.0000;C14-C16:0.0539;C16-H17:0.0004;C16-H18:-0.0002;C16-C25:-0.0490;C19-H20:-0.0002;C19-H21:0.0004;C19-C25:0.0319;C22-H23:0.0000;C22-H24:-0.0001;C22-C25:0.0097;C25-H26:0.0000,C1-H2:0.0198;C1-H3:0.0070;C1-C4:0.0608;C1-C6:-0.0583;C4-H5:0.0013;C4-C11:-0.0041;C4-C19:-0.0545;C6-H7:0.0022;C6-C8:0.0858;C6-C22:-0.0239;C8-H9:0.0103;C8-H10:0.0250;C8-C14:-0.0845;C11-H12:0.0745;C11-H13:0.0839;C11-C14:0.0068;C14-H15:0.0027;C14-C16:0.0818;C16-H17:0.0349;C16-H18:0.0013;C16-C25:-0.0804;C19-H20:-0.0002;C19-H21:0.0214;C19-C25:0.0571;C22-H23:0.0610;C22-H24:0.0991;C22-C25:0.0264;C25-H26:0.0020,True,B,,-0.0196380717000839,0.0585826748745659,-0.004879273023011,-0.2321356015124442,-0.0075062522163269,0.0149797173177602,Jen2004,1.4717,1.5748,T1,,mu
C10H16,40,internal,1358.9694,bend,,0.3677041720203981,0.0488537181772835,C1-H2:0.0004;C1-H3:-0.0003;C1-C4:0.0167;C1-C6:-0.0369;C4-H5:-0.0001;C4-C11:-0.0225;C4-C19:0.0460;C6-H7:0.0001;C6-C8:-0.0236;C6-C22:0.0443;C8-H9:0.0003;C8-H10:-0.0003;C8-C14:0.0165;C11-H12:0.0000;C11-H13:0.0001;C11-C14:-0.0358;C14-H15:-0.0001;C14-C16:0.0456;C16-H17:-0.0003;C16-H18:0.0003;C16-C25:-0.0240;C19-H20:-0.0003;C19-H21:0.0002;C19-C25:-0.0375;C22-H23:-0.0000;C22-H24:-0.0001;C22-C25:0.0154;C25-H26:0.0001,C1-H2:0.0279;C1-H3:0.0218;C1-C4:0.0420;C1-C6:-0.0753;C4-H5:0.0698;C4-C11:-0.0465;C4-C19:0.0960;C6-H7:0.1106;C6-C8:-0.0480;C6-C22:0.0943;C8-H9:0.0226;C8-H10:0.0136;C8-C14:0.0416;C11-H12:0.0039;C11-H13:0.0044;C11-C14:-0.0741;C14-H15:0.0986;C14-C16:0.0956;C16-H17:0.0300;C16-H18:0.0383;C16-C25:-0.0487;C19-H20:0.0429;C19-H21:0.0484;C19-C25:-0.0760;C22-H23:0.0056;C22-H24:0.0027;C22-C25:0.0396;C25-H26:0.0491,True,B,,-0.0012079467150921,-0.0572811706534772,0.0388822076676517,0.0026846801745411,-0.0441984747018214,0.0483990396522579,Jen2004,1.7565,1.9112,T2,,mu
C10H16,41,internal,1358.9694,bend,,0.3092342296377007,0.0448509183376629,C1-H2:0.0001;C1-H3:-0.0002;C1-C4:0.0033;C1-C6:0.0409;C4-H5:0.0001;C4-C11:-0.0535;C4-C19:0.0039;C6-H7:0.0000;C6-C8:-0.0523;C6-C22:0.0044;C8-H9:-0.0001;C8-H10:0.0002;C8-C14:0.0044;C11-H12:0.0000;C11-H13:0.0000;C11-C14:0.0424;C14-H15:-0.0001;C14-C16:0.0051;C16-H17:0.0002;C16-H18:-0.0001;C16-C25:-0.0523;C19-H20:-0.0002;C19-H21:0.0001;C19-C25:0.0409;C22-H23:-0.0002;C22-H24:0.0002;C22-C25:0.0038;C25-H26:0.0000,C1-H2:0.0166;C1-H3:0.0057;C1-C4:0.0126;C1-C6:0.0884;C4-H5:0.0595;C4-C11:-0.1053;C4-C19:0.0139;C6-H7:0.1206;C6-C8:-0.1044;C6-C22:0.0150;C8-H9:0.0220;C8-H10:0.0236;C8-C14:0.0152;C11-H12:0.0557;C11-H13:0.0557;C11-C14:0.0901;C14-H15:0.0255;C14-C16:0.0166;C16-H17:0.0242;C16-H18:0.0225;C16-C25:-0.1044;C19-H20:0.0053;C19-H21:0.0162;C19-C25:0.0884;C22-H23:0.0009;C22-H24:0.0136;C22-C25:0.0136;C25-H26:0.1204,True,B,,0.0045516300306724,0.0004723705662149,-0.0589947379511662,2.654104658575407e-05,-0.0751119867177314,0.0014033588842548,Jen2004,1.7565,1.9112,T2,,mu
C10H16,42,internal,1358.9694,bend,,0.3275195848770058,0.0464911752499701,C1-H2:0.0002;C1-H3:-0.0000;C1-C4:-0.0569;C1-C6:0.0108;C4-H5:0.0000;C4-C11:0.0071;C4-C19:0.0334;C6-H7:-0.0001;C6-C8:0.0079;C6-C22:0.0349;C8-H9:0.0002;C8-H10:-0.0000;C8-C14:-0.0568;C11-H12:-0.0002;C11-H13:0.0002;C11-C14:0.0100;C14-H15:0.0000;C14-C16:0.0335;C16-H17:0.0001;C16-H18:-0.0002;C16-C25:0.0068;C19-H20:0.0001;C19-H21:-0.0002;C19-C25:0.0096;C22-H23:0.0000;C22-H24:0.0001;C22-C25:-0.0578;C25-H26:0.0001,C1-H2:0.0309;C1-H3:0.0295;C1-C4:-0.1123;C1-C6:0.0294;C4-H5:0.1170;C4-C11:0.0212;C4-C19:0.0753;C6-H7:0.0116;C6-C8:0.0230;C6-C22:0.0772;C8-H9:0.0282;C8-H10:0.0271;C8-C14:-0.1122;C11-H12:-0.0003;C11-H13:0.0134;C11-C14:0.0277;C14-H15:0.1190;C14-C16:0.0754;C16-H17:0.0141;C16-H18:0.0015;C16-C25:0.0205;C19-H20:0.0125;C19-H21:0.0002;C19-C25:0.0269;C22-H23:0.0522;C22-H24:0.0525;C22-C25:-0.1129;C25-H26:0.0779,True,B,,-0.0154968897736825,-0.0618525659836105,0.001989048283136,-0.001086505849673,0.0062637851328023,-0.0620551560014018,Jen2004,1.7565,1.9112,T2,,mu
C10H16,43,internal,1418.5442,bend,,0.020105825065219,0.0219476663980694,C1-H2:0.0001;C1-H3:-0.0001;C1-C4:-0.0031;C1-C6:0.0034;C4-H5:-0.0000;C4-C11:0.0011;C4-C19:0.0019;C6-H7:0.0000;C6-C8:-0.0002;C6-C22:-0.0031;C8-H9:0.0000;C8-H10:-0.0001;C8-C14:0.0000;C11-H12:0.0002;C11-H13:-0.0001;C11-C14:-0.0004;C14-H15:0.0000;C14-C16:0.0004;C16-H17:0.0001;C16-H18:-0.0002;C16-C25:-0.0008;C19-H20:-0.0000;C19-H21:0.0000;C19-C25:-0.0017;C22-H23:0.0001;C22-H24:-0.0002;C22-C25:0.0027;C25-H26:0.0000,C1-H2:0.0751;C1-H3:0.0515;C1-C4:-0.0068;C1-C6:0.0087;C4-H5:0.0715;C4-C11:0.0036;C4-C19:0.0058;C6-H7:0.0862;C6-C8:0.0005;C6-C22:-0.0061;C8-H9:0.0025;C8-H10:0.0037;C8-C14:0.0006;C11-H12:0.0157;C11-H13:0.0021;C11-C14:-0.0025;C14-H15:0.0099;C14-C16:0.0023;C16-H17:0.0044;C16-H18:0.0075;C16-C25:-0.0013;C19-H20:0.0127;C19-H21:0.0463;C19-C25:-0.0043;C22-H23:0.0432;C22-H24:0.0681;C22-C25:0.0079;C25-H26:0.0638,True,B,,0.0023162008359612,-0.0246760616736556,0.0305197100444864,0.0254916479415581,-0.0446119040946247,-0.1498718123384741,Jen2004,1.3024,1.5441,T1,,mu
C10H16,44,internal,1418.5442,bend,,0.0207832475527591,0.022117256029111,C1-H2:0.0001;C1-H3:-0.0002;C1-C4:0.0007;C1-C6:-0.0014;C4-H5:0.0000;C4-C11:-0.0002;C4-C19:-0.0005;C6-H7:-0.0000;C6-C8:0.0033;C6-C22:-0.0017;C8-H9:-0.0002;C8-H10:0.0001;C8-C14:-0.0035;C11-H12:0.0001;C11-H13:-0.0000;C11-C14:0.0005;C14-H15:0.0000;C14-C16:0.0029;C16-H17:-0.0002;C16-H18:0.0002;C16-C25:-0.0023;C19-H20:0.0002;C19-H21:-0.0001;C19-C25:0.0008;C22-H23:-0.0001;C22-H24:0.0000;C22-C25:0.0014;C25-H26:-0.0000,C1-H2:0.0094;C1-H3:0.0204;C1-C4:0.0038;C1-C6:-0.0026;C4-H5:0.0157;C4-C11:-0.0012;C4-C19:-0.0020;C6-H7:0.0753;C6-C8:0.0089;C6-C22:-0.0036;C8-H9:0.0757;C8-H10:0.0604;C8-C14:-0.0069;C11-H12:0.0106;C11-H13:-0.0009;C11-C14:0.0023;C14-H15:0.0858;C14-C16:0.0077;C16-H17:0.0351;C16-H18:0.0622;C16-C25:-0.0060;C19-H20:0.0104;C19-H21:0.0018;C19-C25:0.0030;C22-H23:0.0392;C22-H24:0.0089;C22-C25:0.0050;C25-H26:0.0548,True,B,,0.0119838006506572,0.041500427915966,0.0329315255257479,-0.1959002571909341,-0.0334610353246632,-0.0441472998523134,Jen2004,1.3024,1.5441,T1,,mu
C10H16,45,internal,1418.5442,bend,,0.0203857644338119,0.0221066573112652,C1-H2:-0.0000;C1-H3:0.0001;C1-C4:0.0006;C1-C6:-0.0002;C4-H5:0.0000;C4-C11:-0.0035;C4-C19:0.0028;C6-H7:0.0000;C6-C8:0.0005;C6-C22:-0.0003;C8-H9:0.0001;C8-H10:-0.0002;C8-C14:-0.0013;C11-H12:0.0001;C11-H13:-0.0001;C11-C14:0.0034;C14-H15:0.0000;C14-C16:-0.0019;C16-H17:-0.0001;C16-H18:0.0000;C16-C25:0.0016;C19-H20:0.0002;C19-H21:-0.0001;C19-C25:-0.0023;C22-H23:-0.0001;C22-H24:0.0001;C22-C25:0.0006;C25-H26:-0.0000,C1-H2:-0.0011;C1-H3:0.0110;C1-C4:0.0024;C1-C6:-0.0014;C4-H5:0.0862;C4-C11:-0.0070;C4-C19:0.0076;C6-H7:0.0117;C6-C8:0.0033;C6-C22:-0.0015;C8-H9:0.0065;C8-H10:0.0171;C8-C14:-0.0021;C11-H12:0.0603;C11-H13:0.0780;C11-C14:0.0090;C14-H15:0.0774;C14-C16:-0.0041;C16-H17:0.0449;C16-H18:0.0129;C16-C25:0.0055;C19-H20:0.0627;C19-H21:0.0332;C19-C25:-0.0059;C22-H23:-0.0003;C22-H24:0.0076;C22-C25:0.0024;C25-H26:0.0561,True,B,,-0.0567695371289233,-0.0049101911731904,0.0216291197653788,0.0540187730183256,0.091542003475665,-0.0964295252174961,Jen2004,1.3024,1.5441,T1,,mu
C10H16,46,internal,1439.3805,bend,,0.1656275757756112,0.0326247050081411,C1-H2:0.0003;C1-H3:0.0005;C1-C4:0.0067;C1-C6:0.0194;C4-H5:0.0002;C4-C11:0.0049;C4-C19:0.0015;C6-H7:0.0005;C6-C8:0.0202;C6-C22:0.0193;C8-H9:0.0001;C8-H10:0.0007;C8-C14:0.0014;C11-H12:0.0002;C11-H13:-0.0002;C11-C14:-0.0006;C14-H15:-0.0001;C14-C16:-0.0046;C16-H17:-0.0008;C16-H18:-0.0005;C16-C25:-0.0262;C19-H20:-0.0009;C19-H21:-0.0003;C19-C25:-0.0273;C22-H23:-0.0004;C22-H24:-0.0000;C22-C25:-0.0274;C25-H26:-0.0004,C1-H2:0.0134;C1-H3:0.0156;C1-C4:0.0228;C1-C6:0.0473;C4-H5:0.0707;C4-C11:0.0142;C4-C19:0.0052;C6-H7:0.0393;C6-C8:0.0444;C6-C22:0.0364;C8-H9:0.0243;C8-H10:0.0279;C8-C14:0.0051;C11-H12:0.0082;C11-H13:0.0013;C11-C14:-0.0006;C14-H15:0.0727;C14-C16:-0.0137;C16-H17:0.0171;C16-H18:0.0203;C16-C25:-0.0541;C19-H20:0.0373;C19-H21:0.0418;C19-C25:-0.0500;C22-H23:0.0856;C22-H24:0.0870;C22-C25:-0.0432;C25-H26:0.0141,True,B,,0.0227225491094119,-0.2822060298918165,0.0851551065008816,0.0079619872352156,-0.0312560349253106,-0.005748349157376,Jen2004,1.3839,1.6893,T2,,mu
C10H16,47,internal,1439.3805,bend,,0.1651753341313425,0.0325431143728079,C1-H2:0.0008;C1-H3:0.0001;C1-C4:0.0209;C1-C6:0.0015;C4-H5:0.0005;C4-C11:0.0202;C4-C19:0.0201;C6-H7:-0.0001;C6-C8:-0.0045;C6-C22:-0.0007;C8-H9:-0.0008;C8-H10:-0.0005;C8-C14:-0.0259;C11-H12:-0.0003;C11-H13:-0.0000;C11-C14:-0.0270;C14-H15:-0.0004;C14-C16:-0.0268;C16-H17:-0.0003;C16-H18:-0.0009;C16-C25:0.0009;C19-H20:0.0003;C19-H21:0.0006;C19-C25:0.0063;C22-H23:-0.0002;C22-H24:0.0002;C22-C25:0.0043;C25-H26:0.0002,C1-H2:0.0289;C1-H3:0.0254;C1-C4:0.0454;C1-C6:0.0053;C4-H5:0.0376;C4-C11:0.0375;C4-C19:0.0481;C6-H7:0.0727;C6-C8:-0.0136;C6-C22:-0.0009;C8-H9:0.0166;C8-H10:0.0200;C8-C14:-0.0536;C11-H12:0.0867;C11-H13:0.0879;C11-C14:-0.0425;C14-H15:0.0152;C14-C16:-0.0498;C16-H17:0.0394;C16-H18:0.0348;C16-C25:0.0037;C19-H20:0.0148;C19-H21:0.0170;C19-C25:0.0215;C22-H23:0.0006;C22-H24:0.0077;C22-C25:0.0127;C25-H26:0.0713,True,B,,-0.0191533955008572,0.0803431689030005,0.281303381145203,0.0068539333261865,0.0053538463327118,-0.0317217142029587,Jen2004,1.3839,1.6893,T2,,mu
C10H16,48,internal,1439.3805,bend,,0.1734480936215477,0.0351398501097603,C1-H2:-0.0005;C1-H3:0.0004;C1-C4:0.0164;C1-C6:-0.0188;C4-H5:0.0005;C4-C11:0.0155;C4-C19:0.0170;C6-H7:-0.0005;C6-C8:-0.0191;C6-C22:-0.0173;C8-H9:-0.0007;C8-H10:0.0003;C8-C14:0.0108;C11-H12:0.0002;C11-H13:0.0002;C11-C14:0.0114;C14-H15:0.0004;C14-C16:0.0116;C16-H17:0.0005;C16-H18:-0.0004;C16-C25:-0.0097;C19-H20:0.0006;C19-H21:-0.0003;C19-C25:-0.0091;C22-H23:-0.0003;C22-H24:-0.0003;C22-C25:-0.0102;C25-H26:-0.0004,C1-H2:0.0596;C1-H3:0.0639;C1-C4:0.0333;C1-C6:-0.0333;C4-H5:0.0467;C4-C11:0.0453;C4-C19:0.0359;C6-H7:0.0359;C6-C8:-0.0352;C6-C22:-0.0478;C8-H9:0.0463;C8-H10:0.0515;C8-C14:0.0244;C11-H12:0.0075;C11-H13:0.0081;C11-C14:0.0381;C14-H15:0.0578;C14-C16:0.0270;C16-H17:0.0350;C16-H18:0.0291;C16-C25:-0.0201;C19-H20:0.0452;C19-H21:0.0403;C19-C25:-0.0183;C22-H23:-0.0033;C22-H24:-0.0023;C22-C25:-0.0353;C25-H26:0.0574,True,B,,0.3662589183648245,0.0475261196230321,0.0300667370652145,-0.0054567689189968,-0.0134471390881467,-0.0168389095813791,Jen2004,1.3839,1.6893,T2,,mu
C10H16,49,internal,1441.5524,bend,,0.3074002736540837,0.0388542058151691,C1-H2:0.0000;C1-H3:0.0000;C1-C4:0.0409;C1-C6:0.0409;C4-H5:-0.0000;C4-C11:-0.0300;C4-C19:-0.0059;C6-H7:-0.0000;C6-C8:-0.0059;C6-C22:-0.0300;C8-H9:-0.0000;C8-H10:-0.0000;C8-C14:-0.0059;C11-H12:-0.0000;C11-H13:-0.0000;C11-C14:-0.0300;C14-H15:-0.0000;C14-C16:0.0409;C16-H17:0.0000;C16-H18:0.0000;C16-C25:0.0409;C19-H20:-0.0000;C19-H21:-0.0000;C19-C25:-0.0059;C22-H23:-0.0000;C22-H24:-0.0000;C22-C25:-0.0300;C25-H26:-0.0000,C1-H2:0.0039;C1-H3:0.0039;C1-C4:0.0738;C1-C6:0.0738;C4-H5:0.0865;C4-C11:-0.0569;C4-C19:-0.0123;C6-H7:0.0865;C6-C8:-0.0123;C6-C22:-0.0569;C8-H9:0.0266;C8-H10:0.0266;C8-C14:-0.0123;C11-H12:0.0121;C11-H13:0.0121;C11-C14:-0.0569;C14-H15:0.0865;C14-C16:0.0738;C16-H17:0.0039;C16-H18:0.0039;C16-C25:0.0738;C19-H20:0.0266;C19-H21:0.0266;C19-C25:-0.0123;C22-H23:0.0121;C22-H24:0.0121;C22-C25:-0.0569;C25-H26:0.0865,True,B,,0.0,0.0,4.270088556250602e-18,0.0,8.540177112501206e-18,1.708035422500241e-17,Jen2004,1.503,1.8402,E,,mu
C10H16,50,internal,1441.5524,bend,,0.3157154436313261,0.0396964925263642,C1-H2:-0.0000;C1-H3:-0.0000;C1-C4:-0.0109;C1-C6:-0.0109;C4-H5:0.0000;C4-C11:-0.0245;C4-C19:0.0435;C6-H7:0.0000;C6-C8:0.0435;C6-C22:-0.0245;C8-H9:0.0000;C8-H10:0.0000;C8-C14:0.0435;C11-H12:-0.0000;C11-H13:-0.0000;C11-C14:-0.0245;C14-H15:0.0000;C14-C16:-0.0109;C16-H17:-0.0000;C16-H18:-0.0000;C16-C25:-0.0109;C19-H20:0.0000;C19-H21:0.0000;C19-C25:0.0435;C22-H23:-0.0000;C22-H24:-0.0000;C22-C25:-0.0245;C25-H26:0.0000,C1-H2:0.0246;C1-H3:0.0246;C1-C4:-0.0236;C1-C6:-0.0236;C4-H5:0.0865;C4-C11:-0.0485;C4-C19:0.0767;C6-H7:0.0865;C6-C8:0.0767;C6-C22:-0.0485;C8-H9:0.0018;C8-H10:0.0018;C8-C14:0.0767;C11-H12:0.0162;C11-H13:0.0162;C11-C14:-0.0485;C14-H15:0.0865;C14-C16:-0.0236;C16-H17:0.0246;C16-H18:0.0246;C16-C25:-0.0236;C19-H20:0.0018;C19-H21:0.0018;C19-C25:0.0767;C22-H23:0.0162;C22-H24:0.0162;C22-C25:-0.0485;C25-H26:0.0865,True,B,,-4.270088556250602e-18,4.270088556250602e-18,-8.540177112501206e-18,1.8503717077085938e-17,1.2810265668751808e-17,4.270088556250602e-18,Jen2004,1.503,1.8402,E,,mu
C10H16,51,internal,1563.8377,bend,,0.0562763911126787,0.0199348932847994,C1-H2:-0.0001;C1-H3:-0.0001;C1-C4:0.0001;C1-C6:0.0001;C4-H5:0.0000;C4-C11:-0.0029;C4-C19:0.0022;C6-H7:0.0000;C6-C8:0.0022;C6-C22:-0.0029;C8-H9:-0.0037;C8-H10:-0.0037;C8-C14:0.0022;C11-H12:0.0050;C11-H13:0.0050;C11-C14:-0.0029;C14-H15:0.0000;C14-C16:0.0001;C16-H17:-0.0001;C16-H18:-0.0001;C16-C25:0.0001;C19-H20:-0.0037;C19-H21:-0.0037;C19-C25:0.0022;C22-H23:0.0050;C22-H24:0.0050;C22-C25:-0.0029;C25-H26:0.0000,C1-H2:-0.0004;C1-H3:-0.0004;C1-C4:0.0015;C1-C6:0.0015;C4-H5:0.0001;C4-C11:-0.0100;C4-C19:0.0089;C6-H7:0.0001;C6-C8:0.0089;C6-C22:-0.0100;C8-H9:0.0386;C8-H10:0.0386;C8-C14:0.0089;C11-H12:0.0801;C11-H13:0.0801;C11-C14:-0.0100;C14-H15:0.0001;C14-C16:0.0015;C16-H17:-0.0004;C16-H18:-0.0004;C16-C25:0.0015;C19-H20:0.0386;C19-H21:0.0386;C19-C25:0.0089;C22-H23:0.0801;C22-H24:0.0801;C22-C25:-0.0100;C25-H26:0.0001,True,B,,-4.270088556250602e-18,-8.540177112501206e-18,2.135044278125301e-18,4.625929269271485e-18,0.0,0.0,Jen2004,1.0808,1.5573,E,,mu
C10H16,52,internal,1563.8377,bend,,0.0564198360518493,0.0199721103237731,C1-H2:0.0058;C1-H3:0.0058;C1-C4:-0.0033;C1-C6:-0.0033;C4-H5:0.0000;C4-C11:0.0006;C4-C19:0.0013;C6-H7:0.0000;C6-C8:0.0013;C6-C22:0.0006;C8-H9:-0.0022;C8-H10:-0.0022;C8-C14:0.0013;C11-H12:-0.0009;C11-H13:-0.0009;C11-C14:0.0006;C14-H15:0.0000;C14-C16:-0.0033;C16-H17:0.0058;C16-H18:0.0058;C16-C25:-0.0033;C19-H20:-0.0022;C19-H21:-0.0022;C19-C25:0.0013;C22-H23:-0.0009;C22-H24:-0.0009;C22-C25:0.0006;C25-H26:0.0000,C1-H2:0.0907;C1-H3:0.0907;C1-C4:-0.0107;C1-C6:-0.0107;C4-H5:0.0001;C4-C11:0.0043;C4-C19:0.0068;C6-H7:0.0001;C6-C8:0.0068;C6-C22:0.0043;C8-H9:0.0208;C8-H10:0.0208;C8-C14:0.0068;C11-H12:0.0063;C11-H13:0.0063;C11-C14:0.0043;C14-H15:0.0001;C14-C16:-0.0107;C16-H17:0.0907;C16-H18:0.0907;C16-C25:-0.0107;C19-H20:0.0208;C19-H21:0.0208;C19-C25:0.0068;C22-H23:0.0063;C22-H24:0.0063;C22-C25:0.0043;C25-H26:0.0001,True,B,,-1.0675221390626507e-17,3.202566417187952e-18,-4.270088556250602e-18,1.8503717077085938e-17,8.540177112501206e-18,-8.540177112501206e-18,Jen2004,1.0808,1.5573,E,,mu
C10H16,53,internal,1575.2775,bend,,0.0703463220687575,0.0218768033425923,C1-H2:0.0003;C1-H3:0.0009;C1-C4:-0.0018;C1-C6:0.0001;C4-H5:-0.0000;C4-C11:-0.0083;C4-C19:-0.0011;C6-H7:0.0000;C6-C8:0.0003;C6-C22:0.0069;C8-H9:-0.0001;C8-H10:0.0001;C8-C14:-0.0006;C11-H12:0.0075;C11-H13:0.0069;C11-C14:-0.0073;C14-H15:-0.0000;C14-C16:-0.0003;C16-H17:-0.0004;C16-H18:-0.0008;C16-C25:0.0021;C19-H20:0.0000;C19-H21:-0.0001;C19-C25:0.0015;C22-H23:-0.0073;C22-H24:-0.0070;C22-C25:0.0087;C25-H26:0.0000,C1-H2:0.0125;C1-H3:0.0160;C1-C4:-0.0120;C1-C6:0.0006;C4-H5:-0.0020;C4-C11:-0.0210;C4-C19:-0.0071;C6-H7:0.0012;C6-C8:0.0033;C6-C22:0.0178;C8-H9:-0.0003;C8-H10:0.0045;C8-C14:-0.0063;C11-H12:0.1211;C11-H13:0.1205;C11-C14:-0.0181;C14-H15:-0.0013;C14-C16:-0.0014;C16-H17:0.0073;C16-H18:0.0032;C16-C25:0.0130;C19-H20:0.0016;C19-H21:-0.0012;C19-C25:0.0102;C22-H23:0.0915;C22-H24:0.0926;C22-C25:0.0226;C25-H26:0.0024,True,B,,-0.2361199738210688,-0.0141511475416306,-0.0514555232738344,-0.0182775542838754,-0.0184523414554016,0.0592198025873577,Jen2004,1.0875,1.5899,T2,,mu
C10H16,54,internal,1575.2775,bend,,0.072188151302365,0.0221931486344803,C1-H2:0.0000;C1-H3:-0.0001;C1-C4:-0.0009;C1-C6:0.0011;C4-H5:-0.0000;C4-C11:-0.0010;C4-C19:-0.0085;C6-H7:0.0000;C6-C8:0.0087;C6-C22:0.0011;C8-H9:-0.0078;C8-H10:-0.0077;C8-C14:0.0081;C11-H12:-0.0000;C11-H13:0.0002;C11-C14:0.0006;C14-H15:0.0000;C14-C16:0.0007;C16-H17:0.0001;C16-H18:-0.0001;C16-C25:-0.0008;C19-H20:0.0078;C19-H21:0.0076;C19-C25:-0.0082;C22-H23:-0.0002;C22-H24:0.0000;C22-C25:-0.0007;C25-H26:-0.0000,C1-H2:0.0020;C1-H3:-0.0017;C1-C4:-0.0070;C1-C6:0.0082;C4-H5:-0.0018;C4-C11:-0.0086;C4-C19:-0.0207;C6-H7:0.0020;C6-C8:0.0218;C6-C22:0.0090;C8-H9:0.0995;C8-H10:0.0998;C8-C14:0.0202;C11-H12:0.0008;C11-H13:0.0047;C11-C14:0.0051;C14-H15:0.0016;C14-C16:0.0058;C16-H17:0.0031;C16-H18:-0.0011;C16-C25:-0.0070;C19-H20:0.1294;C19-H21:0.1292;C19-C25:-0.0199;C22-H23:-0.0021;C22-H24:0.0020;C22-C25:-0.0054;C25-H26:-0.0016,True,B,,0.0439409378263431,-0.1772984927220349,-0.2319513401438696,0.0029408310150189,-0.0694881005048473,-0.0914960854930653,Jen2004,1.0875,1.5899,T2,,mu
C10H16,55,internal,1575.2775,bend,,0.0704618230813165,0.0219302399387005,C1-H2:0.0075;C1-H3:0.0069;C1-C4:-0.0072;C1-C6:-0.0084;C4-H5:-0.0000;C4-C11:-0.0003;C4-C19:-0.0005;C6-H7:-0.0000;C6-C8:-0.0012;C6-C22:-0.0018;C8-H9:-0.0001;C8-H10:0.0000;C8-C14:0.0014;C11-H12:-0.0004;C11-H13:-0.0008;C11-C14:0.0020;C14-H15:0.0000;C14-C16:0.0087;C16-H17:-0.0074;C16-H18:-0.0070;C16-C25:0.0070;C19-H20:-0.0001;C19-H21:0.0001;C19-C25:0.0004;C22-H23:0.0003;C22-H24:0.0008;C22-C25:0.0001;C25-H26:0.0000,C1-H2:0.1216;C1-H3:0.1210;C1-C4:-0.0180;C1-C6:-0.0212;C4-H5:-0.0013;C4-C11:-0.0013;C4-C19:-0.0059;C6-H7:-0.0021;C6-C8:-0.0076;C6-C22:-0.0121;C8-H9:-0.0012;C8-H10:0.0016;C8-C14:0.0098;C11-H12:0.0071;C11-H13:0.0030;C11-C14:0.0128;C14-H15:0.0023;C14-C16:0.0225;C16-H17:0.0919;C16-H18:0.0932;C16-C25:0.0180;C19-H20:-0.0010;C19-H21:0.0038;C19-C25:0.0038;C22-H23:0.0123;C22-H24:0.0157;C22-C25:0.0008;C25-H26:0.0012,True,B,,0.0258929806250251,0.2099533424778293,-0.1408857499049204,0.0062659563290454,-0.0963656295631279,0.0599608817524374,Jen2004,1.0875,1.5899,T2,,mu
C10H16,56,internal,1595.8847,bend,,0.0682026323997775,0.027127122595963,C1-H2:0.0023;C1-H3:0.0023;C1-C4:-0.0034;C1-C6:-0.0034;C4-H5:-0.0000;C4-C11:-0.0034;C4-C19:-0.0034;C6-H7:-0.0000;C6-C8:-0.0034;C6-C22:-0.0034;C8-H9:0.0023;C8-H10:0.0023;C8-C14:-0.0034;C11-H12:0.0023;C11-H13:0.0023;C11-C14:-0.0034;C14-H15:-0.0000;C14-C16:-0.0034;C16-H17:0.0023;C16-H18:0.0023;C16-C25:-0.0034;C19-H20:0.0023;C19-H21:0.0023;C19-C25:-0.0034;C22-H23:0.0023;C22-H24:0.0023;C22-C25:-0.0034;C25-H26:-0.0000,C1-H2:0.0481;C1-H3:0.0481;C1-C4:-0.0141;C1-C6:-0.0141;C4-H5:-0.0034;C4-C11:-0.0141;C4-C19:-0.0141;C6-H7:-0.0034;C6-C8:-0.0141;C6-C22:-0.0141;C8-H9:0.0481;C8-H10:0.0481;C8-C14:-0.0141;C11-H12:0.0481;C11-H13:0.0481;C11-C14:-0.0141;C14-H15:-0.0034;C14-C16:-0.0141;C16-H17:0.0481;C16-H18:0.0481;C16-C25:-0.0141;C19-H20:0.0481;C19-H21:0.0481;C19-C25:-0.0141;C22-H23:0.0481;C22-H24:0.0481;C22-C25:-0.0141;C25-H26:-0.0034,True,B,,4.270088556250602e-18,-4.270088556250602e-18,-4.9318121663727545e-18,0.0,4.91068951369296e-18,5.510422779856263e-18,Jen2004,1.0863,1.6301,A1,,mu
C10H16,57,internal,3050.7024,stretch,,0.9151304263816398,0.1393150589487716,C1-H2:-0.0533;C1-H3:-0.0533;C1-C4:0.0012;C1-C6:0.0012;C4-H5:0.0653;C4-C11:0.0012;C4-C19:0.0012;C6-H7:0.0653;C6-C8:0.0012;C6-C22:0.0012;C8-H9:-0.0533;C8-H10:-0.0533;C8-C14:0.0012;C11-H12:-0.0533;C11-H13:-0.0533;C11-C14:0.0012;C14-H15:0.0653;C14-C16:0.0012;C16-H17:-0.0533;C16-H18:-0.0533;C16-C25:0.0012;C19-H20:-0.0533;C19-H21:-0.0533;C19-C25:0.0012;C22-H23:-0.0533;C22-H24:-0.0533;C22-C25:0.0012;C25-H26:0.0653,C1-H2:-0.2344;C1-H3:-0.2344;C1-C4:0.0041;C1-C6:0.0041;C4-H5:0.2597;C4-C11:0.0041;C4-C19:0.0041;C6-H7:0.2597;C6-C8:0.0041;C6-C22:0.0041;C8-H9:-0.2344;C8-H10:-0.2344;C8-C14:0.0041;C11-H12:-0.2344;C11-H13:-0.2344;C11-C14:0.0041;C14-H15:0.2597;C14-C16:0.0041;C16-H17:-0.2344;C16-H18:-0.2344;C16-C25:0.0041;C19-H20:-0.2344;C19-H21:-0.2344;C19-C25:0.0041;C22-H23:-0.2344;C22-H24:-0.2344;C22-C25:0.0041;C25-H26:0.2597,True,S,,-2.5620531337503614e-17,0.0,1.1025233422671281e-18,4.625929269271485e-18,1.0702873130505416e-18,4.6342054117863696e-18,Jen2004,1.0638,5.8333,A1,,mu
C10H16,58,internal,3051.1896,stretch,,0.9549248336012024,0.1097666986434554,C1-H2:-0.1823;C1-H3:-0.1747;C1-C4:0.0051;C1-C6:0.0052;C4-H5:0.0489;C4-C11:-0.0005;C4-C19:0.0005;C6-H7:0.0091;C6-C8:-0.0007;C6-C22:-0.0001;C8-H9:0.0294;C8-H10:0.0212;C8-C14:-0.0005;C11-H12:-0.0003;C11-H13:-0.0000;C11-C14:0.0005;C14-H15:-0.0458;C14-C16:-0.0052;C16-H17:0.1743;C16-H18:0.1828;C16-C25:-0.0052;C19-H20:-0.0213;C19-H21:-0.0292;C19-C25:0.0007;C22-H23:0.0007;C22-H24:-0.0001;C22-C25:0.0001;C25-H26:-0.0105,C1-H2:-0.4245;C1-H3:-0.4156;C1-C4:0.0120;C1-C6:0.0138;C4-H5:0.2202;C4-C11:-0.0031;C4-C19:0.0023;C6-H7:0.0949;C6-C8:-0.0071;C6-C22:-0.0018;C8-H9:0.1705;C8-H10:0.1447;C8-C14:-0.0021;C11-H12:-0.0174;C11-H13:-0.0016;C11-C14:0.0038;C14-H15:-0.2131;C14-C16:-0.0110;C16-H17:0.4154;C16-H18:0.4254;C16-C25:-0.0130;C19-H20:-0.1452;C19-H21:-0.1699;C19-C25:0.0072;C22-H23:0.0268;C22-H24:-0.0079;C22-C25:0.0013;C25-H26:-0.1021,True,S,,-0.0013506856348101,0.0310349478581164,0.0090538465361629,-0.0181735286509209,-0.017325366310748,0.0210557175366649,Jen2004,1.0589,5.8084,T2,,mu
C10H16,59,internal,3051.1896,stretch,,0.953418619635284,0.1276643628081124,C1-H2:0.0174;C1-H3:0.0187;C1-C4:-0.0007;C1-C6:-0.0001;C4-H5:0.0309;C4-C11:0.0019;C4-C19:0.0034;C6-H7:-0.0764;C6-C8:-0.0032;C6-C22:-0.0017;C8-H9:0.1199;C8-H10:0.1147;C8-C14:-0.0034;C11-H12:-0.0611;C11-H13:-0.0760;C11-C14:0.0020;C14-H15:0.0004;C14-C16:0.0005;C16-H17:-0.0232;C16-H18:-0.0135;C16-C25:0.0005;C19-H20:-0.1256;C19-H21:-0.1093;C19-C25:0.0034;C22-H23:0.0717;C22-H24:0.0651;C22-C25:-0.0019;C25-H26:0.0065,C1-H2:0.1312;C1-H3:0.1360;C1-C4:-0.0075;C1-C6:-0.0002;C4-H5:0.1752;C4-C11:0.0067;C4-C19:0.0097;C6-H7:-0.2753;C6-C8:-0.0073;C6-C22:-0.0045;C8-H9:0.3445;C8-H10:0.3370;C8-C14:-0.0123;C11-H12:-0.2457;C11-H13:-0.2743;C11-C14:0.0090;C14-H15:0.0199;C14-C16:0.0045;C16-H17:-0.1516;C16-H18:-0.1155;C16-C25:0.0035;C19-H20:-0.3524;C19-H21:-0.3287;C19-C25:0.0111;C22-H23:0.2663;C22-H24:0.2539;C22-C25:-0.0105;C25-H26:0.0803,True,S,,-0.0130838682066562,-0.0178572408759103,-0.0027160189474682,0.0023129302519712,-0.0002164007620577,-0.023888667623347,Jen2004,1.0589,5.8084,T2,,mu
C10H16,60,internal,3051.1896,stretch,,0.95409544772763,0.1220620057559231,C1-H2:0.0044;C1-H3:0.0106;C1-C4:-0.0002;C1-C6:-0.0002;C4-H5:-0.0059;C4-C11:-0.0039;C4-C19:0.0017;C6-H7:0.0002;C6-C8:-0.0018;C6-C22:0.0039;C8-H9:0.0548;C8-H10:0.0682;C8-C14:-0.0017;C11-H12:0.1427;C11-H13:0.1280;C11-C14:-0.0039;C14-H15:-0.0395;C14-C16:0.0006;C16-H17:-0.0065;C16-H18:-0.0078;C16-C25:-0.0003;C19-H20:-0.0572;C19-H21:-0.0656;C19-C25:0.0016;C22-H23:-0.1317;C22-H24:-0.1389;C22-C25:0.0038;C25-H26:0.0687,C1-H2:0.0657;C1-H3:0.1025;C1-C4:-0.0017;C1-C6:-0.0032;C4-H5:-0.0763;C4-C11:-0.0115;C4-C19:0.0100;C6-H7:0.0133;C6-C8:-0.0089;C6-C22:0.0130;C8-H9:0.2328;C8-H10:0.2598;C8-C14:-0.0054;C11-H12:0.3758;C11-H13:0.3560;C11-C14:-0.0095;C14-H15:-0.1980;C14-C16:0.0061;C16-H17:-0.0805;C16-H18:-0.0877;C16-C25:-0.0010;C19-H20:-0.2378;C19-H21:-0.2547;C19-C25:0.0050;C22-H23:-0.3608;C22-H24:-0.3706;C22-C25:0.0094;C25-H26:0.2610,True,S,,0.0185109191707164,-0.016167310024552,-0.00212467881595,0.0025462678993366,0.0051571669100466,-0.0333227898760474,Jen2004,1.0589,5.8084,T2,,mu
C10H16,61,internal,3051.5553,stretch,,0.978717296266897,0.115458848001687,C1-H2:0.0479;C1-H3:0.0479;C1-C4:-0.0014;C1-C6:-0.0014;C4-H5:-0.0000;C4-C11:0.0047;C4-C19:-0.0009;C6-H7:0.0000;C6-C8:-0.0009;C6-C22:0.0047;C8-H9:0.0318;C8-H10:0.0318;C8-C14:-0.0009;C11-H12:-0.1579;C11-H13:-0.1579;C11-C14:0.0047;C14-H15:0.0000;C14-C16:-0.0014;C16-H17:0.0479;C16-H18:0.0479;C16-C25:-0.0014;C19-H20:0.0318;C19-H21:0.0318;C19-C25:-0.0009;C22-H23:-0.1579;C22-H24:-0.1579;C22-C25:0.0047;C25-H26:0.0000,C1-H2:0.2148;C1-H3:0.2148;C1-C4:-0.0078;C1-C6:-0.0078;C4-H5:0.0000;C4-C11:0.0144;C4-C19:-0.0063;C6-H7:0.0000;C6-C8:-0.0063;C6-C22:0.0144;C8-H9:0.1751;C8-H10:0.1751;C8-C14:-0.0063;C11-H12:-0.3897;C11-H13:-0.3897;C11-C14:0.0144;C14-H15:0.0000;C14-C16:-0.0078;C16-H17:0.2148;C16-H18:0.2148;C16-C25:-0.0078;C19-H20:0.1751;C19-H21:0.1751;C19-C25:-0.0063;C22-H23:-0.3897;C22-H24:-0.3897;C22-C25:0.0144;C25-H26:0.0000,True,S,,8.459917188358573e-05,-5.106751662922524e-06,-0.0001193787576671,-6.591535352052276e-06,7.345367495460826e-07,-5.707037807927823e-06,Jen2004,1.056,5.7936,E,,mu
C10H16,62,internal,3051.5553,stretch,,0.9787139821799392,0.103377625402311,C1-H2:-0.1105;C1-H3:-0.1105;C1-C4:0.0033;C1-C6:0.0033;C4-H5:0.0000;C4-C11:0.0000;C4-C19:-0.0038;C6-H7:-0.0000;C6-C8:-0.0038;C6-C22:0.0000;C8-H9:0.1266;C8-H10:0.1266;C8-C14:-0.0038;C11-H12:-0.0005;C11-H13:-0.0005;C11-C14:0.0000;C14-H15:-0.0000;C14-C16:0.0033;C16-H17:-0.1105;C16-H18:-0.1105;C16-C25:0.0033;C19-H20:0.1266;C19-H21:0.1266;C19-C25:-0.0038;C22-H23:-0.0005;C22-H24:-0.0005;C22-C25:0.0000;C25-H26:-0.0000,C1-H2:-0.3261;C1-H3:-0.3261;C1-C4:0.0120;C1-C6:0.0120;C4-H5:0.0000;C4-C11:0.0008;C4-C19:-0.0126;C6-H7:0.0000;C6-C8:-0.0126;C6-C22:0.0008;C8-H9:0.3492;C8-H10:0.3492;C8-C14:-0.0126;C11-H12:-0.0229;C11-H13:-0.0229;C11-C14:0.0008;C14-H15:-0.0000;C14-C16:0.0120;C16-H17:-0.3261;C16-H18:-0.3261;C16-C25:0.0120;C19-H20:0.3492;C19-H21:0.3492;C19-C25:-0.0126;C22-H23:-0.0229;C22-H24:-0.0229;C22-C25:0.0008;C25-H26:-0.0000,True,S,,0.0001271718444108,-8.347646093393345e-05,8.870727481068686e-05,-6.624551575638386e-06,6.071739770103096e-05,4.997246461799808e-05,Jen2004,1.056,5.7936,E,,mu
C10H16,63,internal,3076.1755,stretch,,0.9527214260541604,0.0979225421084063,C1-H2:0.0033;C1-H3:0.0050;C1-C4:-0.0002;C1-C6:-0.0017;C4-H5:0.0008;C4-C11:-0.0002;C4-C19:0.0006;C6-H7:0.1043;C6-C8:-0.0021;C6-C22:-0.0007;C8-H9:0.0158;C8-H10:0.0181;C8-C14:-0.0029;C11-H12:0.0068;C11-H13:0.0050;C11-C14:-0.0025;C14-H15:0.1525;C14-C16:-0.0013;C16-H17:-0.0043;C16-H18:-0.0039;C16-C25:0.0078;C19-H20:-0.0168;C19-H21:-0.0170;C19-C25:0.0087;C22-H23:-0.0055;C22-H24:-0.0062;C22-C25:0.0080;C25-H26:-0.5505,C1-H2:0.0590;C1-H3:0.0721;C1-C4:-0.0032;C1-C6:-0.0085;C4-H5:0.0292;C4-C11:-0.0037;C4-C19:0.0050;C6-H7:0.3307;C6-C8:-0.0114;C6-C22:-0.0025;C8-H9:0.1286;C8-H10:0.1376;C8-C14:-0.0126;C11-H12:0.0843;C11-H13:0.0720;C11-C14:-0.0103;C14-H15:0.3998;C14-C16:-0.0041;C16-H17:-0.0673;C16-H18:-0.0638;C16-C25:0.0169;C19-H20:-0.1327;C19-H21:-0.1335;C19-C25:0.0196;C22-H23:-0.0760;C22-H24:-0.0802;C22-C25:0.0174;C25-H26:-0.7597,True,S,,0.0177544701021996,-0.0265782307392963,-0.003050889743005,0.0108394895788269,0.0082681717501641,-0.0354852289243867,Jen2004,1.0812,6.0283,T2,,mu
C10H16,64,internal,3076.1755,stretch,,0.9524891840819028,0.0989029220429262,C1-H2:-0.0036;C1-H3:-0.0030;C1-C4:-0.0014;C1-C6:0.0070;C4-H5:0.1497;C4-C11:-0.0029;C4-C19:-0.0023;C6-H7:-0.4937;C6-C8:0.0070;C6-C22:0.0081;C8-H9:-0.0034;C8-H10:-0.0028;C8-C14:-0.0015;C11-H12:0.0195;C11-H13:0.0215;C11-C14:-0.0030;C14-H15:0.1581;C14-C16:-0.0024;C16-H17:0.0041;C16-H18:0.0026;C16-C25:-0.0001;C19-H20:0.0038;C19-H21:0.0024;C19-C25:-0.0001;C22-H23:-0.0205;C22-H24:-0.0205;C22-C25:0.0008;C25-H26:-0.0067,C1-H2:-0.0617;C1-H3:-0.0561;C1-C4:-0.0044;C1-C6:0.0159;C4-H5:0.3961;C4-C11:-0.0131;C4-C19:-0.0093;C6-H7:-0.7194;C6-C8:0.0158;C6-C22:0.0193;C8-H9:-0.0596;C8-H10:-0.0542;C8-C14:-0.0046;C11-H12:0.1428;C11-H13:0.1499;C11-C14:-0.0132;C14-H15:0.4071;C14-C16:-0.0095;C16-H17:0.0652;C16-H18:0.0526;C16-C25:-0.0009;C19-H20:0.0633;C19-H21:0.0505;C19-C25:-0.0008;C22-H23:-0.1462;C22-H24:-0.1464;C22-C25:0.0076;C25-H26:-0.0837,True,S,,0.0179803755404314,0.0188241276642974,-5.948292336871203e-05,-0.0003518747985186,0.0002515912706573,0.0220824253597373,Jen2004,1.0812,6.0283,T2,,mu
C10H16,65,internal,3076.1755,stretch,,0.9525565612334604,0.0958723730897202,C1-H2:0.0200;C1-H3:0.0190;C1-C4:-0.0075;C1-C6:-0.0008;C4-H5:0.4556;C4-C11:-0.0061;C4-C19:-0.0068;C6-H7:0.0081;C6-C8:0.0002;C6-C22:-0.0000;C8-H9:-0.0077;C8-H10:-0.0060;C8-C14:0.0046;C11-H12:0.0007;C11-H13:0.0005;C11-C14:0.0034;C14-H15:-0.2955;C14-C16:0.0051;C16-H17:-0.0186;C16-H18:-0.0204;C16-C25:0.0013;C19-H20:0.0063;C19-H21:0.0075;C19-C25:0.0001;C22-H23:-0.0010;C22-H24:-0.0003;C22-C25:0.0007;C25-H26:-0.0489,C1-H2:0.1446;C1-H3:0.1408;C1-C4:-0.0179;C1-C6:-0.0075;C4-H5:0.6911;C4-C11:-0.0128;C4-C19:-0.0154;C6-H7:0.0919;C6-C8:0.0019;C6-C22:-0.0006;C8-H9:-0.0899;C8-H10:-0.0795;C8-C14:0.0137;C11-H12:0.0263;C11-H13:0.0227;C11-C14:0.0094;C14-H15:-0.5566;C14-C16:0.0161;C16-H17:-0.1392;C16-H18:-0.1460;C16-C25:0.0100;C19-H20:0.0810;C19-H21:0.0884;C19-C25:0.0007;C22-H23:-0.0316;C22-H24:-0.0174;C22-C25:0.0051;C25-H26:-0.2264,True,S,,0.0136195699597175,-0.0024763634671381,0.0244539488101803,-0.0007525773287648,0.050965183885153,-0.0022555025887166,Jen2004,1.0812,6.0283,T2,,mu
C10H16,66,internal,3084.4699,stretch,,0.9826711355111676,0.1289533327021992,C1-H2:0.0220;C1-H3:0.0220;C1-C4:-0.0033;C1-C6:-0.0033;C4-H5:0.1697;C4-C11:-0.0033;C4-C19:-0.0033;C6-H7:0.1697;C6-C8:-0.0033;C6-C22:-0.0033;C8-H9:0.0220;C8-H10:0.0220;C8-C14:-0.0033;C11-H12:0.0220;C11-H13:0.0220;C11-C14:-0.0033;C14-H15:0.1697;C14-C16:-0.0033;C16-H17:0.0220;C16-H18:0.0220;C16-C25:-0.0033;C19-H20:0.0220;C19-H21:0.0220;C19-C25:-0.0033;C22-H23:0.0220;C22-H24:0.0220;C22-C25:-0.0033;C25-H26:0.1697,C1-H2:0.1492;C1-H3:0.1492;C1-C4:-0.0134;C1-C6:-0.0134;C4-H5:0.4148;C4-C11:-0.0134;C4-C19:-0.0134;C6-H7:0.4148;C6-C8:-0.0134;C6-C22:-0.0134;C8-H9:0.1492;C8-H10:0.1492;C8-C14:-0.0134;C11-H12:0.1492;C11-H13:0.1492;C11-C14:-0.0134;C14-H15:0.4148;C14-C16:-0.0134;C16-H17:0.1492;C16-H18:0.1492;C16-C25:-0.0134;C19-H20:0.1492;C19-H21:0.1492;C19-C25:-0.0134;C22-H23:0.1492;C22-H24:0.1492;C22-C25:-0.0134;C25-H26:0.4148,True,S,,0.0,4.270088556250602e-18,-1.1153080034935492e-18,9.251858538542969e-18,-9.68772114521134e-18,1.887070244612561e-18,Jen2004,1.0806,6.0575,A1,,mu
C10H16,67,internal,3097.6833,stretch,,0.9164473529593808,0.1077596256870439,C1-H2:0.2147;C1-H3:-0.2147;C1-C4:0.0000;C1-C6:-0.0000;C4-H5:0.0000;C4-C11:0.0001;C4-C19:-0.0001;C6-H7:-0.0000;C6-C8:0.0001;C6-C22:-0.0001;C8-H9:-0.1104;C8-H10:0.1104;C8-C14:-0.0001;C11-H12:0.0172;C11-H13:-0.0172;C11-C14:-0.0001;C14-H15:-0.0000;C14-C16:0.0001;C16-H17:-0.0022;C16-H18:0.0022;C16-C25:-0.0000;C19-H20:0.0315;C19-H21:-0.0315;C19-C25:0.0001;C22-H23:0.0817;C22-H24:-0.0817;C22-C25:0.0001;C25-H26:0.0000,C1-H2:0.4858;C1-H3:-0.4847;C1-C4:0.0009;C1-C6:0.0007;C4-H5:0.0000;C4-C11:0.0007;C4-C19:-0.0006;C6-H7:0.0000;C6-C8:0.0008;C6-C22:0.0000;C8-H9:-0.3478;C8-H10:0.3483;C8-C14:0.0000;C11-H12:0.1374;C11-H13:-0.1373;C11-C14:-0.0005;C14-H15:-0.0000;C14-C16:0.0010;C16-H17:-0.0486;C16-H18:0.0486;C16-C25:-0.0010;C19-H20:0.1860;C19-H21:-0.1859;C19-C25:0.0008;C22-H23:0.2996;C22-H24:-0.2993;C22-C25:0.0006;C25-H26:0.0000,True,S,,-0.0218770815079359,0.039925609947188,0.0461004074923715,-0.0230466674283451,0.0501908402265869,-0.0380426966320834,Jen2004,1.1037,6.24,T1,,mu
C10H16,68,internal,3097.6833,stretch,,0.916849008130052,0.1120574833231755,C1-H2:0.0140;C1-H3:-0.0140;C1-C4:-0.0001;C1-C6:0.0001;C4-H5:0.0000;C4-C11:-0.0001;C4-C19:0.0002;C6-H7:-0.0000;C6-C8:0.0002;C6-C22:-0.0001;C8-H9:0.1148;C8-H10:-0.1148;C8-C14:-0.0002;C11-H12:0.2091;C11-H13:-0.2091;C11-C14:0.0001;C14-H15:-0.0000;C14-C16:0.0001;C16-H17:0.0469;C16-H18:-0.0469;C16-C25:-0.0001;C19-H20:0.0580;C19-H21:-0.0580;C19-C25:-0.0002;C22-H23:-0.0150;C22-H24:0.0150;C22-C25:0.0001;C25-H26:0.0000,C1-H2:0.1241;C1-H3:-0.1241;C1-C4:-0.0004;C1-C6:0.0005;C4-H5:0.0000;C4-C11:0.0005;C4-C19:0.0010;C6-H7:0.0000;C6-C8:0.0010;C6-C22:-0.0009;C8-H9:0.3551;C8-H10:-0.3546;C8-C14:-0.0001;C11-H12:0.4794;C11-H13:-0.4783;C11-C14:0.0011;C14-H15:-0.0000;C14-C16:0.0004;C16-H17:0.2269;C16-H18:-0.2267;C16-C25:-0.0001;C19-H20:0.2523;C19-H21:-0.2521;C19-C25:-0.0005;C22-H23:-0.1281;C22-H24:0.1282;C22-C25:0.0010;C25-H26:0.0000,True,S,,0.0056663887804019,-0.0413638130762769,-0.0229058036460006,-0.0380735988719509,0.0058306183224849,-0.0285195544871361,Jen2004,1.1037,6.24,T1,,mu
C10H16,69,internal,3097.6833,stretch,,0.915804123000152,0.0962111522096156,C1-H2:0.0001;C1-H3:-0.0001;C1-C4:0.0000;C1-C6:-0.0000;C4-H5:-0.0000;C4-C11:-0.0000;C4-C19:-0.0000;C6-H7:0.0000;C6-C8:0.0000;C6-C22:0.0000;C8-H9:-0.0037;C8-H10:0.0037;C8-C14:-0.0001;C11-H12:-0.0026;C11-H13:0.0026;C11-C14:0.0000;C14-H15:0.0000;C14-C16:0.0000;C16-H17:-0.1798;C16-H18:0.1798;C16-C25:-0.0000;C19-H20:0.1394;C19-H21:-0.1394;C19-C25:0.0000;C22-H23:-0.1322;C22-H24:0.1322;C22-C25:-0.0000;C25-H26:-0.0000,C1-H2:0.0102;C1-H3:-0.0102;C1-C4:0.0009;C1-C6:-0.0009;C4-H5:0.0000;C4-C11:-0.0008;C4-C19:0.0004;C6-H7:0.0000;C6-C8:0.0008;C6-C22:0.0006;C8-H9:-0.0634;C8-H10:0.0634;C8-C14:-0.0008;C11-H12:-0.0531;C11-H13:0.0531;C11-C14:0.0008;C14-H15:0.0000;C14-C16:0.0007;C16-H17:-0.4437;C16-H18:0.4445;C16-C25:0.0007;C19-H20:0.3914;C19-H21:-0.3907;C19-C25:0.0007;C22-H23:-0.3805;C22-H24:0.3811;C22-C25:0.0004;C25-H26:0.0000,True,S,,-0.0338952949412803,-0.0494241927824715,-0.0546760085431937,0.0060658796141356,-0.050882933909538,0.0240833411136573,Jen2004,1.1037,6.24,T1,,mu
C10H16,70,internal,3104.5876,stretch,,0.9199587515816816,0.1048188899615218,C1-H2:0.1337;C1-H3:-0.1497;C1-C4:0.0000;C1-C6:-0.0002;C4-H5:-0.0000;C4-C11:0.0001;C4-C19:-0.0001;C6-H7:-0.0000;C6-C8:0.0001;C6-C22:-0.0001;C8-H9:-0.0027;C8-H10:0.0066;C8-C14:-0.0000;C11-H12:-0.0043;C11-H13:0.0063;C11-C14:-0.0001;C14-H15:0.0000;C14-C16:-0.0001;C16-H17:0.0223;C16-H18:-0.0164;C16-C25:0.0002;C19-H20:-0.1016;C19-H21:0.0836;C19-C25:-0.0002;C22-H23:-0.2019;C22-H24:0.1899;C22-C25:-0.0000;C25-H26:-0.0000,C1-H2:0.3825;C1-H3:-0.4042;C1-C4:0.0005;C1-C6:-0.0001;C4-H5:-0.0003;C4-C11:0.0011;C4-C19:0.0001;C6-H7:-0.0000;C6-C8:0.0011;C6-C22:0.0004;C8-H9:-0.0538;C8-H10:0.0849;C8-C14:-0.0002;C11-H12:-0.0684;C11-H13:0.0828;C11-C14:-0.0008;C14-H15:0.0004;C14-C16:-0.0005;C16-H17:0.1562;C16-H18:-0.1337;C16-C25:0.0012;C19-H20:-0.3331;C19-H21:0.3024;C19-C25:-0.0002;C22-H23:-0.4693;C22-H24:0.4559;C22-C25:0.0007;C25-H26:-0.0001,True,S,,0.0322410725125988,-0.0158915210867878,-0.0988104630357149,0.0229240305051032,-0.0215350221002652,0.0176428989177745,Jen2004,1.1037,6.2675,T2,,mu
C10H16,71,internal,3104.5876,stretch,,0.9199687664969084,0.1069219969067487,C1-H2:-0.0952;C1-H3:0.0781;C1-C4:-0.0000;C1-C6:-0.0002;C4-H5:-0.0000;C4-C11:0.0000;C4-C19:0.0001;C6-H7:-0.0000;C6-C8:-0.0000;C6-C22:0.0002;C8-H9:-0.2172;C8-H10:0.2081;C8-C14:-0.0001;C11-H12:0.1067;C11-H13:-0.1229;C11-C14:-0.0002;C14-H15:-0.0000;C14-C16:0.0001;C16-H17:0.0188;C16-H18:-0.0117;C16-C25:-0.0000;C19-H20:-0.0016;C19-H21:0.0025;C19-C25:-0.0000;C22-H23:-0.0241;C22-H24:0.0321;C22-C25:-0.0001;C25-H26:0.0000,C1-H2:-0.3225;C1-H3:0.2923;C1-C4:0.0002;C1-C6:-0.0003;C4-H5:-0.0003;C4-C11:0.0005;C4-C19:0.0011;C6-H7:-0.0001;C6-C8:0.0007;C6-C22:0.0011;C8-H9:-0.4866;C8-H10:0.4773;C8-C14:0.0006;C11-H12:0.3416;C11-H13:-0.3663;C11-C14:-0.0002;C14-H15:-0.0000;C14-C16:0.0011;C16-H17:0.1434;C16-H18:-0.1128;C16-C25:-0.0002;C19-H20:-0.0414;C19-H21:0.0518;C19-C25:-0.0009;C22-H23:-0.1621;C22-H24:0.1874;C22-C25:-0.0003;C25-H26:0.0004,True,S,,-0.0569345103018869,0.0797690977982604,-0.0446080964789243,0.0375366310986546,0.0406313634830569,-0.0240867666781107,Jen2004,1.1037,6.2675,T2,,mu
C10H16,72,internal,3104.5876,stretch,,0.919872828593649,0.1019443605140109,C1-H2:-0.0009;C1-H3:0.0019;C1-C4:0.0000;C1-C6:-0.0000;C4-H5:-0.0000;C4-C11:-0.0001;C4-C19:-0.0000;C6-H7:0.0000;C6-C8:-0.0001;C6-C22:-0.0000;C8-H9:-0.0098;C8-H10:0.0150;C8-C14:0.0001;C11-H12:-0.1187;C11-H13:0.1006;C11-C14:-0.0002;C14-H15:-0.0000;C14-C16:-0.0000;C16-H17:0.1886;C16-H18:-0.2016;C16-C25:-0.0001;C19-H20:0.1266;C19-H21:-0.1436;C19-C25:-0.0002;C22-H23:-0.0037;C22-H24:0.0077;C22-C25:0.0001;C25-H26:-0.0000,C1-H2:-0.0304;C1-H3:0.0459;C1-C4:0.0011;C1-C6:-0.0007;C4-H5:-0.0002;C4-C11:0.0002;C4-C19:0.0004;C6-H7:0.0004;C6-C8:-0.0004;C6-C22:-0.0003;C8-H9:-0.1036;C8-H10:0.1281;C8-C14:0.0011;C11-H12:-0.3602;C11-H13:0.3317;C11-C14:-0.0001;C14-H15:-0.0001;C14-C16:0.0006;C16-H17:0.4544;C16-H18:-0.4690;C16-C25:0.0004;C19-H20:0.3721;C19-H21:-0.3960;C19-C25:-0.0000;C22-H23:-0.0632;C22-H24:0.0921;C22-C25:0.0011;C25-H26:-0.0001,True,S,,-0.0837707191754827,-0.0677941223140254,-0.015832290409425,-0.0291253039374421,0.0193942451693633,0.0321456994049837,Jen2004,1.1037,6.2675,T2,,mu
PCl5,Tx,external,0.0,translation,,0.0,,,,True,Tx,,1.0,0.0,0.0,0.0,-0.1999999711048101,0.0,,,,,,mu
PCl5,Ty,external,0.0,translation,,0.0,,,,True,Ty,,0.0,1.0,0.0,-5.506285797688785e-09,0.0,0.0,,,,,,mu
PCl5,Tz,external,0.0,translation,,0.0,,,,True,Tz,,0.0,0.0,1.0,0.0,0.0,0.0,,,,,,mu
PCl5,Rx,external,0.0,rotation,,0.0,,,,True,Rx,,0.0,-2.753142898844392e-09,0.0,1.0,0.0,0.0,,,,,,mu
PCl5,Ry,external,0.0,rotation,,0.0,,,,True,Ry,,-0.1666666425873417,0.0,0.0,0.0,1.0,0.0,,,,,,mu
PCl5,Rz,external,0.0,rotation,,0.0,,,,True,Rz,,0.0,0.0,0.0,0.0,0.0,1.0,,,,,,mu
PCl5,1,internal,58.6946,bend,,0.070386203847986,0.0330124370624195,P1-Cl2:-0.0210;P1-Cl3:0.0148;P1-Cl4:0.0346;P1-Cl5:0.0000;P1-Cl6:0.0000,P1-Cl2:-0.0348;P1-Cl3:0.0599;P1-Cl4:0.0550;P1-Cl5:0.0077;P1-Cl6:0.0077,True,B,,0.0,0.0413660420418021,-0.3198600338799232,0.254995931576145,0.0,0.0,Car1963,34.9507,0.0709,E',,mu
PCl5,2,internal,58.6946,bend,,0.0709040785206786,0.0195344473105342,P1-Cl2:-0.0195;P1-Cl3:0.0169;P1-Cl4:-0.0345;P1-Cl5:0.0000;P1-Cl6:0.0000,P1-Cl2:0.0372;P1-Cl3:0.0433;P1-Cl4:0.0018;P1-Cl5:0.0077;P1-Cl6:0.0077,True,B,,0.0,-0.3076073115936439,-0.1615844801776745,0.2234149023665455,0.0,0.0,Car1963,34.9507,0.0709,E',,mu
PCl5,3,internal,189.6297,bend,,0.0,0.0187429151411566,P1-Cl2:0.0000;P1-Cl3:0.0000;P1-Cl4:0.0000;P1-Cl5:0.0000;P1-Cl6:0.0000,P1-Cl2:0.0048;P1-Cl3:0.0371;P1-Cl4:0.0154;P1-Cl5:0.0182;P1-Cl6:0.0182,True,B,,-0.1666666666666666,0.0,0.0,0.0,-0.0584391799923093,0.0323587542270815,Car1963,34.9689,0.7409,"E""",,mu
PCl5,4,internal,189.6297,bend,,0.0,0.0187424420252572,P1-Cl2:0.0000;P1-Cl3:0.0000;P1-Cl4:0.0000;P1-Cl5:0.0000;P1-Cl6:0.0000,P1-Cl2:0.0334;P1-Cl3:0.0010;P1-Cl4:0.0230;P1-Cl5:0.0182;P1-Cl6:0.0182,True,B,,-0.1666666666666666,0.0,0.0,0.0,0.2258870033816663,-0.1769510250096137,Car1963,34.9689,0.7409,"E""",,mu
PCl5,5,internal,194.7376,bend,,0.0366115109512415,0.0480795902023379,P1-Cl2:-0.0028;P1-Cl3:0.0158;P1-Cl4:-0.0180;P1-Cl5:0.0000;P1-Cl6:0.0000,P1-Cl2:0.0263;P1-Cl3:0.0554;P1-Cl4:-0.0354;P1-Cl5:0.0616;P1-Cl6:0.0616,True,B,,0.0,0.074655789695337,-0.0183948176805249,-0.203318577671474,0.0,0.0,Car1963,34.3391,0.7673,E',,mu
PCl5,6,internal,194.7376,bend,,0.0403391997183936,0.0379691595403466,P1-Cl2:0.0086;P1-Cl3:-0.0144;P1-Cl4:-0.0173;P1-Cl5:0.0000;P1-Cl6:0.0000,P1-Cl2:0.0553;P1-Cl3:0.0016;P1-Cl4:-0.0096;P1-Cl5:0.0616;P1-Cl6:0.0616,True,B,,0.0,0.0170767114841696,0.0052875668835275,0.0354609110217463,0.0,0.0,Car1963,34.3391,0.7673,E',,mu
PCl5,7,internal,221.3165,bend,,0.0166460106767252,0.050862951312561,P1-Cl2:0.0000;P1-Cl3:0.0000;P1-Cl4:0.0000;P1-Cl5:0.0083;P1-Cl6:-0.0083,P1-Cl2:0.0517;P1-Cl3:0.0517;P1-Cl4:0.0517;P1-Cl5:0.0497;P1-Cl6:-0.0497,True,B,,0.0,0.0,0.0,0.0,0.2000000288951899,0.0,Car1963,34.5214,0.9962,"A2""",,mu
PCl5,8,internal,249.8543,stretch,,0.9999999999994262,0.1908222907888863,P1-Cl2:-0.1395;P1-Cl3:-0.1395;P1-Cl4:-0.1395;P1-Cl5:0.2908;P1-Cl6:0.2908,P1-Cl2:-0.1655;P1-Cl3:-0.1655;P1-Cl4:-0.1655;P1-Cl5:0.2288;P1-Cl6:0.2288,True,S,,0.0,0.0,-5.694061932700241e-07,0.0,0.0,0.0,Car1963,34.9689,1.2862,A1',,mu
PCl5,9,internal,288.4517,stretch,,0.999999999982957,0.1947030155696366,P1-Cl2:0.1939;P1-Cl3:0.1939;P1-Cl4:0.1939;P1-Cl5:0.2092;P1-Cl6:0.2092,P1-Cl2:0.1951;P1-Cl3:0.1951;P1-Cl4:0.1951;P1-Cl5:0.1941;P1-Cl6:0.1941,True,S,,0.0,0.0,-2.722689119827315e-06,0.0,0.0,0.0,Car1963,34.9689,1.7143,A1',,mu
PCl5,10,internal,407.9161,stretch,,0.5404195026158912,0.25330068879509,P1-Cl2:0.0000;P1-Cl3:0.0000;P1-Cl4:0.0000;P1-Cl5:-0.2702;P1-Cl6:0.2702,P1-Cl2:0.0789;P1-Cl3:0.0789;P1-Cl4:0.0789;P1-Cl5:-0.5149;P1-Cl6:0.5149,True,S,,-0.6666666666666666,0.0,0.0,0.0,0.1999999711048101,0.0,Car1963,31.8881,3.1262,"A2""",,mu
PCl5,11,internal,447.2433,stretch,,0.5591783982915394,0.219003462962655,P1-Cl2:-0.0981;P1-Cl3:0.3096;P1-Cl4:-0.1515;P1-Cl5:0.0000;P1-Cl6:0.0000,P1-Cl2:-0.1456;P1-Cl3:0.5622;P1-Cl4:-0.2555;P1-Cl5:0.0659;P1-Cl6:0.0659,True,S,,0.0,-0.5075397592457893,-0.254074546354785,0.0328590939558042,0.0,0.0,Car1963,32.0605,3.7784,E',,mu
PCl5,12,internal,447.2433,stretch,,0.527329102833824,0.2458617320071149,P1-Cl2:-0.2734;P1-Cl3:0.0234;P1-Cl4:0.2305;P1-Cl5:0.0000;P1-Cl6:0.0000,P1-Cl2:-0.4884;P1-Cl3:0.1329;P1-Cl4:0.4763;P1-Cl5:0.0659;P1-Cl6:0.0659,True,S,,0.0,0.1969735854988319,-0.5824716972302708,0.2141671899973829,0.0,0.0,Car1963,32.0605,3.7784,E',,mu
C3H6,Tx,external,0.0,translation,,0.0,,,,True,Tx,,1.0,0.0,0.0,0.0,-1.2335811384723961e-17,0.0,,,,,,mu
C3H6,Ty,external,0.0,translation,,0.0,,,,True,Ty,,0.0,1.0,0.0,0.0,0.0,-3.879207091353168e-08,,,,,,mu
C3H6,Tz,external,0.0,translation,,0.0,,,,True,Tz,,0.0,0.0,1.0,0.0,0.2007117233176272,0.0,,,,,,mu
C3H6,Rx,external,0.0,rotation,,0.0,,,,True,Rx,,0.0,0.0,0.0,1.0,0.0,0.0,,,,,,mu
C3H6,Ry,external,0.0,rotation,,6.07919331839642e-18,,,,True,Ry,,0.0,0.0,0.2007117233176271,0.0,1.0,0.0,,,,,,mu
C3H6,Rz,external,0.0,rotation,,6.025603729550231e-17,,,,True,Rz,,0.0,-3.879207090119586e-08,0.0,0.0,0.0,1.0,,,,,,mu
C3H6,1,internal,793.0838,bend,,0.0084376443548593,0.0477120082706588,C1-C2:0.0000;C1-C3:0.0000;C1-H4:0.0011;C1-H5:-0.0011;C2-C3:0.0000;C2-H6:0.0011;C2-H7:-0.0011;C3-H8:0.0020;C3-H9:-0.0020,C1-C2:0.0000;C1-C3:0.0006;C1-H4:0.0765;C1-H5:0.0717;C2-C3:0.0006;C2-H6:0.0765;C2-H7:0.0717;C3-H8:0.0707;C3-H9:0.0612,True,B,,0.0,0.0,-0.1209570318790885,-0.2338904935265598,0.0784869972318092,1.5672744737818238e-17,Bak1955,1.0274,0.3808,"E""",,mu
C3H6,2,internal,793.0838,bend,,0.0072493617149212,0.0477119149605887,C1-C2:0.0000;C1-C3:0.0000;C1-H4:-0.0018;C1-H5:0.0018;C2-C3:0.0000;C2-H6:0.0018;C2-H7:-0.0018;C3-H8:-0.0000;C3-H9:0.0000,C1-C2:0.0008;C1-C3:0.0002;C1-H4:0.0646;C1-H5:0.0728;C2-C3:0.0002;C2-H6:0.0728;C2-H7:0.0646;C3-H8:0.0768;C3-H9:0.0768,True,B,,0.0,0.0,-0.1111278631055354,0.0050204133727471,-0.2831188240892693,0.0,Bak1955,1.0274,0.3808,"E""",,mu
C3H6,3,internal,856.1975,bend,,0.5772992614124517,0.0794675158118652,C1-C2:-0.2855;C1-C3:0.2886;C1-H4:-0.0000;C1-H5:-0.0000;C2-C3:-0.0031;C2-H6:0.0000;C2-H7:0.0000;C3-H8:-0.0000;C3-H9:-0.0000,C1-C2:-0.2965;C1-C3:0.3390;C1-H4:0.0018;C1-H5:0.0018;C2-C3:0.0646;C2-H6:0.0037;C2-H7:0.0037;C3-H8:0.0020;C3-H9:0.0020,True,S,,-0.0001815571205132,0.0653351379913206,0.0,0.0,0.0,-0.0550472355303496,Bak1955,4.6264,1.9982,E',,mu
C3H6,4,internal,856.1975,bend,,0.6630145612343131,0.0946267246063291,C1-C2:0.1684;C1-C3:0.1630;C1-H4:-0.0000;C1-H5:-0.0000;C2-C3:-0.3315;C2-H6:0.0000;C2-H7:0.0000;C3-H8:0.0000;C3-H9:0.0000,C1-C2:0.2334;C1-C3:0.2285;C1-H4:0.0022;C1-H5:0.0022;C2-C3:-0.3747;C2-H6:0.0026;C2-H7:0.0026;C3-H8:0.0027;C3-H9:0.0027,True,S,,-0.0501795772247741,-0.000908434594733,0.0,0.0,0.0,-0.0015747183720796,Bak1955,4.6264,1.9982,E',,mu
C3H6,5,internal,887.3474,bend,,0.0121267237105733,0.0495039928719512,C1-C2:0.0000;C1-C3:0.0000;C1-H4:-0.0020;C1-H5:0.0020;C2-C3:0.0000;C2-H6:-0.0020;C2-H7:0.0020;C3-H8:0.0020;C3-H9:-0.0020,C1-C2:0.0000;C1-C3:0.0000;C1-H4:0.0698;C1-H5:0.0787;C2-C3:0.0000;C2-H6:0.0698;C2-H7:0.0787;C3-H8:0.0787;C3-H9:0.0698,True,B,,0.0,0.0,0.0072833528611462,0.0,0.0186129113492275,0.0,Bak1955,1.0448,0.4847,"A2""",,mu
C3H6,6,internal,1147.235,bend,,0.0771637379360926,0.0740366730667128,C1-C2:0.0374;C1-C3:-0.0359;C1-H4:-0.0000;C1-H5:-0.0000;C2-C3:-0.0015;C2-H6:-0.0006;C2-H7:-0.0006;C3-H8:0.0005;C3-H9:0.0005,C1-C2:0.0592;C1-C3:-0.0557;C1-H4:0.1790;C1-H5:0.1790;C2-C3:-0.0001;C2-H6:0.0516;C2-H7:0.0516;C3-H8:0.0450;C3-H9:0.0450,True,B,,0.0003832606007596,0.2383592791774051,0.0,0.0,0.0,-0.1141998552249763,Bak1955,1.1922,0.9245,E',,mu
C3H6,7,internal,1147.235,bend,,0.0870774396310896,0.0770832344140597,C1-C2:0.0199;C1-C3:0.0225;C1-H4:-0.0001;C1-H5:-0.0001;C2-C3:-0.0423;C2-H6:0.0006;C2-H7:0.0006;C3-H8:0.0005;C3-H9:0.0005,C1-C2:0.0329;C1-C3:0.0368;C1-H4:-0.0020;C1-H5:-0.0020;C2-C3:-0.0664;C2-H6:0.1333;C2-H7:0.1333;C3-H8:0.1436;C3-H9:0.1436,True,B,,0.1657170051945909,-0.1009509154166655,0.0,0.0,-1.2335811384723961e-17,-0.100621082111333,Bak1955,1.1922,0.9245,E',,mu
C3H6,8,internal,1152.8015,stretch,,0.998588388284709,0.1283515778094527,C1-C2:0.3324;C1-C3:0.3324;C1-H4:0.0002;C1-H5:0.0002;C2-C3:0.3324;C2-H6:0.0002;C2-H7:0.0002;C3-H8:0.0002;C3-H9:0.0002,C1-C2:0.3394;C1-C3:0.3394;C1-H4:0.0228;C1-H5:0.0228;C2-C3:0.3394;C2-H6:0.0228;C2-H7:0.0228;C3-H8:0.0228;C3-H9:0.0228,True,S,,-2.699872484406778e-06,0.0,0.0,0.0,6.167905692361981e-18,0.0,Bak1955,3.9738,3.1114,A1',,mu
C3H6,9,internal,1169.756,bend,,8.938907070305892e-07,0.0734754991919236,C1-C2:-0.0000;C1-C3:0.0000;C1-H4:0.0000;C1-H5:0.0000;C2-C3:0.0000;C2-H6:-0.0000;C2-H7:-0.0000;C3-H8:0.0000;C3-H9:0.0000,C1-C2:0.0079;C1-C3:0.0079;C1-H4:0.1062;C1-H5:0.1062;C2-C3:0.0079;C2-H6:0.1062;C2-H7:0.1062;C3-H8:0.1062;C3-H9:0.1062,True,B,,0.0,6.01165586252191e-06,0.0,0.0,0.0,0.3333333334049986,Bak1955,1.4186,1.1437,A2',,mu
C3H6,10,internal,1215.8586,bend,,1.6722734704892985e-06,0.0458177688833643,C1-C2:0.0000;C1-C3:0.0000;C1-H4:0.0000;C1-H5:0.0000;C2-C3:0.0000;C2-H6:0.0000;C2-H7:-0.0000;C3-H8:0.0000;C3-H9:-0.0000,C1-C2:0.0000;C1-C3:0.0000;C1-H4:0.0687;C1-H5:0.0687;C2-C3:0.0000;C2-H6:0.0687;C2-H7:0.0687;C3-H8:0.0687;C3-H9:0.0687,True,B,,0.0,0.0,0.0,-0.104032262044849,0.0,0.0,Bak1955,1.0078,0.8778,"A1""",,mu
C3H6,11,internal,1258.6602,bend,,0.0018490254884518,0.0537302376831693,C1-C2:0.0000;C1-C3:0.0000;C1-H4:-0.0002;C1-H5:0.0002;C2-C3:0.0000;C2-H6:-0.0002;C2-H7:0.0002;C3-H8:-0.0005;C3-H9:0.0005,C1-C2:0.0000;C1-C3:0.0121;C1-H4:0.0716;C1-H5:0.0733;C2-C3:0.0124;C2-H6:0.0718;C2-H7:0.0736;C3-H8:0.0827;C3-H9:0.0861,True,B,,0.0,0.0,-0.1124360548548173,0.2817800683267715,-0.149480025583827,-4.818676322157797e-18,Bak1955,1.4315,1.3362,"E""",,mu
C3H6,12,internal,1258.6602,bend,,0.0016326483279071,0.0537295997979246,C1-C2:0.0000;C1-C3:0.0000;C1-H4:0.0004;C1-H5:-0.0004;C2-C3:0.0000;C2-H6:-0.0004;C2-H7:0.0004;C3-H8:0.0000;C3-H9:-0.0000,C1-C2:0.0163;C1-C3:0.0042;C1-H4:0.0820;C1-H5:0.0791;C2-C3:0.0040;C2-H6:0.0789;C2-H7:0.0818;C3-H8:0.0686;C3-H9:0.0686,True,B,,0.0,0.0,-0.1111464355816684,0.3017110835524695,0.1262671170361791,0.0,Bak1955,1.4315,1.3362,"E""",,mu
C3H6,13,internal,1564.0808,bend,,0.0386150677013014,0.0591807365223537,C1-C2:-0.0088;C1-C3:0.0085;C1-H4:0.0000;C1-H5:0.0000;C2-C3:0.0003;C2-H6:0.0051;C2-H7:0.0051;C3-H8:-0.0054;C3-H9:-0.0054,C1-C2:-0.0251;C1-C3:0.0245;C1-H4:0.0010;C1-H5:0.0010;C2-C3:0.0012;C2-H6:0.1260;C2-H7:0.1260;C3-H8:0.1139;C3-H9:0.1139,True,B,,0.1067357410506377,0.1704508777026662,0.0,0.0,0.0,0.0782272741757872,Bak1955,1.085,1.5638,E',,mu
C3H6,14,internal,1564.0808,bend,,0.0410171868762792,0.059602349543362,C1-C2:-0.0048;C1-C3:-0.0053;C1-H4:0.0070;C1-H5:0.0070;C2-C3:0.0100;C2-H6:-0.0019;C2-H7:-0.0019;C3-H8:-0.0016;C3-H9:-0.0016,C1-C2:-0.0133;C1-C3:-0.0147;C1-H4:0.1681;C1-H5:0.1681;C2-C3:0.0286;C2-H6:0.0396;C2-H7:0.0396;C3-H8:0.0322;C3-H9:0.0322,True,B,,0.098758320487992,0.0037912383702328,0.0,0.0,-2.4671622769447922e-17,-0.0026139674766801,Bak1955,1.085,1.5638,E',,mu
C3H6,15,internal,1584.6164,bend,,0.1761467138422592,0.0867916083918503,C1-C2:-0.0533;C1-C3:-0.0533;C1-H4:0.0027;C1-H5:0.0027;C2-C3:-0.0533;C2-H6:0.0027;C2-H7:0.0027;C3-H8:0.0027;C3-H9:0.0027,C1-C2:-0.0729;C1-C3:-0.0729;C1-H4:0.0938;C1-H5:0.0938;C2-C3:-0.0729;C2-H6:0.0938;C2-H7:0.0938;C3-H8:0.0938;C3-H9:0.0938,True,B,,-3.0966929862967043e-06,0.0,0.0,0.0,-1.2335811384723961e-17,0.0,Bak1955,1.1445,1.6932,A1',,mu
C3H6,16,internal,3205.0308,stretch,,0.9871296667729924,0.2427546978433293,C1-C2:-0.0024;C1-C3:-0.0079;C1-H4:0.2947;C1-H5:0.2947;C2-C3:0.0103;C2-H6:-0.1722;C2-H7:-0.1722;C3-H8:-0.0164;C3-H9:-0.0164,C1-C2:-0.0060;C1-C3:-0.0205;C1-H4:0.5331;C1-H5:0.5331;C2-C3:0.0271;C2-H6:-0.4069;C2-H7:-0.4069;C3-H8:-0.1256;C3-H9:-0.1256,True,S,,0.0095732787258893,-0.000477076230432,0.0,0.0,-6.167905692361981e-18,0.0007437372164412,Bak1955,1.0496,6.3524,E',,mu
C3H6,17,internal,3205.0308,stretch,,0.9875100216643968,0.2472853636979022,C1-C2:-0.0105;C1-C3:0.0073;C1-H4:0.0274;C1-H5:0.0274;C2-C3:0.0031;C2-H6:0.1500;C2-H7:0.1500;C3-H8:-0.3058;C3-H9:-0.3058,C1-C2:-0.0276;C1-C3:0.0196;C1-H4:0.1626;C1-H5:0.1626;C2-C3:0.0086;C2-H6:0.3803;C2-H7:0.3803;C3-H8:-0.5420;C3-H9:-0.5420,True,S,,0.0044176351158449,0.0082923348158482,0.0,0.0,0.0,0.0005149013164872,Bak1955,1.0496,6.3524,E',,mu
C3H6,18,internal,3214.4952,stretch,,0.998817206760922,0.2792227997622272,C1-C2:-0.0261;C1-C3:-0.0261;C1-H4:0.1534;C1-H5:0.1534;C2-C3:-0.0261;C2-H6:0.1534;C2-H7:0.1534;C3-H8:0.1534;C3-H9:0.1534,C1-C2:-0.0455;C1-C3:-0.0455;C1-H4:0.3961;C1-H5:0.3961;C2-C3:-0.0455;C2-H6:0.3961;C2-H7:0.3961;C3-H8:0.3961;C3-H9:0.3961,True,S,,1.5342427541223084e-05,0.0,0.0,0.0,0.0,0.0,Bak1955,1.0611,6.46,A1',,mu
C3H6,19,internal,3289.44,stretch,,0.8642569674509177,0.2645230257820183,C1-C2:0.0000;C1-C3:0.0000;C1-H4:-0.0722;C1-H5:0.0722;C2-C3:0.0000;C2-H6:-0.0718;C2-H7:0.0718;C3-H8:-0.2881;C3-H9:0.2881,C1-C2:0.0000;C1-C3:0.0032;C1-H4:-0.2972;C1-H5:0.2976;C2-C3:0.0032;C2-H6:-0.2963;C2-H7:0.2967;C3-H8:-0.5922;C3-H9:0.5944,True,S,,0.0,0.0,-0.0756589613783921,0.0408436432244248,-0.0138990352283555,8.846788560211581e-20,Bak1955,1.1172,7.1222,"E""",,mu
C3H6,20,internal,3289.44,stretch,,0.8642309861727889,0.2292798988277415,C1-C2:0.0000;C1-C3:0.0000;C1-H4:-0.2158;C1-H5:0.2158;C2-C3:0.0000;C2-H6:0.2163;C2-H7:-0.2163;C3-H8:0.0000;C3-H9:-0.0000,C1-C2:0.0042;C1-C3:0.0011;C1-H4:-0.5130;C1-H5:0.5145;C2-C3:0.0011;C2-H6:0.5150;C2-H7:-0.5135;C3-H8:0.0005;C3-H9:-0.0005,True,S,,0.0,0.0,0.0920701645095243,-0.063826150432155,0.1966933615541304,0.0,Bak1955,1.1172,7.1222,"E""",,mu
C3H6,21,internal,3311.8831,stretch,,0.9983952202049448,0.2796730757415682,C1-C2:0.0000;C1-C3:0.0000;C1-H4:0.1664;C1-H5:-0.1664;C2-C3:0.0000;C2-H6:0.1664;C2-H7:-0.1664;C3-H8:-0.1664;C3-H9:0.1664,C1-C2:0.0000;C1-C3:0.0000;C1-H4:0.4199;C1-H5:-0.4192;C2-C3:0.0000;C2-H6:0.4199;C2-H7:-0.4192;C3-H8:-0.4192;C3-H9:0.4199,True,S,,0.0,0.0,0.2243821051737606,0.0,-0.0667233807726387,0.0,Bak1955,1.1153,7.2075,"A2""",,mu
B3N3H6,Tx,external,0.0,translation,,0.0,,,,True,Tx,,1.0,0.0,0.0,0.0,0.0,5.6379015631972486e-08,,,,,,mu
B3N3H6,Ty,external,0.0,translation,,0.0,,,,True,Ty,,0.0,1.0,0.0,0.0,0.0,1.8503717077085938e-17,,,,,,mu
B3N3H6,Tz,external,0.0,translation,,0.0,,,,True,Tz,,0.0,0.0,1.0,0.0,0.0,0.0,,,,,,mu
B3N3H6,Rx,external,0.0,rotation,,0.0,,,,True,Rx,,0.0,0.0,0.0,1.0,0.0,0.0,,,,,,mu
B3N3H6,Ry,external,0.0,rotation,,0.0,,,,True,Ry,,0.0,0.0,0.0,0.0,1.0,0.0,,,,,,mu
B3N3H6,Rz,external,0.0,rotation,,4.882604897209407e-17,,,,True,Rz,,5.637901565047621e-08,0.0,0.0,0.0,0.0,1.0,,,,,,mu
B3N3H6,1,internal,300.5171,bend,,0.0,0.0181539379484871,N1-B4:0.0000;N1-B5:0.0000;N1-H7:0.0000;N2-B4:0.0000;N2-B6:0.0000;N2-H11:0.0000;N3-B5:0.0000;N3-B6:0.0000;N3-H9:0.0000;B4-H12:0.0000;B5-H8:0.0000;B6-H10:0.0000,N1-B4:0.0222;N1-B5:0.0305;N1-H7:0.0057;N2-B4:0.0008;N2-B6:0.0301;N2-H11:0.0022;N3-B5:0.0006;N3-B6:0.0217;N3-H9:0.0008;B4-H12:0.0098;B5-H8:0.0264;B6-H10:0.0669,True,B,,0.0,0.0,-0.3333333333333333,0.0,0.0,0.0,Par2018,2.7557,0.1466,"E""",,mu
B3N3H6,2,internal,300.5171,bend,,0.0,0.018152655185143,N1-B4:0.0000;N1-B5:0.0000;N1-H7:0.0000;N2-B4:0.0000;N2-B6:0.0000;N2-H11:0.0000;N3-B5:0.0000;N3-B6:0.0000;N3-H9:0.0000;B4-H12:0.0000;B5-H8:0.0000;B6-H10:0.0000,N1-B4:0.0132;N1-B5:0.0048;N1-H7:0.0001;N2-B4:0.0344;N2-B6:0.0052;N2-H11:0.0036;N3-B5:0.0346;N3-B6:0.0138;N3-H9:0.0050;B4-H12:0.0589;B5-H8:0.0428;B6-H10:0.0014,True,B,,0.0,0.0,-0.3333333333333333,0.0,0.0,0.0,Par2018,2.7557,0.1466,"E""",,mu
B3N3H6,3,internal,456.9078,bend,,0.0,0.0278261306220495,N1-B4:0.0000;N1-B5:0.0000;N1-H7:0.0000;N2-B4:0.0000;N2-B6:0.0000;N2-H11:0.0000;N3-B5:0.0000;N3-B6:0.0000;N3-H9:0.0000;B4-H12:0.0000;B5-H8:0.0000;B6-H10:0.0000,N1-B4:0.0113;N1-B5:0.0113;N1-H7:0.0199;N2-B4:0.0113;N2-B6:0.0113;N2-H11:0.0199;N3-B5:0.0113;N3-B6:0.0113;N3-H9:0.0199;B4-H12:0.0687;B5-H8:0.0687;B6-H10:0.0687,True,B,,0.0,0.0,0.5,0.1666666666666666,0.0,0.0,Par2018,1.8743,0.2305,"A2""",,mu
B3N3H6,4,internal,529.038,bend,,0.0761726469019105,0.028942210680395,N1-B4:-0.0152;N1-B5:0.0020;N1-H7:-0.0002;N2-B4:0.0125;N2-B6:-0.0138;N2-H11:0.0003;N3-B5:0.0118;N3-B6:-0.0200;N3-H9:0.0001;B4-H12:0.0000;B5-H8:0.0001;B6-H10:-0.0001,N1-B4:0.0002;N1-B5:0.0523;N1-H7:-0.0008;N2-B4:0.0409;N2-B6:0.0342;N2-H11:0.0290;N3-B5:0.0437;N3-B6:-0.0159;N3-H9:0.0551;B4-H12:0.0490;B5-H8:0.0227;B6-H10:0.0036,True,B,,0.0031408946093221,-0.0193817106539247,0.0,0.0,0.0,0.0177525791743285,Par2018,6.5659,1.0827,E',,mu
B3N3H6,5,internal,529.038,bend,,0.0735783447096281,0.037986568692388,N1-B4:0.0217;N1-B5:-0.0063;N1-H7:-0.0002;N2-B4:0.0185;N2-B6:-0.0083;N2-H11:-0.0003;N3-B5:0.0045;N3-B6:0.0133;N3-H9:0.0001;B4-H12:0.0000;B5-H8:-0.0001;B6-H10:-0.0001,N1-B4:0.0585;N1-B5:-0.0387;N1-H7:0.0462;N2-B4:0.0640;N2-B6:-0.0339;N2-H11:0.0281;N3-B5:0.0514;N3-B6:0.0502;N3-H9:0.0096;B4-H12:0.0041;B5-H8:0.0281;B6-H10:0.0431,True,B,,-0.0274142641603736,-0.0127892745850707,0.0,0.0,0.0,0.008076548866949,Par2018,6.5659,1.0827,E',,mu
B3N3H6,6,internal,753.6063,bend,,0.0,0.0383469532443174,N1-B4:0.0000;N1-B5:0.0000;N1-H7:0.0000;N2-B4:0.0000;N2-B6:0.0000;N2-H11:0.0000;N3-B5:0.0000;N3-B6:0.0000;N3-H9:0.0000;B4-H12:0.0000;B5-H8:0.0000;B6-H10:0.0000,N1-B4:0.0032;N1-B5:0.0032;N1-H7:0.1227;N2-B4:0.0032;N2-B6:0.0032;N2-H11:0.1227;N3-B5:0.0032;N3-B6:0.0032;N3-H9:0.1227;B4-H12:0.0242;B5-H8:0.0242;B6-H10:0.0242,True,B,,0.0,0.0,0.5,-0.1666666666666666,0.0,0.0,Par2018,1.2941,0.433,"A2""",,mu
B3N3H6,7,internal,787.153,bend,,0.0,0.0432371155922572,N1-B4:0.0000;N1-B5:0.0000;N1-H7:0.0000;N2-B4:0.0000;N2-B6:0.0000;N2-H11:0.0000;N3-B5:0.0000;N3-B6:0.0000;N3-H9:0.0000;B4-H12:0.0000;B5-H8:0.0000;B6-H10:0.0000,N1-B4:0.0008;N1-B5:0.0010;N1-H7:0.0044;N2-B4:0.0000;N2-B6:0.0011;N2-H11:0.1942;N3-B5:0.0000;N3-B6:0.0008;N3-H9:0.2483;B4-H12:0.0382;B5-H8:0.0293;B6-H10:0.0006,True,B,,0.0,0.0,0.0,0.0,0.0,0.0,Par2018,1.1923,0.4353,"E""",,mu
B3N3H6,8,internal,787.153,bend,,0.0,0.0433477735172612,N1-B4:0.0000;N1-B5:0.0000;N1-H7:0.0000;N2-B4:0.0000;N2-B6:0.0000;N2-H11:0.0000;N3-B5:0.0000;N3-B6:0.0000;N3-H9:0.0000;B4-H12:0.0000;B5-H8:0.0000;B6-H10:0.0000,N1-B4:0.0005;N1-B5:0.0002;N1-H7:0.2858;N2-B4:0.0012;N2-B6:0.0002;N2-H11:0.1118;N3-B5:0.0012;N3-B6:0.0004;N3-H9:0.0507;B4-H12:0.0072;B5-H8:0.0163;B6-H10:0.0446,True,B,,0.0,0.0,0.0,0.0,0.0,0.0,Par2018,1.1923,0.4353,"E""",,mu
B3N3H6,9,internal,854.2276,bend,,0.6345574703873492,0.0926567488089674,N1-B4:0.1057;N1-B5:0.1057;N1-H7:0.0000;N2-B4:0.1057;N2-B6:0.1057;N2-H11:0.0000;N3-B5:0.1057;N3-B6:0.1057;N3-H9:0.0000;B4-H12:0.0001;B5-H8:0.0001;B6-H10:0.0001,N1-B4:0.1738;N1-B5:0.1738;N1-H7:0.0065;N2-B4:0.1738;N2-B6:0.1738;N2-H11:0.0065;N3-B5:0.1738;N3-B6:0.1738;N3-H9:0.0065;B4-H12:0.0165;B5-H8:0.0165;B6-H10:0.0165,True,S,,0.0,-4.608843639702931e-06,0.0,0.0,0.0,-5.0257288203755155e-20,Par2018,7.2789,3.1294,A1',,mu
B3N3H6,10,internal,938.7588,bend,,0.0,0.0430456862952122,N1-B4:0.0000;N1-B5:0.0000;N1-H7:0.0000;N2-B4:0.0000;N2-B6:0.0000;N2-H11:0.0000;N3-B5:0.0000;N3-B6:0.0000;N3-H9:0.0000;B4-H12:0.0000;B5-H8:0.0000;B6-H10:0.0000,N1-B4:0.0044;N1-B5:0.0060;N1-H7:0.0792;N2-B4:0.0001;N2-B6:0.0090;N2-H11:0.0271;N3-B5:0.0008;N3-B6:0.0080;N3-H9:0.0146;B4-H12:0.0462;B5-H8:0.0846;B6-H10:0.2365,True,B,,0.0,0.0,0.0,0.0,0.0,0.0,Par2018,1.4674,0.7619,"E""",,mu
B3N3H6,11,internal,938.7588,bend,,0.0,0.0429700880262667,N1-B4:0.0000;N1-B5:0.0000;N1-H7:0.0000;N2-B4:0.0000;N2-B6:0.0000;N2-H11:0.0000;N3-B5:0.0000;N3-B6:0.0000;N3-H9:0.0000;B4-H12:0.0000;B5-H8:0.0000;B6-H10:0.0000,N1-B4:0.0051;N1-B5:0.0034;N1-H7:0.0007;N2-B4:0.0093;N2-B6:0.0005;N2-H11:0.0541;N3-B5:0.0086;N3-B6:0.0014;N3-H9:0.0661;B4-H12:0.1995;B5-H8:0.1649;B6-H10:0.0021,True,B,,0.0,0.0,0.0,0.0,0.0,0.0,Par2018,1.4674,0.7619,"E""",,mu
B3N3H6,12,internal,947.5772,SB,,0.4401151909375259,0.058536173976235,N1-B4:-0.0835;N1-B5:-0.1118;N1-H7:-0.0003;N2-B4:0.0504;N2-B6:0.1061;N2-H11:0.0005;N3-B5:-0.0234;N3-B6:0.0611;N3-H9:0.0002;B4-H12:-0.0005;B5-H8:-0.0014;B6-H10:0.0009,N1-B4:-0.0870;N1-B5:-0.1221;N1-H7:-0.0032;N2-B4:0.0606;N2-B6:0.1170;N2-H11:0.0182;N3-B5:-0.0184;N3-B6:0.0720;N3-H9:0.0305;B4-H12:0.1089;B5-H8:0.0443;B6-H10:0.0202,True,S,,-0.0931297489687126,0.1159570948665702,0.0,0.0,0.0,-0.0203358398923243,Par2018,1.7356,0.9182,E',,mu
B3N3H6,13,internal,947.5773,SB,,0.4225086214008463,0.0566273238837411,N1-B4:-0.0745;N1-B5:0.0065;N1-H7:-0.0003;N2-B4:-0.0995;N2-B6:-0.0345;N2-H11:-0.0005;N3-B5:0.1097;N3-B6:0.0940;N3-H9:0.0002;B4-H12:-0.0005;B5-H8:0.0014;B6-H10:0.0009,N1-B4:-0.0777;N1-B5:0.0145;N1-H7:0.0247;N2-B4:-0.1077;N2-B6:-0.0306;N2-H11:0.0131;N3-B5:0.1200;N3-B6:0.1043;N3-H9:0.0079;B4-H12:-0.0033;B5-H8:0.0717;B6-H10:0.1042,True,S,,0.1079684032239269,-0.0266922507475057,0.0,0.0,0.0,-0.0186635912681711,Par2018,1.7356,0.9182,E',,mu
B3N3H6,14,internal,957.6947,stretch,,0.4044306497152817,0.050634897305426,N1-B4:-0.0673;N1-B5:-0.0673;N1-H7:-0.0001;N2-B4:-0.0673;N2-B6:-0.0673;N2-H11:-0.0001;N3-B5:-0.0673;N3-B6:-0.0673;N3-H9:-0.0001;B4-H12:-0.0001;B5-H8:-0.0001;B6-H10:-0.0001,N1-B4:-0.0786;N1-B5:-0.0786;N1-H7:-0.0224;N2-B4:-0.0786;N2-B6:-0.0786;N2-H11:-0.0224;N3-B5:-0.0786;N3-B6:-0.0786;N3-H9:-0.0224;B4-H12:-0.0229;B5-H8:-0.0229;B6-H10:-0.0229,True,B,,0.0,-1.8256235657857868e-05,0.0,0.0,0.0,-1.9823394408908144e-18,Par2018,5.7517,3.1081,A1',,mu
B3N3H6,15,internal,981.5231,bend,,0.0,0.0472736282050791,N1-B4:0.0000;N1-B5:0.0000;N1-H7:0.0000;N2-B4:0.0000;N2-B6:0.0000;N2-H11:0.0000;N3-B5:0.0000;N3-B6:0.0000;N3-H9:0.0000;B4-H12:0.0000;B5-H8:0.0000;B6-H10:0.0000,N1-B4:0.0061;N1-B5:0.0061;N1-H7:0.0823;N2-B4:0.0061;N2-B6:0.0061;N2-H11:0.0823;N3-B5:0.0061;N3-B6:0.0061;N3-H9:0.0823;B4-H12:0.0947;B5-H8:0.0947;B6-H10:0.0947,True,B,,0.0,0.0,0.0,0.0,0.0,0.0,Par2018,1.4442,0.8197,"A2""",,mu
B3N3H6,16,internal,1062.1779,bend,,0.010639031493516,0.0351958979736816,N1-B4:0.0018;N1-B5:-0.0018;N1-H7:0.0000;N2-B4:-0.0018;N2-B6:0.0018;N2-H11:0.0000;N3-B5:0.0018;N3-B6:-0.0018;N3-H9:-0.0000;B4-H12:0.0000;B5-H8:-0.0000;B6-H10:0.0000,N1-B4:0.0079;N1-B5:-0.0076;N1-H7:0.0235;N2-B4:-0.0076;N2-B6:0.0079;N2-H11:0.0235;N3-B5:0.0079;N3-B6:-0.0076;N3-H9:0.0235;B4-H12:0.1018;B5-H8:0.1018;B6-H10:0.1018,True,B,,-6.198014382960415e-05,0.0,0.0,0.0,0.0,-0.4999999912884043,Par2018,1.046,0.6953,A2',,mu
B3N3H6,17,internal,1102.726,SB,,0.3461843950473938,0.0545804192635394,N1-B4:0.0054;N1-B5:0.0011;N1-H7:0.0000;N2-B4:0.0776;N2-B6:-0.1037;N2-H11:-0.0002;N3-B5:0.0627;N3-B6:-0.0932;N3-H9:-0.0003;B4-H12:0.0010;B5-H8:0.0008;B6-H10:-0.0001,N1-B4:0.0224;N1-B5:0.0099;N1-H7:0.0020;N2-B4:0.0781;N2-B6:-0.0887;N2-H11:0.0701;N3-B5:0.0698;N3-B6:-0.0846;N3-H9:0.0601;B4-H12:0.0770;B5-H8:0.0886;B6-H10:-0.0037,True,B,,-0.0179072801768492,0.3151485290541678,0.0,0.0,0.0,0.1051436462133774,Par2018,1.3517,0.9684,E',,mu
B3N3H6,18,internal,1102.726,SB,,0.3459472692477822,0.0554634285939241,N1-B4:0.1092;N1-B5:-0.1136;N1-H7:-0.0000;N2-B4:0.0369;N2-B6:-0.0108;N2-H11:0.0002;N3-B5:-0.0518;N3-B6:0.0212;N3-H9:-0.0003;B4-H12:0.0010;B5-H8:-0.0008;B6-H10:0.0001,N1-B4:0.0939;N1-B5:-0.0915;N1-H7:0.0867;N2-B4:0.0560;N2-B6:-0.0261;N2-H11:0.0190;N3-B5:-0.0645;N3-B6:0.0391;N3-H9:0.0265;B4-H12:0.0377;B5-H8:0.0180;B6-H10:0.1066,True,B,,0.1998580063972128,-0.0332359675707463,0.0,0.0,0.0,-0.1643414607541799,Par2018,1.3517,0.9684,E',,mu
B3N3H6,19,internal,1201.06,stretch,,0.9617476852967024,0.2254938048704036,N1-B4:-0.1603;N1-B5:0.1603;N1-H7:0.0000;N2-B4:0.1603;N2-B6:-0.1603;N2-H11:0.0000;N3-B5:-0.1603;N3-B6:0.1603;N3-H9:-0.0000;B4-H12:0.0000;B5-H8:-0.0000;B6-H10:0.0000,N1-B4:-0.4212;N1-B5:0.4241;N1-H7:0.0005;N2-B4:0.4241;N2-B6:-0.4212;N2-H11:0.0005;N3-B5:-0.4212;N3-B6:0.4241;N3-H9:0.0005;B4-H12:0.0562;B5-H8:0.0562;B6-H10:0.0562,True,S,,-9.953243260870288e-05,0.0,0.0,0.0,0.0,-3.7896544828145785e-08,Par2018,9.6319,8.1864,A2',,mu
B3N3H6,20,internal,1376.4486,bend,,0.054759825331718,0.056659974185564,N1-B4:0.0091;N1-B5:-0.0091;N1-H7:0.0000;N2-B4:-0.0091;N2-B6:0.0091;N2-H11:0.0000;N3-B5:0.0091;N3-B6:-0.0091;N3-H9:-0.0000;B4-H12:-0.0000;B5-H8:0.0000;B6-H10:0.0000,N1-B4:0.0234;N1-B5:-0.0223;N1-H7:0.1633;N2-B4:-0.0223;N2-B6:0.0234;N2-H11:0.1633;N3-B5:0.0234;N3-B6:-0.0223;N3-H9:0.1633;B4-H12:0.0177;B5-H8:0.0177;B6-H10:0.0177,True,B,,2.3279372374942115e-05,9.251858538542969e-18,0.0,0.0,0.0,-2.7640586578817996e-09,Par2018,1.2147,1.356,A2',,mu
B3N3H6,21,internal,1425.8541,stretch,,0.5171051641810887,0.104917986828688,N1-B4:-0.1705;N1-B5:-0.0858;N1-H7:-0.0004;N2-B4:0.1589;N2-B6:0.0385;N2-H11:0.0005;N3-B5:0.0470;N3-B6:-0.0112;N3-H9:0.0002;B4-H12:-0.0006;B5-H8:-0.0021;B6-H10:0.0015,N1-B4:-0.1795;N1-B5:-0.1307;N1-H7:0.0140;N2-B4:0.1962;N2-B6:0.0945;N2-H11:0.0623;N3-B5:0.1046;N3-B6:-0.0488;N3-H9:0.1400;B4-H12:0.1815;B5-H8:0.0628;B6-H10:0.0442,True,S,,0.1264385620275283,-0.4333527875803582,0.0,0.0,0.0,-0.0477235976449709,Par2018,2.3625,2.8299,E',,mu
B3N3H6,22,internal,1425.8541,stretch,,0.517117951846171,0.1036625297654651,N1-B4:0.0001;N1-B5:-0.0848;N1-H7:-0.0004;N2-B4:-0.0117;N2-B6:-0.1322;N2-H11:-0.0005;N3-B5:0.1236;N3-B6:0.1594;N3-H9:0.0002;B4-H12:-0.0006;B5-H8:0.0021;B6-H10:0.0015,N1-B4:0.0056;N1-B5:-0.1300;N1-H7:0.1215;N2-B4:-0.0499;N2-B6:-0.1598;N2-H11:0.0853;N3-B5:0.1723;N3-B6:0.1965;N3-H9:0.0102;B4-H12:-0.0139;B5-H8:0.1292;B6-H10:0.1698,True,S,,-0.4656683911734824,-0.1936536554606452,0.0,0.0,0.0,-0.0454565714283643,Par2018,2.3625,2.8299,E',,mu
B3N3H6,23,internal,1501.2582,stretch,,0.516165574645379,0.1174685405141534,N1-B4:0.1164;N1-B5:-0.0789;N1-H7:-0.0005;N2-B4:-0.0335;N2-B6:-0.0057;N2-H11:0.0002;N3-B5:-0.1285;N3-B6:0.1508;N3-H9:-0.0003;B4-H12:0.0004;B5-H8:-0.0003;B6-H10:0.0006,N1-B4:0.1896;N1-B5:-0.1091;N1-H7:0.2281;N2-B4:-0.0833;N2-B6:-0.0064;N2-H11:0.0185;N3-B5:-0.1626;N3-B6:0.2123;N3-H9:0.3338;B4-H12:0.0173;B5-H8:-0.0260;B6-H10:0.0227,True,S,,0.1752505344679728,-0.165540103421972,0.0,0.0,0.0,-0.010779428260586,Par2018,2.4088,3.1986,E',,mu
B3N3H6,24,internal,1501.2582,stretch,,0.5125164123209942,0.1196853600633845,N1-B4:-0.0542;N1-B5:0.0948;N1-H7:-0.0005;N2-B4:-0.1450;N2-B6:0.1571;N2-H11:-0.0002;N3-B5:-0.0498;N3-B6:0.0093;N3-H9:0.0003;B4-H12:-0.0004;B5-H8:0.0002;B6-H10:0.0006,N1-B4:-0.0799;N1-B5:0.1715;N1-H7:0.1669;N2-B4:-0.1813;N2-B6:0.2143;N2-H11:0.3613;N3-B5:-0.1155;N3-B6:0.0300;N3-H9:0.0534;B4-H12:-0.0241;B5-H8:0.0138;B6-H10:0.0243,True,S,,-0.1680805465680332,-0.1803211488744806,0.0,0.0,0.0,-0.02232046341967,Par2018,2.4088,3.1986,E',,mu
B3N3H6,25,internal,2677.8763,stretch,,0.954441514851499,0.1350124878657273,N1-B4:-0.0181;N1-B5:0.0051;N1-H7:-0.0000;N2-B4:-0.0181;N2-B6:0.0044;N2-H11:-0.0000;N3-B5:0.0046;N3-B6:0.0040;N3-H9:0.0000;B4-H12:0.5997;B5-H8:-0.1601;B6-H10:-0.1401,N1-B4:-0.0294;N1-B5:0.0161;N1-H7:-0.0032;N2-B4:-0.0294;N2-B6:0.0151;N2-H11:-0.0034;N3-B5:0.0160;N3-B6:0.0150;N3-H9:0.0069;B4-H12:0.7427;B5-H8:-0.3838;B6-H10:-0.3589,True,S,,-0.1649638330516301,-0.0968739333602265,0.0,0.0,0.0,0.0048447030305175,Par2018,1.1002,4.6483,E',,mu
B3N3H6,26,internal,2677.8763,stretch,,0.9544257563512552,0.1183465023848343,N1-B4:-0.0000;N1-B5:-0.0131;N1-H7:-0.0001;N2-B4:-0.0000;N2-B6:0.0137;N2-H11:0.0001;N3-B5:-0.0135;N3-B6:0.0141;N3-H9:0.0000;B4-H12:0.0002;B5-H8:0.4398;B6-H10:-0.4599,N1-B4:-0.0006;N1-B5:-0.0254;N1-H7:-0.0060;N2-B4:-0.0006;N2-B6:0.0275;N2-H11:0.0060;N3-B5:-0.0253;N3-B6:0.0276;N3-H9:0.0003;B4-H12:0.0144;B5-H8:0.6361;B6-H10:-0.6504,True,S,,0.0619756235477788,-0.0606994215038767,0.0,0.0,0.0,0.0822178475620739,Par2018,1.1002,4.6483,E',,mu
B3N3H6,27,internal,2689.0775,stretch,,0.9554651840117808,0.144511744780392,N1-B4:0.0084;N1-B5:0.0084;N1-H7:0.0001;N2-B4:0.0084;N2-B6:0.0084;N2-H11:0.0001;N3-B5:0.0084;N3-B6:0.0084;N3-H9:0.0001;B4-H12:-0.3016;B5-H8:-0.3016;B6-H10:-0.3016,N1-B4:0.0210;N1-B5:0.0210;N1-H7:0.0097;N2-B4:0.0210;N2-B6:0.0210;N2-H11:0.0097;N3-B5:0.0210;N3-B6:0.0210;N3-H9:0.0097;B4-H12:-0.5262;B5-H8:-0.5262;B6-H10:-0.5262,True,S,,0.0,7.395657689717357e-05,0.0,0.0,0.0,-7.379068692163714e-19,Par2018,1.1037,4.7024,A1',,mu
B3N3H6,28,internal,3535.7654,stretch,,0.9766585395075812,0.1608715825742075,N1-B4:-0.0047;N1-B5:-0.0047;N1-H7:0.3161;N2-B4:-0.0047;N2-B6:-0.0047;N2-H11:0.3161;N3-B5:-0.0047;N3-B6:-0.0047;N3-H9:0.3161;B4-H12:0.0001;B5-H8:0.0001;B6-H10:0.0001,N1-B4:-0.0147;N1-B5:-0.0147;N1-H7:0.6059;N2-B4:-0.0147;N2-B6:-0.0147;N2-H11:0.6060;N3-B5:-0.0147;N3-B6:-0.0147;N3-H9:0.6060;B4-H12:0.0081;B5-H8:0.0081;B6-H10:0.0081,True,S,,9.251858538542969e-18,-0.0002095985996947,0.0,0.0,0.0,-1.3552527156068804e-20,Par2018,1.0759,7.9248,A1',,mu
B3N3H6,29,internal,3537.9608,stretch,,0.9716759268020216,0.1367258806401781,N1-B4:-0.0063;N1-B5:-0.0064;N1-H7:0.4199;N2-B4:0.0078;N2-B6:0.0078;N2-H11:-0.5181;N3-B5:-0.0001;N3-B6:-0.0001;N3-H9:0.0052;B4-H12:-0.0000;B5-H8:0.0000;B6-H10:-0.0000,N1-B4:-0.0159;N1-B5:-0.0168;N1-H7:0.7003;N2-B4:0.0188;N2-B6:0.0194;N2-H11:-0.7779;N3-B5:-0.0026;N3-B6:-0.0011;N3-H9:0.0776;B4-H12:-0.0005;B5-H8:0.0052;B6-H10:-0.0047,True,S,,-0.1427326152014735,0.1499560875144607,0.0,0.0,0.0,0.0721030093039525,Par2018,1.0755,7.9317,E',,mu
B3N3H6,30,internal,3537.9608,stretch,,0.9716791521339886,0.1500380392343931,N1-B4:-0.0032;N1-B5:-0.0031;N1-H7:0.2089;N2-B4:-0.0017;N2-B6:-0.0016;N2-H11:0.1107;N3-B5:0.0094;N3-B6:0.0094;N3-H9:-0.6236;B4-H12:0.0000;B5-H8:-0.0000;B6-H10:-0.0000,N1-B4:-0.0123;N1-B5:-0.0110;N1-H7:0.4939;N2-B4:-0.0092;N2-B6:-0.0078;N2-H11:0.3595;N3-B5:0.0210;N3-B6:0.0211;N3-H9:-0.8534;B4-H12:0.0057;B5-H8:-0.0024;B6-H10:-0.0033,True,S,,0.1386026966254503,0.0866933870440431,0.0,0.0,0.0,-0.0129328203861568,Par2018,1.0755,7.9317,E',,mu
CHCl3,Tx,external,0.0,translation,,0.0,,,,True,Tx,,1.0,0.0,0.0,0.0,-0.3588100574821565,0.0,,,,,,mu
CHCl3,Ty,external,0.0,translation,,0.0,,,,True,Ty,,0.0,1.0,0.0,0.1809417665757356,0.0,-6.015112541390978e-08,,,,,,mu
CHCl3,Tz,external,0.0,translation,,0.0,,,,True,Tz,,0.0,0.0,1.0,0.0,0.1988120578310847,0.0,,,,,,mu
CHCl3,Rx,external,0.0,rotation,,0.0,,,,True,Rx,,0.0,0.1809417665757356,0.0,1.0,0.0,-0.3174514692805109,,,,,,mu
CHCl3,Ry,external,0.0,rotation,,4.072937995027523e-17,,,,True,Ry,,-0.3588100574821565,0.0,0.1988120578310846,0.0,1.0,0.0,,,,,,mu
CHCl3,Rz,external,0.0,rotation,,3.4308550989723324e-17,,,,True,Rz,,0.0,-3.6090675248345866e-08,0.0,-0.1904708815683065,0.0,1.0,,,,,,mu
CHCl3,1,internal,237.2937,bend,,0.0860230765330759,0.0441646199279139,C1-H2:0.0000;C1-Cl3:0.0337;C1-Cl4:-0.0099;C1-Cl5:-0.0425,C1-H2:0.0062;C1-Cl3:0.0707;C1-Cl4:0.0890;C1-Cl5:-0.0108,True,B,,0.3431307997846664,-0.147610447045508,-0.0005780783843598,-0.2367953793415904,-0.3514801748931996,0.0392097738505761,Shi1972,26.2271,0.8701,E,,mu
CHCl3,2,internal,237.2937,bend,,0.0902768576145707,0.0393739693985017,C1-H2:-0.0000;C1-Cl3:-0.0317;C1-Cl4:0.0167;C1-Cl5:-0.0418,C1-H2:0.0062;C1-Cl3:0.0598;C1-Cl4:0.0616;C1-Cl5:0.0299,True,B,,-0.1502859225720549,-0.3444955206394617,-0.0016094981151183,-0.5251335614012785,0.1511079469908352,-0.0140744574538364,Shi1972,26.2271,0.8701,E,,mu
CHCl3,3,internal,322.7749,bend,,0.3336886536081063,0.1306129630549362,C1-H2:-0.0000;C1-Cl3:0.1112;C1-Cl4:0.1112;C1-Cl5:0.1112,C1-H2:-0.0009;C1-Cl3:0.1739;C1-Cl4:0.1739;C1-Cl5:0.1739,True,B,,-1.003565325019551e-06,0.0,0.3156210372114754,0.0,-0.0360908592879421,0.0,Shi1972,21.8108,1.3388,A1,,mu
CHCl3,4,internal,588.1975,stretch,,0.4454025788126718,0.184252677127084,C1-H2:0.0000;C1-Cl3:0.1485;C1-Cl4:0.1485;C1-Cl5:0.1485,C1-H2:0.0209;C1-Cl3:0.2387;C1-Cl4:0.2387;C1-Cl5:0.2387,True,S,,-1.567588292017419e-06,0.0,-0.0319852178184608,0.0,0.1154581858954545,0.0,Shi1972,7.9345,1.6174,A1,,mu
CHCl3,5,internal,699.2968,stretch,,0.6760786686424513,0.2586362075130612,C1-H2:-0.0000;C1-Cl3:-0.3492;C1-Cl4:0.2694;C1-Cl5:0.0575,C1-H2:0.0188;C1-Cl3:-0.4361;C1-Cl4:0.4102;C1-Cl5:0.1695,True,S,,-0.0890315395673289,0.0566469838457595,0.0638315255189062,0.1343809337022637,-0.1912994753059028,0.1340738717298077,Shi1972,9.5298,2.7457,E,,mu
CHCl3,6,internal,699.2968,stretch,,0.7012261712108288,0.207131500518779,C1-H2:0.0000;C1-Cl3:-0.1094;C1-Cl4:-0.2227;C1-Cl5:0.3692,C1-H2:0.0188;C1-Cl3:-0.0721;C1-Cl4:-0.2416;C1-Cl5:0.4961,True,S,,-0.0618778693463856,0.0207552473451598,-0.071889160886921,-0.3035256813806078,-0.0702704222393989,0.0516904665125585,Shi1972,9.5298,2.7457,E,,mu
CHCl3,7,internal,1233.3922,bend,,0.0601140876964761,0.1171837114830781,C1-H2:0.0000;C1-Cl3:0.0118;C1-Cl4:0.0192;C1-Cl5:-0.0291,C1-H2:0.4059;C1-Cl3:0.0123;C1-Cl4:0.0198;C1-Cl5:-0.0307,True,B,,-0.0387606703403814,0.0281981728377661,-0.1644243013580155,0.4389513855800541,0.1726467004243394,-0.053024876853488,Shi1972,1.0731,0.9618,E,,mu
CHCl3,8,internal,1233.3922,bend,,0.0561066193922014,0.1157387374700909,C1-H2:0.0000;C1-Cl3:0.0276;C1-Cl4:-0.0239;C1-Cl5:-0.0046,C1-H2:0.4059;C1-Cl3:0.0292;C1-Cl4:-0.0241;C1-Cl5:-0.0037,True,B,,0.0172019875451635,0.0533572457936138,0.115781973065297,-0.0812892347835316,0.4869160409486614,-0.1882877994929247,Shi1972,1.0731,0.9618,E,,mu
CHCl3,9,internal,3281.3261,stretch,,0.894501910533721,0.2604943662197039,C1-H2:0.8453;C1-Cl3:-0.0164;C1-Cl4:-0.0164;C1-Cl5:-0.0164,C1-H2:1.0010;C1-Cl3:-0.0137;C1-Cl4:-0.0137;C1-Cl5:-0.0137,True,S,,0.004809284335816,0.0,-0.3817345705687659,0.0,-0.1192299483672966,0.0,Shi1972,1.0888,6.9068,A1,,mu
CH3CN,Tx,external,0.0,translation,,0.0,,,,True,Tx,,1.0,0.0,0.0,0.0,-0.0103800686546245,0.0,,,,,,mu
CH3CN,Ty,external,0.0,translation,,0.0,,,,True,Ty,,0.0,1.0,0.0,-5.5512840990701307e-08,0.0,-0.2949118197256378,,,,,,mu
CH3CN,Tz,external,0.0,translation,,0.0,,,,True,Tz,,0.0,0.0,1.0,0.0,0.2946319654471523,0.0,,,,,,mu
CH3CN,Rx,external,0.0,rotation,,0.0,,,,True,Rx,,0.0,-2.7756420486098797e-08,0.0,1.0,0.0,0.0192107813609371,,,,,,mu
CH3CN,Ry,external,0.0,rotation,,3.149515001975115e-18,,,,True,Ry,,-0.0103800686546245,0.0,0.2946319654471523,0.0,1.0,0.0,,,,,,mu
CH3CN,Rz,external,0.0,rotation,,1.054414502950983e-17,,,,True,Rz,,0.0,-0.2949118197256378,0.0,0.0384215627218743,0.0,1.0,,,,,,mu
CH3CN,1,internal,419.1099,bend,,0.0012240479722185,0.0916993864935275,C1-H2:-0.0000;C1-H3:0.0006;C1-H4:-0.0006;C1-C5:0.0000;C5-N6:0.0000,C1-H2:0.0209;C1-H3:0.1155;C1-H4:0.1032;C1-C5:0.0627;C5-N6:0.1562,True,B,,-0.0017394585517352,-0.5100236525317307,-0.0035531089723676,0.1507161913331932,-0.0045143317218187,0.6213797902951491,Zha2021,4.0362,0.4177,E,,mu
CH3CN,2,internal,419.1099,bend,,0.0012725104388446,0.0918255407825697,C1-H2:-0.0008;C1-H3:0.0002;C1-H4:0.0002;C1-C5:0.0000;C5-N6:0.0000,C1-H2:0.1311;C1-H3:0.0538;C1-H4:0.0553;C1-C5:0.0627;C5-N6:0.1562,True,B,,0.0764890309237226,0.0034568680804889,-0.4926664621793673,0.0028951662338157,-0.611873466734142,-0.0039666783180376,Zha2021,4.0362,0.4177,E,,mu
CH3CN,3,internal,895.5348,stretch,,0.9987865670753344,0.1182532864182369,C1-H2:-0.0000;C1-H3:-0.0000;C1-H4:-0.0000;C1-C5:-0.9445;C5-N6:-0.0543,C1-H2:0.0004;C1-H3:0.0005;C1-H4:0.0005;C1-C5:-0.4585;C5-N6:-0.1314,True,S,,0.3331451330056438,0.0,9.827524320947059e-10,0.0,-0.0099079564836631,0.0,Zha2021,5.5512,2.623,A1,,mu
CH3CN,4,internal,1146.4196,bend,,0.0166035451748082,0.1005911541077685,C1-H2:0.0095;C1-H3:-0.0034;C1-H4:-0.0037;C1-C5:0.0000;C5-N6:0.0000,C1-H2:0.2374;C1-H3:0.1201;C1-H4:0.1232;C1-C5:0.0163;C5-N6:0.0059,True,B,,-0.0884310003152625,-0.0015802080576628,0.0713769761442556,-0.0068963678856583,0.2165378395137062,0.0030246688048723,Zha2021,1.4113,1.0928,E,,mu
CH3CN,5,internal,1146.4196,bend,,0.0152690928636237,0.1008235053367884,C1-H2:-0.0001;C1-H3:0.0077;C1-H4:-0.0075;C1-C5:0.0000;C5-N6:0.0000,C1-H2:0.0990;C1-H3:0.2082;C1-H4:0.1748;C1-C5:0.0163;C5-N6:0.0059,True,B,,-0.0047407638344226,-0.095087679318999,-0.0010902161685178,0.1556647374145987,-0.0039529510635124,0.2313532702048391,Zha2021,1.4113,1.0928,E,,mu
CH3CN,6,internal,1512.3244,bend,,0.0862237033083862,0.1211139021731179,C1-H2:-0.0063;C1-H3:-0.0063;C1-H4:-0.0063;C1-C5:0.0673;C5-N6:-0.0001,C1-H2:0.1717;C1-H3:0.1717;C1-H4:0.1717;C1-C5:0.0859;C5-N6:-0.0045,True,B,,0.1262894166453668,0.0,2.690056654921132e-06,0.0,-0.0162573073785057,0.0,Zha2021,1.184,1.5955,A1,,mu
CH3CN,7,internal,1584.4857,bend,,0.0243927470886612,0.0844882357032171,C1-H2:0.0089;C1-H3:-0.0074;C1-H4:-0.0081;C1-C5:0.0000;C5-N6:0.0000,C1-H2:0.0836;C1-H3:0.1739;C1-H4:0.1646;C1-C5:0.0002;C5-N6:0.0002,True,B,,-0.0553976306609391,-0.0027891000659624,0.0197500124320172,0.0135821015982828,-0.0891908860644937,-0.0004628958636365,Zha2021,1.0407,1.5394,E,,mu
CH3CN,8,internal,1584.4857,bend,,0.0205017824990038,0.0840753273815328,C1-H2:0.0005;C1-H3:-0.0099;C1-H4:0.0100;C1-C5:0.0000;C5-N6:0.0000,C1-H2:0.2159;C1-H3:0.0798;C1-H4:0.1243;C1-C5:0.0002;C5-N6:0.0002,True,B,,0.0051053845446594,0.0359628452323435,-0.0005185795342132,0.136060978515777,-0.004767492306815,0.0692660974897389,Zha2021,1.0407,1.5394,E,,mu
CH3CN,9,internal,2157.0715,stretch,,0.9999665529820962,0.3043714562180912,C1-H2:-0.0000;C1-H3:-0.0000;C1-H4:-0.0000;C1-C5:0.2989;C5-N6:-0.7010,C1-H2:-0.0121;C1-H3:-0.0121;C1-H4:-0.0121;C1-C5:0.6191;C5-N6:-0.8664,True,S,,-0.6615191889726009,0.0,8.918330586989617e-08,0.0,0.0127160972832086,0.0,Zha2021,12.0416,33.0114,A1,,mu
CH3CN,10,internal,3100.7664,stretch,,0.9984807345118224,0.3319289334952385,C1-H2:0.3286;C1-H3:0.3286;C1-H4:0.3286;C1-C5:-0.0126;C5-N6:-0.0000,C1-H2:0.5421;C1-H3:0.5421;C1-H4:0.5421;C1-C5:-0.0311;C5-N6:-0.0023,True,S,,0.0033410464859301,0.0,1.2459177045805645e-06,0.0,-0.0127354519008777,0.0,Zha2021,1.0325,5.8488,A1,,mu
CH3CN,11,internal,3173.4739,stretch,,0.9551324610001246,0.2995675489552331,C1-H2:0.5304;C1-H3:-0.4164;C1-H4:-0.0083;C1-C5:0.0000;C5-N6:0.0000,C1-H2:0.7502;C1-H3:-0.6618;C1-H4:-0.0839;C1-C5:0.0019;C5-N6:0.0000,True,S,,0.0552885319938303,-0.2232546076879283,-0.1972609401618297,-0.0909396803651363,0.3212189205422206,-0.0486418736011897,Zha2021,1.0997,6.5251,E,,mu
CH3CN,12,internal,3173.4739,stretch,,0.9552666010913928,0.3260823913091477,C1-H2:-0.1064;C1-H3:-0.2205;C1-H4:0.6284;C1-C5:0.0000;C5-N6:0.0000,C1-H2:-0.3318;C1-H3:-0.4801;C1-H4:0.8166;C1-C5:0.0019;C5-N6:0.0000,True,S,,0.0579851785211922,-0.2036145172474691,0.0540058776762724,0.0087573263566886,-0.1646618756666024,-0.3204554202757357,Zha2021,1.0997,6.5251,E,,mu
C3O3H6,Tx,external,0.0,translation,,0.0,,,,True,Tx,,1.0,0.0,0.0,0.0,0.1054736744841403,2.6222590765456744e-09,,,,,,mu
C3O3H6,Ty,external,0.0,translation,,0.0,,,,True,Ty,,0.0,1.0,0.0,-0.1670226268524968,0.0,9.251858538542969e-18,,,,,,mu
C3O3H6,Tz,external,0.0,translation,,0.0,,,,True,Tz,,0.0,0.0,1.0,0.0989410456015368,0.0,0.0,,,,,,mu
C3O3H6,Rx,external,0.0,rotation,,4.519123507228131e-17,,,,True,Rx,,0.0,-0.1670226268524967,0.0989410456015368,1.0,-9.251858538542969e-18,0.0,,,,,,mu
C3O3H6,Ry,external,0.0,rotation,,2.1316420622981026e-17,,,,True,Ry,,0.1054736744841403,0.0,0.0,0.0,1.0,0.0813713526882045,,,,,,mu
C3O3H6,Rz,external,0.0,rotation,,6.853166968012961e-17,,,,True,Rz,,2.622259058041957e-09,0.0,0.0,-9.251858538542969e-18,0.0813713526882044,1.0,,,,,,mu
C3O3H6,1,internal,289.9891,bend,,0.0227395033643601,0.0244117464492852,C1-H5:0.0005;C1-H6:-0.0002;C1-O10:-0.0072;C1-O12:-0.0071;C2-H4:0.0000;C2-H9:-0.0001;C2-O10:0.0023;C2-O11:0.0007;C3-H7:0.0001;C3-H8:-0.0002;C3-O11:0.0018;C3-O12:0.0025,C1-H5:0.0653;C1-H6:0.0607;C1-O10:0.0126;C1-O12:0.0095;C2-H4:0.0136;C2-H9:0.0223;C2-O10:0.0090;C2-O11:0.0191;C3-H7:0.0212;C3-H8:0.0277;C3-O11:0.0226;C3-O12:0.0094,True,B,,0.0120573973079804,-0.0368328683088928,-0.2046323949194061,-0.288225996860975,-0.0019777880217137,-0.0084073000239474,Mas1966,2.5861,0.1281,E,,mu
C3O3H6,2,internal,289.9891,bend,,0.0257307065442348,0.0244024176024096,C1-H5:-0.0000;C1-H6:0.0000;C1-O10:0.0021;C1-O12:-0.0017;C2-H4:-0.0001;C2-H9:0.0004;C2-O10:-0.0060;C2-O11:-0.0054;C3-H7:0.0001;C3-H8:-0.0004;C3-O11:0.0045;C3-O12:0.0051,C1-H5:0.0146;C1-H6:0.0014;C1-O10:0.0110;C1-O12:0.0081;C2-H4:0.0496;C2-H9:0.0562;C2-O10:0.0188;C2-O11:0.0012;C3-H7:0.0444;C3-H8:0.0445;C3-O11:0.0142;C3-O12:0.0287,True,B,,0.1364933392581202,0.0030403430192457,-0.1049600255104385,0.0755449450048942,-0.2269032668764354,0.0637488776957248,Mas1966,2.5861,0.1281,E,,mu
C3O3H6,3,internal,443.282,bend,,0.0085759479188009,0.0250990458709183,C1-H5:-0.0007;C1-H6:0.0005;C1-O10:0.0008;C1-O12:0.0008;C2-H4:0.0005;C2-H9:-0.0007;C2-O10:0.0008;C2-O11:0.0008;C3-H7:0.0005;C3-H8:-0.0007;C3-O11:0.0008;C3-O12:0.0008,C1-H5:0.0395;C1-H6:0.0445;C1-O10:0.0082;C1-O12:0.0082;C2-H4:0.0445;C2-H9:0.0395;C2-O10:0.0082;C2-O11:0.0082;C3-H7:0.0445;C3-H8:0.0395;C3-O11:0.0082;C3-O12:0.0082,True,B,,0.0,5.559407872663772e-06,-0.2433355031071194,-0.2376544731550358,9.251858538542969e-18,0.0,Mas1966,1.7999,0.2084,A1,,mu
C3O3H6,4,internal,502.3556,bend,,0.1525732108383946,0.0260490890613702,C1-H5:0.0000;C1-H6:0.0001;C1-O10:0.0005;C1-O12:-0.0204;C2-H4:-0.0003;C2-H9:-0.0000;C2-O10:0.0502;C2-O11:0.0267;C3-H7:0.0003;C3-H8:0.0000;C3-O11:-0.0064;C3-O12:-0.0477,C1-H5:0.0018;C1-H6:0.0411;C1-O10:0.0128;C1-O12:0.0073;C2-H4:0.0074;C2-H9:0.0124;C2-O10:0.0961;C2-O11:0.0636;C3-H7:0.0309;C3-H8:0.0092;C3-O11:-0.0285;C3-O12:0.0015,True,B,,-0.3201007792412694,-0.1189338571965062,0.0217049822137272,0.0119191338238316,0.1905788354264229,0.095685388875083,Mas1966,7.2061,1.0714,E,,mu
C3O3H6,5,internal,502.3556,bend,,0.1550531439243412,0.0256286428482132,C1-H5:-0.0001;C1-H6:-0.0003;C1-O10:0.0489;C1-O12:0.0298;C2-H4:0.0001;C2-H9:0.0000;C2-O10:-0.0010;C2-O11:-0.0237;C3-H7:0.0003;C3-H8:0.0000;C3-O11:-0.0457;C3-O12:-0.0051,C1-H5:0.0128;C1-H6:0.0064;C1-O10:0.0941;C1-O12:0.0679;C2-H4:0.0406;C2-H9:0.0023;C2-O10:0.0070;C2-O11:0.0071;C3-H7:0.0324;C3-H8:0.0083;C3-O11:0.0027;C3-O12:-0.0260,True,B,,-0.0431930004403743,0.3514712669240252,0.0243911905481981,0.0047664168016386,0.0401595249091751,-0.0750465834012653,Mas1966,7.2061,1.0714,E,,mu
C3O3H6,6,internal,697.917,SB,,0.4275768174890652,0.0694986761886171,C1-H5:0.0004;C1-H6:0.0001;C1-O10:-0.0710;C1-O12:-0.0710;C2-H4:0.0001;C2-H9:0.0004;C2-O10:-0.0710;C2-O11:-0.0710;C3-H7:0.0001;C3-H8:0.0004;C3-O11:-0.0710;C3-O12:-0.0710,C1-H5:0.0543;C1-H6:0.0419;C1-O10:-0.0909;C1-O12:-0.0909;C2-H4:0.0419;C2-H9:0.0543;C2-O10:-0.0909;C2-O11:-0.0909;C3-H7:0.0419;C3-H8:0.0543;C3-O11:-0.0909;C3-O12:-0.0909,True,S,,0.0,2.8302646850895487e-05,0.0325442140769289,-0.000441359301951,0.0,-3.1763735522036263e-22,Mas1966,7.0488,2.0229,A1,,mu
C3O3H6,7,internal,891.7765,bend,,0.7147261042165418,0.0937066906500414,C1-H5:0.0000;C1-H6:-0.0000;C1-O10:-0.1987;C1-O12:0.1697;C2-H4:-0.0001;C2-H9:0.0001;C2-O10:-0.1768;C2-O11:0.0093;C3-H7:0.0001;C3-H8:-0.0001;C3-O11:0.0157;C3-O12:0.1440,C1-H5:0.0080;C1-H6:0.0242;C1-O10:-0.2331;C1-O12:0.2432;C2-H4:0.0035;C2-H9:0.0106;C2-O10:-0.2585;C2-O11:0.0376;C3-H7:0.0118;C3-H8:-0.0052;C3-O11:0.0504;C3-O12:0.2385,True,S,,0.1112035372641791,0.0167350792181888,-0.0135750987772303,0.0078133440776536,0.047801798482717,-0.1243238414106725,Mas1966,4.6129,2.1614,E,,mu
C3O3H6,8,internal,891.7765,bend,,0.7480306477071264,0.0951389661147071,C1-H5:0.0001;C1-H6:-0.0001;C1-O10:-0.0563;C1-O12:-0.0854;C2-H4:0.0001;C2-H9:-0.0001;C2-O10:-0.0655;C2-O11:0.2149;C3-H7:0.0001;C3-H8:-0.0001;C3-O11:0.2207;C3-O12:-0.1046,C1-H5:0.0103;C1-H6:-0.0058;C1-O10:-0.1155;C1-O12:-0.1655;C2-H4:0.0212;C2-H9:0.0004;C2-O10:-0.0851;C2-O11:0.2892;C3-H7:0.0239;C3-H8:0.0027;C3-O11:0.2904;C3-O12:-0.1315,True,S,,-0.0226811082397199,-0.0410808403851516,0.0152639649182495,0.1014868477225994,-0.0099096927810191,-0.0310873095564632,Mas1966,4.6129,2.1614,E,,mu
C3O3H6,9,internal,927.7708,stretch,,0.8694151626565928,0.2741916387428564,C1-H5:0.0000;C1-H6:0.0000;C1-O10:-0.1449;C1-O12:0.1449;C2-H4:-0.0000;C2-H9:0.0000;C2-O10:0.1449;C2-O11:-0.1449;C3-H7:0.0000;C3-H8:-0.0000;C3-O11:0.1449;C3-O12:-0.1449,C1-H5:0.0911;C1-H6:0.1400;C1-O10:-0.4184;C1-O12:0.4472;C2-H4:0.1400;C2-H9:0.0911;C2-O10:0.4472;C2-O11:-0.4184;C3-H7:0.1400;C3-H8:0.0911;C3-O11:0.4472;C3-O12:-0.4184,True,S,,5.961455748067686e-06,0.0,0.0,0.0,0.0539162041442057,-0.499999999633498,Mas1966,12.6233,6.4018,A2,,mu
C3O3H6,10,internal,945.4483,SB,,0.5673823097526598,0.0938659620696133,C1-H5:-0.0002;C1-H6:0.0002;C1-O10:0.0944;C1-O12:0.0944;C2-H4:0.0002;C2-H9:-0.0002;C2-O10:0.0944;C2-O11:0.0944;C3-H7:0.0002;C3-H8:-0.0002;C3-O11:0.0944;C3-O12:0.0944,C1-H5:-0.0039;C1-H6:0.0178;C1-O10:0.1769;C1-O12:0.1769;C2-H4:0.0178;C2-H9:-0.0039;C2-O10:0.1769;C2-O11:0.1769;C3-H7:0.0178;C3-H8:-0.0039;C3-O11:0.1769;C3-O12:0.1769,True,S,,0.0,4.038128882786577e-06,0.0677526613349925,0.1280664349233226,0.0,0.0,Mas1966,5.0363,2.6524,A1,,mu
C3O3H6,11,internal,1048.0296,stretch,,0.5958962883199274,0.1067701793110373,C1-H5:0.0000;C1-H6:0.0000;C1-O10:0.0664;C1-O12:-0.0825;C2-H4:0.0011;C2-H9:0.0014;C2-O10:-0.0374;C2-O11:-0.1745;C3-H7:-0.0013;C3-H8:-0.0016;C3-O11:0.1729;C3-O12:0.0568,C1-H5:0.0018;C1-H6:0.0129;C1-O10:0.1346;C1-O12:-0.1508;C2-H4:0.1339;C2-H9:0.0741;C2-O10:-0.0474;C2-O11:-0.2145;C3-H7:0.1344;C3-H8:0.0525;C3-O11:0.2215;C3-O12:0.1028,True,S,,-0.1202564356945362,-0.0122919144711038,0.06655626210825,-0.0841905922219353,-0.422580435686605,0.0204135663990653,Mas1966,3.2856,2.1262,E,,mu
C3O3H6,12,internal,1048.0296,stretch,,0.5892499854580491,0.1069819168070348,C1-H5:-0.0020;C1-H6:-0.0016;C1-O10:0.1389;C1-O12:0.1211;C2-H4:0.0005;C2-H9:0.0006;C2-O10:-0.1511;C2-O11:0.0119;C3-H7:0.0004;C3-H8:0.0004;C3-O11:0.0242;C3-O12:-0.1366,C1-H5:0.0667;C1-H6:0.1632;C1-O10:0.1893;C1-O12:0.1727;C2-H4:0.0692;C2-H9:0.0369;C2-O10:-0.2119;C2-O11:0.0349;C3-H7:0.0500;C3-H8:0.0257;C3-O11:0.0604;C3-O12:-0.2030,True,S,,0.0110957230991453,-0.1138150476022484,0.0862026603638774,0.3680143797296422,-0.0354824916076524,-0.0186786001022662,Mas1966,3.2856,2.1262,E,,mu
C3O3H6,13,internal,1148.3891,SB,,0.3765614668458016,0.0807374588369801,C1-H5:0.0001;C1-H6:-0.0002;C1-O10:-0.1071;C1-O12:0.0033;C2-H4:0.0004;C2-H9:-0.0003;C2-O10:0.1059;C2-O11:0.0666;C3-H7:-0.0001;C3-H8:0.0000;C3-O11:-0.0716;C3-O12:0.0210,C1-H5:0.0714;C1-H6:0.0600;C1-O10:-0.1247;C1-O12:0.0128;C2-H4:0.1271;C2-H9:0.1385;C2-O10:0.1250;C2-O11:0.0903;C3-H7:0.0196;C3-H8:0.0261;C3-O11:-0.1160;C3-O12:0.0574,True,B,,-0.0059935767220943,-0.0194833022230581,-0.0427364672529447,0.1108245928971752,-0.1110595022589034,0.023117814638609,Mas1966,2.0942,1.6272,E,,mu
C3O3H6,14,internal,1148.3891,SB,,0.3712961875975671,0.0795977670178717,C1-H5:0.0002;C1-H6:-0.0003;C1-O10:-0.0075;C1-O12:-0.1146;C2-H4:-0.0000;C2-H9:0.0000;C2-O10:0.0268;C2-O11:-0.0574;C3-H7:0.0004;C3-H8:-0.0003;C3-O11:0.0499;C3-O12:0.1140,C1-H5:0.0897;C1-H6:0.0765;C1-O10:-0.0032;C1-O12:-0.1227;C2-H4:0.0112;C2-H9:0.0163;C2-O10:0.0723;C2-O11:-0.1077;C3-H7:0.1191;C3-H8:0.1299;C3-O11:0.0740;C3-O12:0.1327,True,B,,0.0054883065616901,-0.0110676534455802,-0.0254772947833943,0.1258147368439138,0.0919499660101195,-0.0264305983590452,Mas1966,2.0942,1.6272,E,,mu
C3O3H6,15,internal,1229.7826,SB,,0.0616248166626503,0.045653711971422,C1-H5:0.0016;C1-H6:0.0020;C1-O10:-0.0085;C1-O12:-0.0085;C2-H4:0.0020;C2-H9:0.0016;C2-O10:-0.0085;C2-O11:-0.0085;C3-H7:0.0020;C3-H8:0.0016;C3-O11:-0.0085;C3-O12:-0.0085,C1-H5:0.0746;C1-H6:0.1053;C1-O10:-0.0014;C1-O12:-0.0014;C2-H4:0.1053;C2-H9:0.0746;C2-O10:-0.0014;C2-O11:-0.0014;C3-H7:0.1053;C3-H8:0.0746;C3-O11:-0.0014;C3-O12:-0.0014,True,B,,0.0,5.713149669813363e-06,0.1535009775972296,-0.0316342892727562,-9.251858538542969e-18,0.0,Mas1966,1.9996,1.7818,A1,,mu
C3O3H6,16,internal,1261.5206,bend,,0.0059125389457223,0.0367048622275513,C1-H5:0.0000;C1-H6:0.0000;C1-O10:-0.0010;C1-O12:0.0010;C2-H4:0.0000;C2-H9:0.0000;C2-O10:0.0010;C2-O11:-0.0010;C3-H7:-0.0000;C3-H8:-0.0000;C3-O11:0.0010;C3-O12:-0.0010,C1-H5:0.0526;C1-H6:0.0825;C1-O10:-0.0058;C1-O12:0.0059;C2-H4:0.0825;C2-H9:0.0526;C2-O10:0.0059;C2-O11:-0.0058;C3-H7:0.0825;C3-H8:0.0526;C3-O11:0.0059;C3-O12:-0.0058,True,B,,3.0730592075700613e-05,0.0,0.0,0.0,-0.2314889338226691,-0.4999999919238829,Mas1966,1.0247,0.9608,A2,,mu
C3O3H6,17,internal,1337.9478,bend,,0.0926955253722571,0.0464874467741981,C1-H5:-0.0005;C1-H6:-0.0001;C1-O10:0.0105;C1-O12:0.0034;C2-H4:0.0002;C2-H9:0.0008;C2-O10:0.0128;C2-O11:-0.0288;C3-H7:0.0003;C3-H8:0.0011;C3-O11:-0.0283;C3-O12:0.0058,C1-H5:-0.0025;C1-H6:0.0071;C1-O10:0.0193;C1-O12:0.0086;C2-H4:0.1663;C2-H9:0.0637;C2-O10:0.0283;C2-O11:-0.0370;C3-H7:0.1222;C3-H8:0.0482;C3-O11:-0.0351;C3-O12:0.0196,True,B,,-0.0373701363900078,0.1275647265958898,-0.0823580474216883,-0.0578187087408417,-0.1532390746514118,-0.016350871857428,Mas1966,1.1196,1.1809,E,,mu
C3O3H6,18,internal,1337.9478,bend,,0.0926697238061316,0.045449095769315,C1-H5:0.0003;C1-H6:0.0001;C1-O10:0.0192;C1-O12:-0.0260;C2-H4:-0.0003;C2-H9:-0.0008;C2-O10:0.0172;C2-O11:-0.0002;C3-H7:0.0003;C3-H8:0.0011;C3-O11:0.0025;C3-O12:-0.0246,C1-H5:0.0701;C1-H6:0.1860;C1-O10:0.0336;C1-O12:-0.0364;C2-H4:0.0301;C2-H9:0.0060;C2-O10:0.0266;C2-O11:-0.0003;C3-H7:0.0800;C3-H8:0.0334;C3-O11:0.0116;C3-O12:-0.0315,True,B,,-0.1717682829602544,0.0050648263314285,-0.0603024824036654,-0.0376933656053657,-0.2273549011734349,0.0474952345273868,Mas1966,1.1196,1.1809,E,,mu
C3O3H6,19,internal,1422.6466,bend,,0.0145454803526224,0.0416092209361472,C1-H5:0.0000;C1-H6:0.0000;C1-O10:-0.0024;C1-O12:0.0024;C2-H4:0.0000;C2-H9:0.0000;C2-O10:0.0024;C2-O11:-0.0024;C3-H7:-0.0000;C3-H8:-0.0000;C3-O11:0.0024;C3-O12:-0.0024,C1-H5:0.0935;C1-H6:0.0589;C1-O10:-0.0067;C1-O12:0.0073;C2-H4:0.0589;C2-H9:0.0935;C2-O10:0.0073;C2-O11:-0.0067;C3-H7:0.0589;C3-H8:0.0935;C3-O11:0.0073;C3-O12:-0.0067,True,B,,-2.04929240882612e-05,0.0,0.0,0.0,-0.1880183111447184,1.151764221033839e-09,Mas1966,1.1237,1.34,A2,,mu
C3O3H6,20,internal,1477.8991,bend,,0.1073259845578166,0.0580008642959809,C1-H5:0.0001;C1-H6:0.0000;C1-O10:0.0322;C1-O12:-0.0319;C2-H4:0.0007;C2-H9:0.0031;C2-O10:0.0138;C2-O11:-0.0048;C3-H7:-0.0006;C3-H8:-0.0030;C3-O11:0.0042;C3-O12:-0.0130,C1-H5:0.2189;C1-H6:0.1089;C1-O10:0.0473;C1-O12:-0.0445;C2-H4:0.0354;C2-H9:0.0745;C2-O10:0.0306;C2-O11:-0.0168;C3-H7:0.0262;C3-H8:0.0486;C3-O11:0.0160;C3-O12:-0.0285,True,B,,0.1544741297156894,-0.0011169139604206,-0.0018136067107879,-0.0023843435238074,-0.1254235036507226,-0.0499284508707321,Mas1966,1.174,1.5108,E,,mu
C3O3H6,21,internal,1477.8991,bend,,0.1080888859958028,0.0572774098832663,C1-H5:0.0009;C1-H6:0.0003;C1-O10:0.0010;C1-O12:0.0013;C2-H4:-0.0006;C2-H9:-0.0030;C2-O10:0.0195;C2-O11:-0.0285;C3-H7:-0.0006;C3-H8:-0.0030;C3-O11:-0.0291;C3-O12:0.0203,C1-H5:0.0164;C1-H6:0.0074;C1-O10:0.0070;C1-O12:0.0083;C2-H4:0.0804;C2-H9:0.1608;C2-O10:0.0364;C2-O11:-0.0422;C3-H7:0.0829;C3-H8:0.1658;C3-O11:-0.0426;C3-O12:0.0372,True,B,,0.0127530021923591,-0.1651938409310538,0.0314580205109379,-0.0732423983456323,0.0247462174548577,0.0133590705705237,Mas1966,1.174,1.5108,E,,mu
C3O3H6,22,internal,1585.5877,bend,,0.0637556210294347,0.0469604627846619,C1-H5:-0.0007;C1-H6:-0.0004;C1-O10:0.0042;C1-O12:-0.0023;C2-H4:-0.0044;C2-H9:-0.0062;C2-O10:0.0091;C2-O11:0.0018;C3-H7:0.0073;C3-H8:0.0102;C3-O11:-0.0065;C3-O12:-0.0105,C1-H5:0.0087;C1-H6:0.0053;C1-O10:0.0180;C1-O12:-0.0097;C2-H4:0.0716;C2-H9:0.0779;C2-O10:0.0240;C2-O11:0.0052;C3-H7:0.1458;C3-H8:0.1617;C3-O11:-0.0134;C3-O12:-0.0222,True,B,,0.0879572037437861,0.0259982695645965,-0.031807625494366,-0.0321230927260666,-0.2522094135589787,0.0459189543190865,Mas1966,1.0922,1.6178,E,,mu
C3O3H6,23,internal,1585.5877,bend,,0.0632599534791366,0.0467053018005066,C1-H5:0.0107;C1-H6:0.0077;C1-O10:-0.0075;C1-O12:-0.0104;C2-H4:-0.0037;C2-H9:-0.0052;C2-O10:0.0009;C2-O11:0.0084;C3-H7:-0.0008;C3-H8:-0.0012;C3-O11:0.0049;C3-O12:-0.0020,C1-H5:0.1688;C1-H6:0.1524;C1-O10:-0.0152;C1-O12:-0.0213;C2-H4:0.0590;C2-H9:0.0646;C2-O10:0.0029;C2-O11:0.0236;C3-H7:0.0111;C3-H8:0.0146;C3-O11:0.0194;C3-O12:-0.0075,True,B,,0.0453631918856388,0.057326615757521,-0.0224242698111538,0.1196402085179519,-0.0624842779488863,-0.0285093217520269,Mas1966,1.0922,1.6178,E,,mu
C3O3H6,24,internal,1605.3013,bend,,0.0713934378711985,0.0543315297526709,C1-H5:0.0018;C1-H6:0.0031;C1-O10:-0.0094;C1-O12:-0.0094;C2-H4:0.0031;C2-H9:0.0018;C2-O10:-0.0094;C2-O11:-0.0094;C3-H7:0.0031;C3-H8:0.0018;C3-O11:-0.0094;C3-O12:-0.0094,C1-H5:0.0918;C1-H6:0.0863;C1-O10:-0.0196;C1-O12:-0.0196;C2-H4:0.0863;C2-H9:0.0918;C2-O10:-0.0196;C2-O11:-0.0196;C3-H7:0.0863;C3-H8:0.0918;C3-O11:-0.0196;C3-O12:-0.0196,True,B,,0.0,-9.837800886842532e-05,-0.0195242017746711,0.0697021040551047,0.0,0.0,Mas1966,1.1255,1.7088,A1,,mu
C3O3H6,25,internal,3002.0504,stretch,,0.9582134144770712,0.1542613903754683,C1-H5:-0.1101;C1-H6:-0.0025;C1-O10:0.0016;C1-O12:0.0013;C2-H4:-0.0046;C2-H9:-0.1985;C2-O10:0.0028;C2-O11:0.0025;C3-H7:0.0139;C3-H8:0.6042;C3-O11:-0.0080;C3-O12:-0.0081,C1-H5:-0.3320;C1-H6:-0.0500;C1-O10:0.0073;C1-O12:0.0059;C2-H4:-0.0671;C2-H9:-0.4458;C2-O10:0.0096;C2-O11:0.0083;C3-H7:0.1180;C3-H8:0.7780;C3-O11:-0.0144;C3-O12:-0.0146,True,S,,-0.03432447643722,0.0290367177999588,0.063626151729207,-0.1242374794248584,-0.2933059434243883,0.0077452400697383,Mas1966,1.068,5.6711,E,,mu
C3O3H6,26,internal,3002.0504,stretch,,0.9582066705563308,0.140135364412017,C1-H5:0.4985;C1-H6:0.0115;C1-O10:-0.0065;C1-O12:-0.0068;C2-H4:-0.0094;C2-H9:-0.4100;C2-O10:0.0053;C2-O11:0.0056;C3-H7:-0.0001;C3-H8:-0.0044;C3-O11:0.0001;C3-O12:0.0000,C1-H5:0.7066;C1-H6:0.1071;C1-O10:-0.0129;C1-O12:-0.0136;C2-H4:-0.0963;C2-H9:-0.6408;C2-O10:0.0126;C2-O11:0.0135;C3-H7:-0.0099;C3-H8:-0.0657;C3-O11:0.0021;C3-O12:0.0005,True,S,,0.0365758321209399,-0.0420959329360046,0.0468592472390751,0.3287238631438664,-0.0878070811750014,-0.0337004787833098,Mas1966,1.068,5.6711,E,,mu
C3O3H6,27,internal,3014.7368,stretch,,0.957870177932062,0.1642284549979563,C1-H5:0.3039;C1-H6:0.0067;C1-O10:-0.0043;C1-O12:-0.0043;C2-H4:0.0067;C2-H9:0.3039;C2-O10:-0.0043;C2-O11:-0.0043;C3-H7:0.0067;C3-H8:0.3039;C3-O11:-0.0043;C3-O12:-0.0043,C1-H5:0.5534;C1-H6:0.0814;C1-O10:-0.0111;C1-O12:-0.0111;C2-H4:0.0813;C2-H9:0.5534;C2-O10:-0.0111;C2-O11:-0.0111;C3-H7:0.0813;C3-H8:0.5534;C3-O11:-0.0111;C3-O12:-0.0111,True,S,,0.0,0.0003066088053548,-0.2341919764048861,-0.0650373434427952,-9.251858538542969e-18,0.0,Mas1966,1.0704,5.7321,A1,,mu
C3O3H6,28,internal,3216.8549,stretch,,0.9287183988969292,0.1611169441151635,C1-H5:-0.0195;C1-H6:0.5847;C1-O10:-0.0065;C1-O12:-0.0064;C2-H4:-0.1186;C2-H9:0.0040;C2-O10:0.0011;C2-O11:0.0015;C3-H7:-0.1766;C3-H8:0.0059;C3-O11:0.0022;C3-O12:0.0017,C1-H5:-0.1392;C1-H6:0.8055;C1-O10:-0.0097;C1-O12:-0.0096;C2-H4:-0.3627;C2-H9:0.0636;C2-O10:0.0045;C2-O11:0.0058;C3-H7:-0.4426;C3-H8:0.0776;C3-O11:0.0069;C3-O12:0.0057,True,S,,-0.0105600811627558,0.0421329486707605,0.0657566138455574,0.0566462414984755,0.0141542853747374,0.0127444495808114,Mas1966,1.0947,6.6744,E,,mu
C3O3H6,29,internal,3216.8549,stretch,,0.9287267450270232,0.1442431422477266,C1-H5:0.0001;C1-H6:-0.0019;C1-O10:-0.0000;C1-O12:0.0000;C2-H4:0.4680;C2-H9:-0.0156;C2-O10:-0.0054;C2-O11:-0.0050;C3-H7:-0.4100;C3-H8:0.0137;C3-O11:0.0043;C3-O12:0.0047,C1-H5:0.0081;C1-H6:-0.0461;C1-O10:-0.0001;C1-O12:0.0014;C2-H4:0.7207;C2-H9:-0.1247;C2-O10:-0.0091;C2-O11:-0.0084;C3-H7:-0.6740;C3-H8:0.1185;C3-O11:0.0095;C3-O12:0.0103,True,S,,-0.0348196598827831,0.0026784031430519,0.0724581624067911,-0.0274811735710544,0.1482376869020168,-0.0154117875024218,Mas1966,1.0947,6.6744,E,,mu
C3O3H6,30,internal,3222.9141,stretch,,0.9251652638996076,0.171126839455681,C1-H5:-0.0093;C1-H6:0.2918;C1-O10:-0.0037;C1-O12:-0.0037;C2-H4:0.2918;C2-H9:-0.0093;C2-O10:-0.0037;C2-O11:-0.0037;C3-H7:0.2918;C3-H8:-0.0093;C3-O11:-0.0037;C3-O12:-0.0037,C1-H5:-0.0965;C1-H6:0.5724;C1-O10:-0.0078;C1-O12:-0.0078;C2-H4:0.5724;C2-H9:-0.0965;C2-O10:-0.0078;C2-O11:-0.0078;C3-H7:0.5724;C3-H8:-0.0965;C3-O11:-0.0078;C3-O12:-0.0078,True,S,,0.0,0.0006250039154916,-0.2264244841549287,-0.0062558087582511,0.0,0.0,Mas1966,1.1007,6.7363,A1,,mu
H2O,Tx,external,0.0,translation,,0.0,,,,True,Tx,,1.0,0.0,0.0,0.0,0.0,0.0413714248755692,,,,,,mu
H2O,Ty,external,0.0,translation,,0.0,,,,True,Ty,,0.0,1.0,0.0,0.0,0.0,0.0,,,,,,mu
H2O,Tz,external,0.0,translation,,0.0,,,,True,Tz,,0.0,0.0,1.0,-0.3333333333333333,0.0,0.0,,,,,,mu
H2O,Rx,external,0.0,rotation,,0.0,,,,True,Rx,,0.0,0.0,-0.3333333333333333,1.0,0.0,0.0,,,,,,mu
H2O,Ry,external,0.0,rotation,,0.0,,,,True,Ry,,0.0,0.0,0.0,0.0,1.0,0.0,,,,,,mu
H2O,Rz,external,0.0,rotation,,7.631292221222434e-17,,,,True,Rz,,0.0413714248755692,0.0,0.0,0.0,0.0,1.0,,,,,,mu
H2O,1,internal,1722.4734,bend,,0.1343723646325033,0.1814190851387166,O1-H2:-0.0672;O1-H3:-0.0672,O1-H2:0.1814;O1-H3:0.1814,True,B,,0.0,0.2276015610319319,0.0,0.0,0.0,0.0,,1.0916,1.9082,A1,,mu
H2O,2,internal,3504.6214,stretch,,0.996621827375942,0.7359497165464841,O1-H2:0.4983;O1-H3:0.4983,O1-H2:0.7359;O1-H3:0.7359,True,S,,0.0,0.003029454617222,0.0,0.0,0.0,0.0,,1.037,7.5042,A1,,mu
H2O,3,internal,3663.325,stretch,,0.9984168833260614,0.768106881460179,O1-H2:0.4992;O1-H3:-0.4992,O1-H2:0.7704;O1-H3:-0.7658,True,S,,0.1961178070046946,0.0,0.0,0.0,0.0,0.2958372216701382,,1.0825,8.5592,B2,,mu
CH3COCH3,Tx,external,0.0,translation,,0.0,,,,True,Tx,,1.0,0.0,0.0,0.0,0.0,0.1882223049273564,,,,,,mu
CH3COCH3,Ty,external,0.0,translation,,0.0,,,,True,Ty,,0.0,1.0,0.0,0.0,0.0,-1.1102230246251566e-17,,,,,,mu
CH3COCH3,Tz,external,0.0,translation,,0.0,,,,True,Tz,,0.0,0.0,1.0,-0.5352853532444046,0.0,0.0,,,,,,mu
CH3COCH3,Rx,external,0.0,rotation,,1.5633030467638665e-17,,,,True,Rx,,0.0,0.0,-0.5352853532444047,1.0,0.0,0.0,,,,,,mu
CH3COCH3,Ry,external,0.0,rotation,,7.692300050309193e-18,,,,True,Ry,,0.0,0.0,0.0,0.0,1.0,0.0,,,,,,mu
CH3COCH3,Rz,external,0.0,rotation,,4.854686389727647e-19,,,,True,Rz,,0.1882223049273564,1.1102230246251566e-17,0.0,0.0,0.0,1.0,,,,,,mu
CH3COCH3,1,internal,117.6668,bend,,0.00314393699491,0.044319991285328,C1-C2:0.0000;C1-H5:-0.0008;C1-H6:0.0000;C1-H7:0.0008;C2-O3:0.0000;C2-C4:0.0000;C4-H8:-0.0008;C4-H9:0.0008;C4-H10:0.0000,C1-C2:0.0001;C1-H5:0.0691;C1-H6:0.0580;C1-H7:0.0722;C2-O3:0.0000;C2-C4:0.0001;C4-H8:0.0691;C4-H9:0.0722;C4-H10:0.0580,True,B,,0.0,0.0,0.0,0.0,0.1352440353485787,0.0,Shi1972,1.0215,0.0083,A2,,mu
CH3COCH3,2,internal,170.4194,bend,,0.0046439642347225,0.0447964131206252,C1-C2:0.0000;C1-H5:-0.0012;C1-H6:0.0000;C1-H7:0.0012;C2-O3:0.0000;C2-C4:0.0000;C4-H8:0.0012;C4-H9:-0.0012;C4-H10:0.0000,C1-C2:0.0000;C1-H5:0.0675;C1-H6:0.0602;C1-H7:0.0725;C2-O3:0.0026;C2-C4:0.0000;C4-H8:0.0725;C4-H9:0.0675;C4-H10:0.0602,True,B,,0.0,0.0,0.215459408185357,-0.0785834000113442,0.0,0.0,Shi1972,1.1106,0.019,B1,,mu
CH3COCH3,3,internal,383.0548,bend,,0.01436379814613,0.0247775725003418,C1-C2:0.0065;C1-H5:-0.0001;C1-H6:0.0004;C1-H7:-0.0001;C2-O3:0.0000;C2-C4:0.0065;C4-H8:-0.0001;C4-H9:-0.0001;C4-H10:0.0004,C1-C2:0.0194;C1-H5:0.0176;C1-H6:0.0568;C1-H7:0.0176;C2-O3:0.0003;C2-C4:0.0194;C4-H8:0.0176;C4-H9:0.0176;C4-H10:0.0568,True,B,,-1.1102230246251566e-17,0.2317770724657518,0.0,0.0,0.0,0.0,Shi1972,2.1799,0.1885,A1,,mu
CH3COCH3,4,internal,507.9145,bend,,0.0029645313987435,0.0483983484315511,C1-C2:0.0000;C1-H5:-0.0007;C1-H6:0.0000;C1-H7:0.0007;C2-O3:0.0000;C2-C4:0.0000;C4-H8:0.0007;C4-H9:-0.0007;C4-H10:0.0000,C1-C2:0.0233;C1-H5:0.0640;C1-H6:0.0287;C1-H7:0.0748;C2-O3:0.0538;C2-C4:0.0233;C4-H8:0.0748;C4-H9:0.0640;C4-H10:0.0287,True,B,,0.0,0.0,-0.5583818913832608,0.6173202883418335,0.0,0.0,Shi1972,2.2338,0.3395,B1,,mu
CH3COCH3,5,internal,513.1967,bend,,0.0690773974770506,0.0362256257688287,C1-C2:-0.0341;C1-H5:-0.0002;C1-H6:0.0001;C1-H7:-0.0002;C2-O3:0.0000;C2-C4:0.0341;C4-H8:0.0002;C4-H9:0.0002;C4-H10:-0.0001,C1-C2:-0.0412;C1-H5:0.0151;C1-H6:0.0527;C1-H7:0.0151;C2-O3:0.0619;C2-C4:0.0511;C4-H8:0.0187;C4-H9:0.0187;C4-H10:0.0515,True,B,,-0.079650428161088,-1.1102230246251566e-17,0.0,0.0,0.0,0.6111619756921971,Shi1972,3.5507,0.551,B2,,mu
CH3COCH3,6,internal,753.3955,stretch,,0.9301214135350953,0.0698758768413704,C1-C2:0.4608;C1-H5:0.0001;C1-H6:0.0003;C1-H7:0.0001;C2-O3:0.0077;C2-C4:0.4608;C4-H8:0.0001;C4-H9:0.0001;C4-H10:0.0003,C1-C2:0.2651;C1-H5:0.0061;C1-H6:0.0174;C1-H7:0.0061;C2-O3:0.0394;C2-C4:0.2651;C4-H8:0.0061;C4-H9:0.0061;C4-H10:0.0174,True,S,,2.220446049250313e-17,-0.2614071504174615,0.0,0.0,0.0,0.0,Shi1972,4.1596,1.3911,A1,,mu
CH3COCH3,7,internal,915.9481,bend,,0.4087854494147367,0.0840313969294008,C1-C2:-0.2005;C1-H5:0.0007;C1-H6:-0.0025;C1-H7:0.0007;C2-O3:0.0000;C2-C4:0.2005;C4-H8:-0.0007;C4-H9:-0.0007;C4-H10:0.0025,C1-C2:-0.1630;C1-H5:0.0535;C1-H6:0.1043;C1-H7:0.0535;C2-O3:0.0062;C2-C4:0.1630;C4-H8:0.0466;C4-H9:0.0466;C4-H10:0.1196,True,B,,-0.1172561090710215,0.0,0.0,0.0,0.0,-0.4444241856959864,Shi1972,1.7781,0.8789,B2,,mu
CH3COCH3,8,internal,967.138,bend,,0.0180228412365988,0.0537416387232025,C1-C2:0.0000;C1-H5:-0.0045;C1-H6:0.0000;C1-H7:0.0045;C2-O3:0.0000;C2-C4:0.0000;C4-H8:-0.0045;C4-H9:0.0045;C4-H10:0.0000,C1-C2:0.0019;C1-H5:0.0915;C1-H6:0.0375;C1-H7:0.1110;C2-O3:0.0000;C2-C4:0.0019;C4-H8:0.0915;C4-H9:0.1110;C4-H10:0.0375,True,B,,0.0,0.0,0.0,0.0,0.3293947922528052,0.0,Shi1972,1.2013,0.662,A2,,mu
CH3COCH3,9,internal,1119.248,bend,,0.084107045608047,0.0675283512482636,C1-C2:0.0037;C1-H5:-0.0015;C1-H6:0.0044;C1-H7:-0.0015;C2-O3:0.0621;C2-C4:0.0037;C4-H8:-0.0015;C4-H9:-0.0015;C4-H10:0.0044,C1-C2:0.0082;C1-H5:0.0557;C1-H6:0.1380;C1-H7:0.0557;C2-O3:0.0924;C2-C4:0.0082;C4-H8:0.0557;C4-H9:0.0557;C4-H10:0.1380,True,B,,0.0,0.151271044828953,0.0,0.0,0.0,1.1102230246251566e-17,Shi1972,1.6002,1.1811,A1,,mu
CH3COCH3,10,internal,1177.8616,bend,,0.0100668375879226,0.0623001624564219,C1-C2:0.0000;C1-H5:0.0025;C1-H6:0.0000;C1-H7:-0.0025;C2-O3:0.0000;C2-C4:0.0000;C4-H8:-0.0025;C4-H9:0.0025;C4-H10:0.0000,C1-C2:0.0222;C1-H5:0.1094;C1-H6:0.0562;C1-H7:0.0838;C2-O3:0.0175;C2-C4:0.0222;C4-H8:0.0838;C4-H9:0.1094;C4-H10:0.0562,True,B,,0.0,0.0,0.1032406575604913,-0.2240738224568445,0.0,0.0,Shi1972,1.8014,1.4725,B1,,mu
CH3COCH3,11,internal,1236.6086,stretch,,0.4731975175988686,0.1105017662239113,C1-C2:-0.2339;C1-H5:-0.0008;C1-H6:0.0011;C1-H7:-0.0008;C2-O3:0.0000;C2-C4:0.2339;C4-H8:0.0008;C4-H9:0.0008;C4-H10:-0.0011,C1-C2:-0.2421;C1-H5:0.0412;C1-H6:0.1067;C1-H7:0.0412;C2-O3:0.0617;C2-C4:0.2888;C4-H8:0.0644;C4-H9:0.0644;C4-H10:0.0842,True,S,,-0.0123527924557777,-1.1102230246251566e-17,0.0,0.0,0.0,0.3350034885220526,Shi1972,3.1603,2.8474,B2,,mu
CH3COCH3,12,internal,1458.0536,bend,,0.1017003182448591,0.0793043055510533,C1-C2:-0.0400;C1-H5:0.0039;C1-H6:0.0031;C1-H7:0.0039;C2-O3:0.0000;C2-C4:0.0400;C4-H8:-0.0039;C4-H9:-0.0039;C4-H10:-0.0031,C1-C2:-0.0649;C1-H5:0.1082;C1-H6:0.1046;C1-H7:0.1082;C2-O3:0.0000;C2-C4:0.0649;C4-H8:0.0874;C4-H9:0.0874;C4-H10:0.0880,True,B,,0.5026723615047827,1.1102230246251566e-17,0.0,0.0,0.0,-0.1826879286898361,Shi1972,1.2123,1.5185,B2,,mu
CH3COCH3,13,internal,1467.2297,bend,,0.1111311293174381,0.0881165086188504,C1-C2:-0.0428;C1-H5:0.0039;C1-H6:0.0030;C1-H7:0.0039;C2-O3:0.0037;C2-C4:-0.0428;C4-H8:0.0039;C4-H9:0.0039;C4-H10:0.0030,C1-C2:-0.0668;C1-H5:0.1073;C1-H6:0.1038;C1-H7:0.1073;C2-O3:0.0226;C2-C4:-0.0668;C4-H8:0.1073;C4-H9:0.1073;C4-H10:0.1038,True,B,,0.0,-0.1867113585502081,0.0,0.0,0.0,0.0,Shi1972,1.2046,1.5279,A1,,mu
CH3COCH3,14,internal,1559.3208,bend,,0.1966200541620959,0.0704642035657319,C1-C2:0.0268;C1-H5:-0.0045;C1-H6:0.0029;C1-H7:-0.0045;C2-O3:-0.1194;C2-C4:0.0268;C4-H8:-0.0045;C4-H9:-0.0045;C4-H10:0.0029,C1-C2:0.0345;C1-H5:0.0909;C1-H6:0.0377;C1-H7:0.0909;C2-O3:-0.1263;C2-C4:0.0345;C4-H8:0.0909;C4-H9:0.0909;C4-H10:0.0377,True,B,,0.0,-0.0299864673659168,0.0,0.0,0.0,0.0,Shi1972,1.2218,1.7503,A1,,mu
CH3COCH3,15,internal,1566.5359,bend,,0.0345960225620437,0.0515175237182391,C1-C2:0.0039;C1-H5:-0.0051;C1-H6:0.0033;C1-H7:-0.0051;C2-O3:0.0000;C2-C4:-0.0039;C4-H8:0.0051;C4-H9:0.0051;C4-H10:-0.0033,C1-C2:0.0132;C1-H5:0.0875;C1-H6:0.0380;C1-H7:0.0875;C2-O3:0.0002;C2-C4:-0.0129;C4-H8:0.1065;C4-H9:0.1065;C4-H10:0.0114,True,B,,0.081591272802504,0.0,0.0,0.0,0.0,-0.0959783642387718,Shi1972,1.0455,1.5116,B2,,mu
CH3COCH3,16,internal,1572.7115,bend,,0.0196385977013707,0.0498190062677908,C1-C2:0.0000;C1-H5:0.0049;C1-H6:0.0000;C1-H7:-0.0049;C2-O3:0.0000;C2-C4:0.0000;C4-H8:0.0049;C4-H9:-0.0049;C4-H10:0.0000,C1-C2:0.0004;C1-H5:0.0622;C1-H6:0.1280;C1-H7:0.0336;C2-O3:0.0000;C2-C4:0.0004;C4-H8:0.0622;C4-H9:0.0336;C4-H10:0.1280,True,B,,0.0,0.0,0.0,0.0,0.1971721060649789,0.0,Shi1972,1.054,1.536,A2,,mu
CH3COCH3,17,internal,1591.9115,bend,,0.0174241079513601,0.0485623127414008,C1-C2:0.0000;C1-H5:0.0044;C1-H6:0.0000;C1-H7:-0.0044;C2-O3:0.0000;C2-C4:0.0000;C4-H8:-0.0044;C4-H9:0.0044;C4-H10:0.0000,C1-C2:0.0000;C1-H5:0.0619;C1-H6:0.1183;C1-H7:0.0382;C2-O3:0.0002;C2-C4:0.0000;C4-H8:0.0382;C4-H9:0.0619;C4-H10:0.1183,True,B,,0.0,0.0,0.0462807567943546,-0.1027277990666551,0.0,0.0,Shi1972,1.0454,1.5609,B1,,mu
CH3COCH3,18,internal,1672.6578,stretch,,0.7144954259363608,0.1359406328813595,C1-C2:0.1050;C1-H5:0.0001;C1-H6:0.0003;C1-H7:0.0001;C2-O3:-0.5036;C2-C4:0.1050;C4-H8:0.0001;C4-H9:0.0001;C4-H10:0.0003,C1-C2:0.1850;C1-H5:0.0529;C1-H6:0.0499;C1-H7:0.0529;C2-O3:-0.5419;C2-C4:0.1850;C4-H8:0.0529;C4-H9:0.0529;C4-H10:0.0499,True,S,,0.0,-0.3647516630413186,0.0,0.0,0.0,0.0,Shi1972,3.9743,6.5513,A1,,mu
CH3COCH3,19,internal,3084.3201,stretch,,0.998286968993167,0.2566600664660216,C1-C2:-0.0071;C1-H5:0.1999;C1-H6:0.0923;C1-H7:0.1999;C2-O3:0.0000;C2-C4:0.0071;C4-H8:-0.1999;C4-H9:-0.1999;C4-H10:-0.0923,C1-C2:-0.0220;C1-H5:0.4228;C1-H6:0.2881;C1-H7:0.4228;C2-O3:0.0000;C2-C4:0.0220;C4-H8:-0.4224;C4-H9:-0.4224;C4-H10:-0.2876,True,S,,0.0299268852614567,0.0,0.0,0.0,0.0,0.0485433783738243,Shi1972,1.0333,5.7916,B2,,mu
CH3COCH3,20,internal,3088.6484,stretch,,0.9983158212295896,0.257325532871105,C1-C2:-0.0065;C1-H5:0.1965;C1-H6:0.0997;C1-H7:0.1965;C2-O3:-0.0000;C2-C4:-0.0065;C4-H8:0.1965;C4-H9:0.1965;C4-H10:0.0997,C1-C2:-0.0211;C1-H5:0.4187;C1-H6:0.2991;C1-H7:0.4187;C2-O3:-0.0007;C2-C4:-0.0211;C4-H8:0.4187;C4-H9:0.4187;C4-H10:0.2991,True,S,,0.0,0.0497083897380109,0.0,0.0,0.0,0.0,Shi1972,1.0328,5.8052,A1,,mu
CH3COCH3,21,internal,3150.3398,stretch,,0.9535921781113496,0.2231513395380026,C1-C2:0.0000;C1-H5:0.2384;C1-H6:0.0000;C1-H7:-0.2384;C2-O3:0.0000;C2-C4:0.0000;C4-H8:0.2384;C4-H9:-0.2384;C4-H10:0.0000,C1-C2:0.0009;C1-H5:0.5016;C1-H6:0.0009;C1-H7:-0.5008;C2-O3:0.0000;C2-C4:0.0009;C4-H8:0.5016;C4-H9:-0.5008;C4-H10:0.0009,True,S,,0.0,0.0,0.0,0.0,0.1763878717897911,0.0,Shi1972,1.0986,6.4238,A2,,mu
CH3COCH3,22,internal,3157.0128,stretch,,0.9543615042767396,0.223217699781023,C1-C2:0.0000;C1-H5:0.2386;C1-H6:0.0000;C1-H7:-0.2386;C2-O3:0.0000;C2-C4:0.0000;C4-H8:-0.2386;C4-H9:0.2386;C4-H10:0.0000,C1-C2:0.0009;C1-H5:0.5017;C1-H6:0.0009;C1-H7:-0.5009;C2-O3:0.0000;C2-C4:0.0009;C4-H8:-0.5009;C4-H9:0.5017;C4-H10:0.0009,True,S,,0.0,0.0,-0.2814231717553831,0.0647251038018422,0.0,0.0,Shi1972,1.0989,6.4531,B1,,mu
CH3COCH3,23,internal,3191.4744,stretch,,0.9577929241782818,0.241376811080001,C1-C2:-0.0012;C1-H5:-0.0478;C1-H6:0.3822;C1-H7:-0.0478;C2-O3:0.0000;C2-C4:0.0012;C4-H8:0.0478;C4-H9:0.0478;C4-H10:-0.3822,C1-C2:-0.0015;C1-H5:-0.2221;C1-H6:0.6381;C1-H7:-0.2221;C2-O3:0.0000;C2-C4:0.0032;C4-H8:0.2237;C4-H9:0.2237;C4-H10:-0.6378,True,S,,0.0095536536441461,-1.1102230246251566e-17,0.0,0.0,0.0,0.0583539172073483,Shi1972,1.0999,6.6007,B2,,mu
CH3COCH3,24,internal,3192.6748,stretch,,0.96221547775447,0.2440164307061917,C1-C2:-0.0021;C1-H5:-0.0512;C1-H6:0.3765;C1-H7:-0.0512;C2-O3:0.0001;C2-C4:-0.0021;C4-H8:-0.0512;C4-H9:-0.0512;C4-H10:0.3765,C1-C2:-0.0035;C1-H5:-0.2300;C1-H6:0.6327;C1-H7:-0.2300;C2-O3:0.0037;C2-C4:-0.0035;C4-H8:-0.2300;C4-H9:-0.2300;C4-H10:0.6327,True,S,,0.0,0.1783158979183625,0.0,0.0,0.0,-1.1102230246251566e-17,Shi1972,1.1002,6.6072,A1,,mu
C6H4F2,Tx,external,0.0,translation,,0.0,,,,True,Tx,,1.0,0.0,0.0,0.0,0.0,0.0,,,,,,mu
C6H4F2,Ty,external,0.0,translation,,0.0,,,,True,Ty,,0.0,1.0,0.0,0.0,0.0,-0.2197606479131632,,,,,,mu
C6H4F2,Tz,external,0.0,translation,,0.0,,,,True,Tz,,0.0,0.0,1.0,0.0,0.3333333333333333,0.0,,,,,,mu
C6H4F2,Rx,external,0.0,rotation,,0.0,,,,True,Rx,,0.0,0.0,0.0,1.0,0.0,0.0,,,,,,mu
C6H4F2,Ry,external,0.0,rotation,,0.0,,,,True,Ry,,0.0,0.0,0.3333333333333333,0.0,1.0,0.0,,,,,,mu
C6H4F2,Rz,external,0.0,rotation,,7.871274130056931e-17,,,,True,Rz,,-1.8503717077085938e-17,-0.2197606479131632,0.0,0.0,0.0,1.0,,,,,,mu
C6H4F2,1,internal,193.7443,bend,,0.0,0.0137652504557803,F1-C2:0.0000;C2-C3:0.0000;C2-C7:0.0000;C3-C4:0.0000;C3-H9:0.0000;C4-C5:0.0000;C4-H10:0.0000;C5-C6:0.0000;C5-H11:0.0000;C6-C7:0.0000;C6-H12:0.0000;C7-F8:0.0000,F1-C2:0.0207;C2-C3:0.0163;C2-C7:0.0000;C3-C4:0.0007;C3-H9:0.0103;C4-C5:0.0401;C4-H10:0.0145;C5-C6:0.0007;C5-H11:0.0145;C6-C7:0.0163;C6-H12:0.0103;C7-F8:0.0207,True,B,,0.0,0.0,0.0,-0.3333333333333333,0.0,0.0,Gre1963,6.1896,0.1369,A2,,mu
C6H4F2,2,internal,273.7804,bend,,0.0346081438703501,0.0325853099965995,F1-C2:0.0115;C2-C3:0.0027;C2-C7:0.0018;C3-C4:-0.0022;C3-H9:0.0000;C4-C5:-0.0000;C4-H10:-0.0000;C5-C6:-0.0022;C5-H11:-0.0000;C6-C7:0.0027;C6-H12:0.0000;C7-F8:0.0115,F1-C2:0.1309;C2-C3:0.0220;C2-C7:0.0338;C3-C4:-0.0226;C3-H9:0.0020;C4-C5:-0.0022;C4-H10:-0.0001;C5-C6:-0.0226;C5-H11:-0.0001;C6-C7:0.0220;C6-H12:0.0020;C7-F8:0.1309,True,B,,0.6757274411536655,0.0,0.0,0.0,0.0,0.0,Gre1963,17.618,0.7781,A1,,mu
C6H4F2,3,internal,307.7581,bend,,0.0,0.022578659598968,F1-C2:0.0000;C2-C3:0.0000;C2-C7:0.0000;C3-C4:0.0000;C3-H9:0.0000;C4-C5:0.0000;C4-H10:0.0000;C5-C6:0.0000;C5-H11:0.0000;C6-C7:0.0000;C6-H12:0.0000;C7-F8:0.0000,F1-C2:0.0453;C2-C3:0.0002;C2-C7:0.0000;C3-C4:0.0432;C3-H9:0.0002;C4-C5:0.0000;C4-H10:0.0466;C5-C6:0.0432;C5-H11:0.0466;C6-C7:0.0002;C6-H12:0.0002;C7-F8:0.0453,True,B,,0.0,0.0,0.0,0.0,0.0,0.0,Gre1963,5.3524,0.2987,B1,,mu
C6H4F2,4,internal,439.769,bend,,0.1520916103759418,0.0275362863953289,F1-C2:0.0342;C2-C3:0.0170;C2-C7:0.0000;C3-C4:0.0248;C3-H9:0.0001;C4-C5:0.0000;C4-H10:0.0000;C5-C6:-0.0248;C5-H11:-0.0000;C6-C7:-0.0170;C6-H12:-0.0001;C7-F8:-0.0342,F1-C2:0.0715;C2-C3:0.0483;C2-C7:0.0038;C3-C4:0.0612;C3-H9:0.0485;C4-C5:0.0006;C4-H10:0.0055;C5-C6:-0.0252;C5-H11:0.0033;C6-C7:-0.0163;C6-H12:0.0453;C7-F8:0.0008,True,B,,0.0,-0.088754761569707,0.0,0.0,0.0,0.4941292437399729,Gre1963,6.82,0.7771,B2,,mu
C6H4F2,5,internal,486.0004,bend,,0.0,0.0273665306695265,F1-C2:0.0000;C2-C3:0.0000;C2-C7:0.0000;C3-C4:0.0000;C3-H9:0.0000;C4-C5:0.0000;C4-H10:0.0000;C5-C6:0.0000;C5-H11:0.0000;C6-C7:0.0000;C6-H12:0.0000;C7-F8:0.0000,F1-C2:0.0188;C2-C3:0.0419;C2-C7:0.0000;C3-C4:0.0173;C3-H9:0.0847;C4-C5:0.0000;C4-H10:0.0016;C5-C6:0.0173;C5-H11:0.0016;C6-C7:0.0419;C6-H12:0.0847;C7-F8:0.0188,True,B,,0.0,0.0,0.0,0.0,0.0,0.0,Gre1963,3.0622,0.4261,B1,,mu
C6H4F2,6,internal,549.2351,bend,,0.1130140707044959,0.0325944403304296,F1-C2:0.0405;C2-C3:-0.0158;C2-C7:0.0000;C3-C4:-0.0001;C3-H9:-0.0000;C4-C5:0.0000;C4-H10:-0.0001;C5-C6:0.0001;C5-H11:0.0001;C6-C7:0.0158;C6-H12:0.0000;C7-F8:-0.0405,F1-C2:0.0779;C2-C3:-0.0630;C2-C7:0.0477;C3-C4:0.0005;C3-H9:-0.0008;C4-C5:0.0463;C4-H10:0.0287;C5-C6:0.0025;C5-H11:0.0304;C6-C7:0.0669;C6-H12:0.0044;C7-F8:-0.0221,True,B,,9.251858538542969e-18,-0.1570041107655602,0.0,0.0,0.0,-0.31580172705357,Gre1963,8.5192,1.5141,B2,,mu
C6H4F2,7,internal,574.5605,bend,,0.0,0.0271069136888851,F1-C2:0.0000;C2-C3:0.0000;C2-C7:0.0000;C3-C4:0.0000;C3-H9:0.0000;C4-C5:0.0000;C4-H10:0.0000;C5-C6:0.0000;C5-H11:0.0000;C6-C7:0.0000;C6-H12:0.0000;C7-F8:0.0000,F1-C2:0.0177;C2-C3:0.0002;C2-C7:0.0387;C3-C4:0.0493;C3-H9:0.0006;C4-C5:0.0765;C4-H10:0.0371;C5-C6:0.0493;C5-H11:0.0371;C6-C7:0.0002;C6-H12:0.0006;C7-F8:0.0177,True,B,,0.0,0.0,0.0,0.0,0.0,0.0,Gre1963,4.3438,0.8449,A2,,mu
C6H4F2,8,internal,599.4031,bend,,0.2742533559683389,0.0291503880585613,F1-C2:-0.0255;C2-C3:-0.0675;C2-C7:-0.0000;C3-C4:-0.0430;C3-H9:-0.0001;C4-C5:0.0014;C4-H10:-0.0003;C5-C6:-0.0430;C5-H11:-0.0003;C6-C7:-0.0675;C6-H12:-0.0001;C7-F8:-0.0255,F1-C2:-0.0793;C2-C3:-0.0359;C2-C7:-0.0012;C3-C4:-0.0227;C3-H9:-0.0035;C4-C5:0.0202;C4-H10:0.0228;C5-C6:-0.0227;C5-H11:0.0228;C6-C7:-0.0359;C6-H12:-0.0035;C7-F8:-0.0793,True,B,,0.1334136864315588,0.0,0.0,0.0,0.0,0.0,Gre1963,8.4015,1.7785,A1,,mu
C6H4F2,9,internal,710.4029,bend,,0.0,0.0583599636511524,F1-C2:0.0000;C2-C3:0.0000;C2-C7:0.0000;C3-C4:0.0000;C3-H9:0.0000;C4-C5:0.0000;C4-H10:0.0000;C5-C6:0.0000;C5-H11:0.0000;C6-C7:0.0000;C6-H12:0.0000;C7-F8:0.0000,F1-C2:0.0547;C2-C3:0.0839;C2-C7:0.1655;C3-C4:0.0334;C3-H9:0.0475;C4-C5:0.0409;C4-H10:0.0275;C5-C6:0.0334;C5-H11:0.0275;C6-C7:0.0839;C6-H12:0.0475;C7-F8:0.0547,True,B,,0.0,0.0,0.0,-0.3333333333333333,0.0,0.0,Gre1963,6.4299,1.9119,A2,,mu
C6H4F2,10,internal,769.9264,stretch,,0.5531588425397098,0.0865024364548172,F1-C2:0.1023;C2-C3:0.0564;C2-C7:0.1463;C3-C4:0.0406;C3-H9:0.0005;C4-C5:0.0065;C4-H10:0.0005;C5-C6:0.0406;C5-H11:0.0005;C6-C7:0.0564;C6-H12:0.0005;C7-F8:0.1023,F1-C2:0.1455;C2-C3:0.1162;C2-C7:0.2080;C3-C4:0.0754;C3-H9:0.0233;C4-C5:0.0435;C4-H10:0.0328;C5-C6:0.0754;C5-H11:0.0328;C6-C7:0.1162;C6-H12:0.0233;C7-F8:0.1455,True,S,,-0.3364086715158845,9.251858538542969e-18,0.0,0.0,0.0,-4.625929269271485e-18,Gre1963,6.1346,2.1426,A1,,mu
C6H4F2,11,internal,782.5829,bend,,0.0,0.0410445695872832,F1-C2:0.0000;C2-C3:0.0000;C2-C7:0.0000;C3-C4:0.0000;C3-H9:0.0000;C4-C5:0.0000;C4-H10:0.0000;C5-C6:0.0000;C5-H11:0.0000;C6-C7:0.0000;C6-H12:0.0000;C7-F8:0.0000,F1-C2:0.0013;C2-C3:0.0026;C2-C7:0.0000;C3-C4:0.0002;C3-H9:0.0525;C4-C5:0.0000;C4-H10:0.1896;C5-C6:0.0002;C5-H11:0.1896;C6-C7:0.0026;C6-H12:0.0525;C7-F8:0.0013,True,B,,0.0,0.0,0.0,0.0,0.0,0.0,Gre1963,1.247,0.45,B1,,mu
C6H4F2,12,internal,873.9484,bend,,0.0,0.0442191428707429,F1-C2:0.0000;C2-C3:0.0000;C2-C7:0.0000;C3-C4:0.0000;C3-H9:0.0000;C4-C5:0.0000;C4-H10:0.0000;C5-C6:0.0000;C5-H11:0.0000;C6-C7:0.0000;C6-H12:0.0000;C7-F8:0.0000,F1-C2:0.0009;C2-C3:0.0058;C2-C7:0.0025;C3-C4:0.0007;C3-H9:0.2070;C4-C5:0.0024;C4-H10:0.0484;C5-C6:0.0007;C5-H11:0.0484;C6-C7:0.0058;C6-H12:0.2070;C7-F8:0.0009,True,B,,0.0,0.0,0.0,0.0,0.0,0.0,Gre1963,1.3427,0.6042,A2,,mu
C6H4F2,13,internal,891.3749,SB,,0.2015744087114099,0.065458069056309,F1-C2:-0.0805;C2-C3:-0.0119;C2-C7:0.0000;C3-C4:-0.0081;C3-H9:-0.0002;C4-C5:0.0000;C4-H10:-0.0001;C5-C6:0.0081;C5-H11:0.0001;C6-C7:0.0119;C6-H12:0.0002;C7-F8:0.0805,F1-C2:-0.1631;C2-C3:-0.0634;C2-C7:0.0008;C3-C4:0.0257;C3-H9:0.0450;C4-C5:0.0937;C4-H10:0.0210;C5-C6:0.0529;C5-H11:0.0273;C6-C7:0.0675;C6-H12:0.0508;C7-F8:0.1742,True,B,,9.251858538542969e-18,0.2536835635090096,0.0,0.0,0.0,0.0437448162068198,Gre1963,6.3191,2.9582,B2,,mu
C6H4F2,14,internal,940.9344,bend,,0.0,0.0420077912556654,F1-C2:0.0000;C2-C3:0.0000;C2-C7:0.0000;C3-C4:0.0000;C3-H9:0.0000;C4-C5:0.0000;C4-H10:0.0000;C5-C6:0.0000;C5-H11:0.0000;C6-C7:0.0000;C6-H12:0.0000;C7-F8:0.0000,F1-C2:0.0002;C2-C3:0.0000;C2-C7:0.0007;C3-C4:0.0033;C3-H9:0.0535;C4-C5:0.0070;C4-H10:0.1912;C5-C6:0.0033;C5-H11:0.1912;C6-C7:0.0000;C6-H12:0.0535;C7-F8:0.0002,True,B,,0.0,0.0,0.0,0.0,0.0,0.0,Gre1963,1.1961,0.6239,A2,,mu
C6H4F2,15,internal,945.8495,bend,,0.0,0.0461706895359847,F1-C2:0.0000;C2-C3:0.0000;C2-C7:0.0000;C3-C4:0.0000;C3-H9:0.0000;C4-C5:0.0000;C4-H10:0.0000;C5-C6:0.0000;C5-H11:0.0000;C6-C7:0.0000;C6-H12:0.0000;C7-F8:0.0000,F1-C2:0.0005;C2-C3:0.0052;C2-C7:0.0000;C3-C4:0.0073;C3-H9:0.1964;C4-C5:0.0000;C4-H10:0.0676;C5-C6:0.0073;C5-H11:0.0676;C6-C7:0.0052;C6-H12:0.1964;C7-F8:0.0005,True,B,,0.0,0.0,0.0,0.0,0.0,0.0,Gre1963,1.3776,0.7261,B1,,mu
C6H4F2,16,internal,1045.816,bend,,0.5374474919945066,0.0671660215093953,F1-C2:-0.0033;C2-C3:-0.0027;C2-C7:-0.0110;C3-C4:0.1274;C3-H9:0.0030;C4-C5:0.2508;C4-H10:0.0014;C5-C6:0.1274;C5-H11:0.0014;C6-C7:-0.0027;C6-H12:0.0030;C7-F8:-0.0033,F1-C2:-0.0135;C2-C3:0.0010;C2-C7:-0.0430;C3-C4:0.1308;C3-H9:0.1063;C4-C5:0.2041;C4-H10:0.0278;C5-C6:0.1308;C5-H11:0.0278;C6-C7:0.0010;C6-H12:0.1063;C7-F8:-0.0135,True,S,,0.0676356353998973,1.1564823173178713e-17,0.0,0.0,0.0,9.251858538542969e-18,Gre1963,2.2916,1.4768,A1,,mu
C6H4F2,17,internal,1142.1605,bend,,0.418508026574988,0.0635853216101846,F1-C2:0.0284;C2-C3:0.0590;C2-C7:0.0000;C3-C4:0.1199;C3-H9:0.0015;C4-C5:0.0000;C4-H10:0.0004;C5-C6:-0.1199;C5-H11:-0.0004;C6-C7:-0.0590;C6-H12:-0.0015;C7-F8:-0.0284,F1-C2:0.0580;C2-C3:0.0823;C2-C7:0.0000;C3-C4:0.1467;C3-H9:0.0571;C4-C5:0.0007;C4-H10:0.0791;C5-C6:-0.1309;C5-H11:0.0745;C6-C7:-0.0468;C6-H12:0.0350;C7-F8:-0.0519,True,B,,0.0,-0.1057686604343771,0.0,0.0,0.0,0.0012374557462417,Gre1963,2.1414,1.6459,B2,,mu
C6H4F2,18,internal,1233.4181,bend,,0.2559821693405279,0.0506308237986105,F1-C2:-0.0022;C2-C3:0.0073;C2-C7:0.0000;C3-C4:-0.0464;C3-H9:-0.0008;C4-C5:0.1402;C4-H10:0.0011;C5-C6:-0.0464;C5-H11:0.0011;C6-C7:0.0073;C6-H12:-0.0008;C7-F8:-0.0022,F1-C2:-0.0120;C2-C3:0.0232;C2-C7:0.0010;C3-C4:-0.0585;C3-H9:0.0417;C4-C5:0.1073;C4-H10:0.1141;C5-C6:-0.0585;C5-H11:0.1141;C6-C7:0.0232;C6-H12:0.0417;C7-F8:-0.0120,True,B,,-0.1798694798680443,3.1803263726241466e-18,0.0,0.0,0.0,0.0,Gre1963,1.1683,1.0472,A1,,mu
C6H4F2,19,internal,1258.976,SB,,0.5498079714895013,0.0877878650867992,F1-C2:-0.1698;C2-C3:-0.0583;C2-C7:0.0000;C3-C4:0.0461;C3-H9:0.0005;C4-C5:0.0000;C4-H10:0.0001;C5-C6:-0.0461;C5-H11:-0.0001;C6-C7:0.0583;C6-H12:-0.0005;C7-F8:0.1698,F1-C2:-0.2071;C2-C3:-0.0823;C2-C7:0.0133;C3-C4:0.1079;C3-H9:0.0853;C4-C5:0.0095;C4-H10:0.0260;C5-C6:-0.0938;C5-H11:0.0217;C6-C7:0.1142;C6-H12:0.0762;C7-F8:0.2162,True,S,,0.0,-0.2077512908657133,0.0,0.0,0.0,0.0279491161334937,Gre1963,3.1437,2.9358,B2,,mu
C6H4F2,20,internal,1320.1777,stretch,,0.7852145459569373,0.1789368210622569,F1-C2:-0.1146;C2-C3:-0.0167;C2-C7:0.1256;C3-C4:0.1634;C3-H9:0.0008;C4-C5:-0.0680;C4-H10:0.0003;C5-C6:0.1634;C5-H11:0.0003;C6-C7:-0.0167;C6-H12:0.0008;C7-F8:-0.1146,F1-C2:-0.2145;C2-C3:-0.0869;C2-C7:0.2524;C3-C4:0.2866;C3-H9:0.2442;C4-C5:-0.1851;C4-H10:0.0227;C5-C6:0.2866;C5-H11:0.0227;C6-C7:-0.0869;C6-H12:0.2442;C7-F8:-0.2145,True,S,,-0.3417142581854399,0.0,0.0,0.0,0.0,0.0,Gre1963,4.2983,4.4138,A1,,mu
C6H4F2,21,internal,1321.9033,bend,,0.290561626641394,0.0788346928448022,F1-C2:0.0925;C2-C3:-0.0359;C2-C7:0.0000;C3-C4:-0.0163;C3-H9:0.0001;C4-C5:0.0000;C4-H10:-0.0005;C5-C6:0.0163;C5-H11:0.0005;C6-C7:0.0359;C6-H12:-0.0001;C7-F8:-0.0925,F1-C2:0.1157;C2-C3:-0.0862;C2-C7:0.0231;C3-C4:-0.0508;C3-H9:0.1787;C4-C5:0.0016;C4-H10:0.0280;C5-C6:0.0523;C5-H11:0.0368;C6-C7:0.0862;C6-H12:0.1784;C7-F8:-0.1082,True,B,,0.0,-0.0089258001135394,0.0,0.0,0.0,0.0068368138413643,Gre1963,1.7499,1.8016,B2,,mu
C6H4F2,22,internal,1336.8962,stretch,,0.7586909666006564,0.1552596233862188,F1-C2:-0.0982;C2-C3:0.1788;C2-C7:-0.0798;C3-C4:-0.0216;C3-H9:0.0004;C4-C5:0.0785;C4-H10:0.0013;C5-C6:-0.0216;C5-H11:0.0013;C6-C7:0.1788;C6-H12:0.0004;C7-F8:-0.0982,F1-C2:-0.1447;C2-C3:0.2927;C2-C7:-0.1946;C3-C4:-0.1007;C3-H9:0.0286;C4-C5:0.1923;C4-H10:0.1714;C5-C6:-0.1007;C5-H11:0.1714;C6-C7:0.2927;C6-H12:0.0286;C7-F8:-0.1447,True,S,,-0.3900152814576982,-2.312964634635743e-18,0.0,0.0,0.0,9.251858538542969e-18,Gre1963,3.7258,3.9234,A1,,mu
C6H4F2,23,internal,1504.022,stretch,,0.3065027073866178,0.0941687697378993,F1-C2:-0.0264;C2-C3:0.0462;C2-C7:0.0000;C3-C4:0.0772;C3-H9:0.0006;C4-C5:0.0000;C4-H10:0.0029;C5-C6:-0.0772;C5-H11:-0.0029;C6-C7:-0.0462;C6-H12:-0.0006;C7-F8:0.0264,F1-C2:-0.0602;C2-C3:0.1029;C2-C7:0.0088;C3-C4:0.1269;C3-H9:0.0207;C4-C5:0.0146;C4-H10:0.2557;C5-C6:-0.1223;C5-H11:0.2400;C6-C7:-0.1024;C6-H12:-0.0123;C7-F8:0.0632,True,B,,0.0,0.257303172880389,0.0,0.0,0.0,-0.29048940661654,Gre1963,1.8737,2.4972,B2,,mu
C6H4F2,24,internal,1556.6763,stretch,,0.5433592874112513,0.1352523848701984,F1-C2:0.0785;C2-C3:-0.0963;C2-C7:-0.0513;C3-C4:0.0226;C3-H9:-0.0028;C4-C5:0.0887;C4-H10:0.0015;C5-C6:0.0226;C5-H11:0.0015;C6-C7:-0.0963;C6-H12:-0.0028;C7-F8:0.0785,F1-C2:0.1587;C2-C3:-0.1556;C2-C7:-0.1403;C3-C4:0.0625;C3-H9:0.1699;C4-C5:0.1839;C4-H10:0.1027;C5-C6:0.0625;C5-H11:0.1027;C6-C7:-0.1556;C6-H12:0.1699;C7-F8:0.1587,True,S,,-0.1443222564555558,-6.938893903907228e-18,0.0,0.0,0.0,-9.251858538542969e-18,Gre1963,2.7331,3.9021,A1,,mu
C6H4F2,25,internal,1610.0352,stretch,,0.6816315501067451,0.1868120819091535,F1-C2:-0.0481;C2-C3:-0.0505;C2-C7:0.2387;C3-C4:-0.0589;C3-H9:-0.0001;C4-C5:0.1267;C4-H10:0.0004;C5-C6:-0.0589;C5-H11:0.0004;C6-C7:-0.0505;C6-H12:-0.0001;C7-F8:-0.0481,F1-C2:-0.1335;C2-C3:-0.0967;C2-C7:0.5615;C3-C4:-0.2023;C3-H9:0.0056;C4-C5:0.4074;C4-H10:0.1983;C5-C6:-0.2023;C5-H11:0.1983;C6-C7:-0.0967;C6-H12:0.0056;C7-F8:-0.1335,True,S,,-0.0967366726766592,9.251858538542969e-18,0.0,0.0,0.0,4.625929269271485e-18,Gre1963,7.0124,10.7099,A1,,mu
C6H4F2,26,internal,1624.5221,stretch,,0.6232778804432639,0.2033996792731375,F1-C2:0.0432;C2-C3:-0.1558;C2-C7:0.0000;C3-C4:0.1114;C3-H9:-0.0009;C4-C5:0.0000;C4-H10:0.0003;C5-C6:-0.1114;C5-H11:-0.0003;C6-C7:0.1558;C6-H12:0.0009;C7-F8:-0.0432,F1-C2:0.1844;C2-C3:-0.3584;C2-C7:0.0695;C3-C4:0.3345;C3-H9:0.2447;C4-C5:0.0282;C4-H10:0.0509;C5-C6:-0.3108;C5-H11:0.0232;C6-C7:0.3993;C6-H12:0.2672;C7-F8:-0.1697,True,S,,0.0,0.183764743990192,0.0,0.0,0.0,0.0760783791283029,Gre1963,5.7476,8.9369,B2,,mu
C6H4F2,27,internal,3210.6711,stretch,,0.9164127096601978,0.1501388238778737,F1-C2:0.0000;C2-C3:-0.0008;C2-C7:0.0000;C3-C4:0.0077;C3-H9:0.0365;C4-C5:0.0000;C4-H10:-0.4132;C5-C6:-0.0077;C5-H11:0.4132;C6-C7:0.0008;C6-H12:-0.0365;C7-F8:-0.0000,F1-C2:0.0002;C2-C3:-0.0069;C2-C7:0.0000;C3-C4:0.0171;C3-H9:0.2009;C4-C5:0.0026;C4-H10:-0.6755;C5-C6:-0.0149;C5-H11:0.6755;C6-C7:0.0070;C6-H12:-0.2009;C7-F8:-0.0002,True,S,,1.7564075194265172e-17,0.1220454873654008,0.0,0.0,0.0,0.3232003722127257,Gre1963,1.088,6.6082,B2,,mu
C6H4F2,28,internal,3225.3326,stretch,,0.9430294288872334,0.1700433832731345,F1-C2:0.0000;C2-C3:-0.0032;C2-C7:0.0000;C3-C4:0.0032;C3-H9:0.1403;C4-C5:0.0162;C4-H10:-0.3168;C5-C6:0.0032;C5-H11:-0.3168;C6-C7:-0.0032;C6-H12:0.1403;C7-F8:0.0000,F1-C2:0.0007;C2-C3:-0.0134;C2-C7:0.0001;C3-C4:0.0074;C3-H9:0.3912;C4-C5:0.0403;C4-H10:-0.5874;C5-C6:0.0074;C5-H11:-0.5874;C6-C7:-0.0134;C6-H12:0.3912;C7-F8:0.0007,True,S,,-0.0071231516438879,0.0,0.0,0.0,0.0,0.0,Gre1963,1.0911,6.6877,A1,,mu
C6H4F2,29,internal,3238.8897,stretch,,0.9685752708669936,0.155382826492455,F1-C2:0.0000;C2-C3:-0.0097;C2-C7:0.0000;C3-C4:-0.0118;C3-H9:0.4252;C4-C5:0.0000;C4-H10:0.0376;C5-C6:0.0118;C5-H11:-0.0376;C6-C7:0.0097;C6-H12:-0.4252;C7-F8:-0.0000,F1-C2:0.0015;C2-C3:-0.0219;C2-C7:0.0000;C3-C4:-0.0294;C3-H9:0.6773;C4-C5:0.0003;C4-H10:0.2011;C5-C6:0.0300;C5-H11:-0.2011;C6-C7:0.0233;C6-H12:-0.6773;C7-F8:-0.0014,True,S,,2.6020852139652106e-18,0.1087816519488343,0.0,0.0,0.0,0.1029563695529999,Gre1963,1.0925,6.7523,B2,,mu
C6H4F2,30,internal,3244.345,stretch,,0.9855766461854782,0.1745920681832454,F1-C2:0.0001;C2-C3:-0.0074;C2-C7:-0.0000;C3-C4:-0.0112;C3-H9:0.3264;C4-C5:-0.0067;C4-H10:0.1445;C5-C6:-0.0112;C5-H11:0.1445;C6-C7:-0.0074;C6-H12:0.3264;C7-F8:0.0001,F1-C2:0.0021;C2-C3:-0.0191;C2-C7:-0.0000;C3-C4:-0.0324;C3-H9:0.5894;C4-C5:-0.0256;C4-H10:0.3918;C5-C6:-0.0324;C5-H11:0.3918;C6-C7:-0.0191;C6-H12:0.5894;C7-F8:0.0021,True,S,,-0.0135803197016049,-1.8503717077085938e-17,0.0,0.0,0.0,0.0,Gre1963,1.0966,6.801,A1,,mu
XeF2Cl2,Tx,external,0.0,translation,,0.0,,,,True,Tx,,1.0,0.0,0.0,0.0,0.0,0.0,,,,,,mu
XeF2Cl2,Ty,external,0.0,translation,,0.0,,,,True,Ty,,0.0,1.0,0.0,0.0,0.0,0.0,,,,,,mu
XeF2Cl2,Tz,external,0.0,translation,,0.0,,,,True,Tz,,0.0,0.0,1.0,0.0,0.0,0.0,,,,,,mu
XeF2Cl2,Rx,external,0.0,rotation,,0.0,,,,True,Rx,,0.0,0.0,0.0,1.0,0.0,0.0,,,,,,mu
XeF2Cl2,Ry,external,0.0,rotation,,0.0,,,,True,Ry,,0.0,0.0,0.0,0.0,1.0,0.0,,,,,,mu
XeF2Cl2,Rz,external,0.0,rotation,,0.0,,,,True,Rz,,0.0,0.0,0.0,0.0,0.0,1.0,,,,,,mu
XeF2Cl2,1,internal,86.2832,bend,,0.0001330914040461,0.0327596625614401,Xe1-F2:-0.0001;Xe1-F3:0.0001;Xe1-Cl4:0.0000;Xe1-Cl5:0.0000,Xe1-F2:-0.0067;Xe1-F3:0.0067;Xe1-Cl4:0.0588;Xe1-Cl5:0.0588,True,B,,0.0,-0.2,0.0,0.0,0.0,0.0,manual,38.9979,0.1711,B2U,,mu
XeF2Cl2,2,internal,98.1742,bend,,0.0,0.0247696953609031,Xe1-F2:0.0000;Xe1-F3:0.0000;Xe1-Cl4:0.0000;Xe1-Cl5:0.0000,Xe1-F2:0.0049;Xe1-F3:0.0049;Xe1-Cl4:0.0446;Xe1-Cl5:0.0446,True,B,,0.0,0.0,-0.2,0.0,0.0,0.0,manual,33.7467,0.1916,B3U,,mu
XeF2Cl2,3,internal,153.0795,bend,,0.0,0.0294167279350113,Xe1-F2:0.0000;Xe1-F3:0.0000;Xe1-Cl4:0.0000;Xe1-Cl5:0.0000,Xe1-F2:0.0530;Xe1-F3:0.0530;Xe1-Cl4:0.0058;Xe1-Cl5:0.0058,True,B,,0.0,0.0,0.0,0.0,0.0,0.0,manual,21.4154,0.2957,B3G,,mu
XeF2Cl2,4,internal,185.5812,bend,,0.0370267580515234,0.0585798761614517,Xe1-F2:0.0000;Xe1-F3:0.0000;Xe1-Cl4:-0.0185;Xe1-Cl5:0.0185,Xe1-F2:0.0718;Xe1-F3:0.0718;Xe1-Cl4:-0.0453;Xe1-Cl5:0.0453,True,B,,-0.2,0.0,0.0,0.0,0.0,0.0,manual,21.1623,0.4294,B1U,,mu
XeF2Cl2,5,internal,223.908,stretch,,1.0,0.1430446688535621,Xe1-F2:-0.0001;Xe1-F3:-0.0001;Xe1-Cl4:0.4999;Xe1-Cl5:0.4999,Xe1-F2:-0.0079;Xe1-F3:-0.0079;Xe1-Cl4:0.2782;Xe1-Cl5:0.2782,True,S,,0.0,0.0,0.0,0.0,0.0,0.0,manual,34.9612,1.0327,AG,,mu
XeF2Cl2,6,internal,249.44,bend,,0.0,0.0565149023403604,Xe1-F2:0.0000;Xe1-F3:0.0000;Xe1-Cl4:0.0000;Xe1-Cl5:0.0000,Xe1-F2:0.1041;Xe1-F3:0.1041;Xe1-Cl4:0.0089;Xe1-Cl5:0.0089,True,B,,0.0,0.0,0.6000000000000001,0.0,0.0,0.0,manual,26.0863,0.9563,B3U,,mu
XeF2Cl2,7,internal,335.4075,stretch,,0.8466927828781553,0.2189764641422244,Xe1-F2:0.0000;Xe1-F3:0.0000;Xe1-Cl4:-0.4233;Xe1-Cl5:0.4233,Xe1-F2:0.0393;Xe1-F3:0.0393;Xe1-Cl4:-0.3987;Xe1-Cl5:0.3987,True,S,,-0.6000000000000001,0.0,0.0,0.0,0.0,0.0,manual,48.2791,3.2,B1U,,mu
XeF2Cl2,8,internal,560.0966,stretch,,1.0,0.1806655111363218,Xe1-F2:0.4999;Xe1-F3:0.4999;Xe1-Cl4:0.0001;Xe1-Cl5:0.0001,Xe1-F2:0.3580;Xe1-F3:0.3580;Xe1-Cl4:0.0033;Xe1-Cl5:0.0033,True,S,,0.0,0.0,0.0,0.0,0.0,0.0,manual,19.0007,3.5119,AG,,mu
XeF2Cl2,9,internal,674.4876,stretch,,0.9166446935026996,0.2282334560431738,Xe1-F2:0.4583;Xe1-F3:-0.4583;Xe1-Cl4:0.0000;Xe1-Cl5:0.0000,Xe1-F2:0.4531;Xe1-F3:-0.4531;Xe1-Cl4:0.0033;Xe1-Cl5:0.0033,True,S,,0.0,0.6000000000000001,0.0,0.0,0.0,0.0,manual,23.627,6.333,B2U,,mu
C2H4,Tx,external,0.0,translation,,0.0,,,,True,Tx,,1.0,0.0,0.0,0.0,0.0,0.0,,,,,,mu
C2H4,Ty,external,0.0,translation,,0.0,,,,True,Ty,,0.0,1.0,0.0,0.0,0.0,0.0,,,,,,mu
C2H4,Tz,external,0.0,translation,,0.0,,,,True,Tz,,0.0,0.0,1.0,0.0,0.0,0.0,,,,,,mu
C2H4,Rx,external,0.0,rotation,,0.0,,,,True,Rx,,0.0,0.0,0.0,1.0,0.0,0.0,,,,,,mu
C2H4,Ry,external,0.0,rotation,,0.0,,,,True,Ry,,0.0,0.0,0.0,0.0,1.0,0.0,,,,,,mu
C2H4,Rz,external,0.0,rotation,,2.2021628700840334e-17,,,,True,Rz,,0.0,0.0,0.0,0.0,0.0,1.0,,,,,,mu
C2H4,1,internal,893.1411,bend,,0.0162989507043886,0.0870071583288332,C1-C2:0.0000;C1-H3:-0.0041;C1-H4:0.0041;C2-H5:0.0041;C2-H6:-0.0041,C1-C2:0.0000;C1-H3:0.1017;C1-H4:0.1158;C2-H5:0.1158;C2-H6:0.1017,True,B,,0.0,0.0111793905989211,0.0,0.0,0.0,0.0,Shi1972,1.0439,0.4906,B2U,,mu
C2H4,2,internal,980.6391,bend,,0.0,0.1339130118944484,C1-C2:0.0000;C1-H3:0.0000;C1-H4:0.0000;C2-H5:0.0000;C2-H6:0.0000,C1-C2:0.0254;C1-H3:0.1610;C1-H4:0.1610;C2-H5:0.1610;C2-H6:0.1610,True,B,,0.0,0.0,0.0,0.0,0.3333333333333333,0.0,Shi1972,1.5168,0.8594,B2G,,mu
C2H4,3,internal,1005.2585,bend,,0.0,0.1069784198774798,C1-C2:0.0000;C1-H3:0.0000;C1-H4:0.0000;C2-H5:0.0000;C2-H6:0.0000,C1-C2:0.0000;C1-H3:0.1337;C1-H4:0.1337;C2-H5:0.1337;C2-H6:0.1337,True,B,,0.0,0.0,0.3333333333333333,0.0,0.0,0.0,Shi1972,1.1607,0.6911,B3U,,mu
C2H4,4,internal,1091.8923,bend,,0.0,0.080767276497246,C1-C2:0.0000;C1-H3:0.0000;C1-H4:0.0000;C2-H5:0.0000;C2-H6:0.0000,C1-C2:0.0000;C1-H3:0.1010;C1-H4:0.1010;C2-H5:0.1010;C2-H6:0.1010,True,B,,0.0,0.0,0.0,0.0,0.0,0.0,Shi1972,1.0078,0.7079,AU,,mu
C2H4,5,internal,1304.7454,bend,,0.0108111493065384,0.1032243966282802,C1-C2:0.0000;C1-H3:-0.0027;C1-H4:0.0027;C2-H5:-0.0027;C2-H6:0.0027,C1-C2:0.0258;C1-H3:0.1152;C1-H4:0.1299;C2-H5:0.1152;C2-H6:0.1299,True,B,,0.0,0.0,0.0,0.0,0.0,-0.2063259633389923,Shi1972,1.5242,1.5288,B3G,,mu
C2H4,6,internal,1434.0945,bend,,0.5729001689644194,0.1035885162425174,C1-C2:0.5385;C1-H3:0.0086;C1-H4:0.0086;C2-H5:0.0086;C2-H6:0.0086,C1-C2:0.2228;C1-H3:0.0738;C1-H4:0.0738;C2-H5:0.0738;C2-H6:0.0738,True,S,,0.0,0.0,0.0,0.0,0.0,0.0,Shi1972,1.4984,1.8156,AG,,mu
C2H4,7,internal,1572.0867,bend,,0.0184528624375776,0.0985497660820498,C1-C2:0.0000;C1-H3:0.0046;C1-H4:0.0046;C2-H5:-0.0046;C2-H6:-0.0046,C1-C2:0.0000;C1-H3:0.1316;C1-H4:0.1316;C2-H5:0.1148;C2-H6:0.1148,True,B,,0.2136614229533178,0.0,0.0,0.0,0.0,0.0,Shi1972,1.1112,1.6181,B1U,,mu
C2H4,8,internal,1694.0731,stretch,,0.4595175321727275,0.2102963365088566,C1-C2:0.4432;C1-H3:0.0041;C1-H4:0.0041;C2-H5:0.0041;C2-H6:0.0041,C1-C2:0.3381;C1-H3:0.1783;C1-H4:0.1783;C2-H5:0.1783;C2-H6:0.1783,True,S,,0.0,0.0,0.0,0.0,0.0,0.0,Shi1972,2.1376,3.6144,AG,,mu
C2H4,9,internal,3174.2537,stretch,,0.9986370632030552,0.3842573554681293,C1-C2:0.0000;C1-H3:0.2497;C1-H4:0.2497;C2-H5:-0.2497;C2-H6:-0.2497,C1-C2:0.0000;C1-H3:0.4807;C1-H4:0.4807;C2-H5:-0.4799;C2-H6:-0.4799,True,S,,0.0082031646737321,0.0,0.0,0.0,0.0,0.0,Shi1972,1.0484,6.2237,B1U,,mu
C2H4,10,internal,3193.2764,stretch,,0.9976812479185552,0.4048446539218685,C1-C2:-0.0635;C1-H3:0.2335;C1-H4:0.2335;C2-H5:0.2335;C2-H6:0.2335,C1-C2:-0.0808;C1-H3:0.4859;C1-H4:0.4859;C2-H5:0.4859;C2-H6:0.4859,True,S,,0.0,0.0,0.0,0.0,0.0,0.0,Shi1972,1.0723,6.4422,AG,,mu
C2H4,11,internal,3249.5174,stretch,,0.9085083455385168,0.4106544839215774,C1-C2:0.0000;C1-H3:0.2271;C1-H4:-0.2271;C2-H5:0.2271;C2-H6:-0.2271,C1-C2:0.0053;C1-H3:0.5125;C1-H4:-0.5115;C2-H5:0.5125;C2-H6:-0.5115,True,S,,0.0,0.0,0.0,0.0,0.0,-0.0950975092832703,Shi1972,1.1124,6.9208,B3G,,mu
C2H4,12,internal,3278.9852,stretch,,0.998649505651932,0.4103333644562228,C1-C2:0.0000;C1-H3:0.2497;C1-H4:-0.2497;C2-H5:-0.2497;C2-H6:0.2497,C1-C2:0.0000;C1-H3:0.5134;C1-H4:-0.5124;C2-H5:-0.5124;C2-H6:0.5134,True,S,,0.0,0.2269908113551615,0.0,0.0,0.0,0.0,Shi1972,1.1163,7.0714,B2U,,mu
C10H8,Tx,external,0.0,translation,,0.0,,,,True,Tx,,1.0,0.0,0.0,0.0,0.0,1.2335811384723961e-17,,,,,,mu
C10H8,Ty,external,0.0,translation,,0.0,,,,True,Ty,,0.0,1.0,0.0,0.0,0.0,0.0,,,,,,mu
C10H8,Tz,external,0.0,translation,,0.0,,,,True,Tz,,0.0,0.0,1.0,0.0,0.0,0.0,,,,,,mu
C10H8,Rx,external,0.0,rotation,,0.0,,,,True,Rx,,0.0,0.0,0.0,1.0,0.0,0.0,,,,,,mu
C10H8,Ry,external,0.0,rotation,,0.0,,,,True,Ry,,0.0,0.0,0.0,0.0,1.0,0.0,,,,,,mu
C10H8,Rz,external,0.0,rotation,,4.342210443191902e-18,,,,True,Rz,,-1.2335811384723961e-17,1.2335811384723961e-17,0.0,0.0,0.0,1.0,,,,,,mu
C10H8,1,internal,162.8024,bend,,0.0,0.0096713511592862,C1-C2:0.0000;C1-C10:0.0000;C1-H11:0.0000;C2-C3:0.0000;C2-H12:0.0000;C3-C4:0.0000;C3-H13:0.0000;C4-C5:0.0000;C4-C9:0.0000;C5-C6:0.0000;C5-H14:0.0000;C6-C7:0.0000;C6-H15:0.0000;C7-C8:0.0000;C7-H16:0.0000;C8-C9:0.0000;C8-H17:0.0000;C9-C10:0.0000;C10-H18:0.0000,C1-C2:0.0000;C1-C10:0.0207;C1-H11:0.0198;C2-C3:0.0207;C2-H12:0.0198;C3-C4:0.0054;C3-H13:0.0000;C4-C5:0.0054;C4-C9:0.0000;C5-C6:0.0207;C5-H14:0.0000;C6-C7:0.0000;C6-H15:0.0198;C7-C8:0.0207;C7-H16:0.0198;C8-C9:0.0054;C8-H17:0.0000;C9-C10:0.0054;C10-H18:0.0000,True,B,,0.0,0.0,0.1111111111111111,0.0,0.0,0.0,Lip1955,4.273,0.0667,B3U,,mu
C10H8,2,internal,183.4495,bend,,0.0,0.0078357506531231,C1-C2:0.0000;C1-C10:0.0000;C1-H11:0.0000;C2-C3:0.0000;C2-H12:0.0000;C3-C4:0.0000;C3-H13:0.0000;C4-C5:0.0000;C4-C9:0.0000;C5-C6:0.0000;C5-H14:0.0000;C6-C7:0.0000;C6-H15:0.0000;C7-C8:0.0000;C7-H16:0.0000;C8-C9:0.0000;C8-H17:0.0000;C9-C10:0.0000;C10-H18:0.0000,C1-C2:0.0203;C1-C10:0.0004;C1-H11:0.0093;C2-C3:0.0004;C2-H12:0.0093;C3-C4:0.0080;C3-H13:0.0093;C4-C5:0.0080;C4-C9:0.0000;C5-C6:0.0004;C5-H14:0.0093;C6-C7:0.0203;C6-H15:0.0093;C7-C8:0.0004;C7-H16:0.0093;C8-C9:0.0080;C8-H17:0.0093;C9-C10:0.0080;C10-H18:0.0093,True,B,,0.0,0.0,0.0,0.0,0.0,0.0,Lip1955,3.3863,0.0671,AU,,mu
C10H8,3,internal,371.6783,bend,,0.1327608407860665,0.0146403377419999,C1-C2:0.0000;C1-C10:0.0155;C1-H11:0.0000;C2-C3:-0.0155;C2-H12:-0.0000;C3-C4:-0.0176;C3-H13:-0.0000;C4-C5:-0.0176;C4-C9:0.0000;C5-C6:-0.0155;C5-H14:-0.0000;C6-C7:0.0000;C6-H15:-0.0000;C7-C8:0.0155;C7-H16:0.0000;C8-C9:0.0176;C8-H17:0.0000;C9-C10:0.0176;C10-H18:0.0000,C1-C2:0.0026;C1-C10:0.0322;C1-H11:0.0066;C2-C3:-0.0104;C2-H12:0.0047;C3-C4:-0.0133;C3-H13:0.0174;C4-C5:-0.0133;C4-C9:0.0000;C5-C6:-0.0104;C5-H14:0.0174;C6-C7:0.0026;C6-H15:0.0047;C7-C8:0.0322;C7-H16:0.0066;C8-C9:0.0336;C8-H17:0.0183;C9-C10:0.0336;C10-H18:0.0183,True,B,,0.0,-0.1854465374010532,0.0,0.0,0.0,0.0,Lip1955,3.8426,0.3128,B1U,,mu
C10H8,4,internal,380.4111,bend,,0.0,0.0113702107252907,C1-C2:0.0000;C1-C10:0.0000;C1-H11:0.0000;C2-C3:0.0000;C2-H12:0.0000;C3-C4:0.0000;C3-H13:0.0000;C4-C5:0.0000;C4-C9:0.0000;C5-C6:0.0000;C5-H14:0.0000;C6-C7:0.0000;C6-H15:0.0000;C7-C8:0.0000;C7-H16:0.0000;C8-C9:0.0000;C8-H17:0.0000;C9-C10:0.0000;C10-H18:0.0000,C1-C2:0.0000;C1-C10:0.0243;C1-H11:0.0022;C2-C3:0.0243;C2-H12:0.0022;C3-C4:0.0102;C3-H13:0.0173;C4-C5:0.0102;C4-C9:0.0000;C5-C6:0.0243;C5-H14:0.0173;C6-C7:0.0000;C6-H15:0.0022;C7-C8:0.0243;C7-H16:0.0022;C8-C9:0.0102;C8-H17:0.0173;C9-C10:0.0102;C10-H18:0.0173,True,B,,0.0,0.0,0.0,0.0,0.0,0.0,Lip1955,3.322,0.2832,B1G,,mu
C10H8,5,internal,439.0293,bend,,0.0,0.0192473471949472,C1-C2:0.0000;C1-C10:0.0000;C1-H11:0.0000;C2-C3:0.0000;C2-H12:0.0000;C3-C4:0.0000;C3-H13:0.0000;C4-C5:0.0000;C4-C9:0.0000;C5-C6:0.0000;C5-H14:0.0000;C6-C7:0.0000;C6-H15:0.0000;C7-C8:0.0000;C7-H16:0.0000;C8-C9:0.0000;C8-H17:0.0000;C9-C10:0.0000;C10-H18:0.0000,C1-C2:0.0191;C1-C10:0.0071;C1-H11:0.0345;C2-C3:0.0071;C2-H12:0.0345;C3-C4:0.0187;C3-H13:0.0002;C4-C5:0.0187;C4-C9:0.0852;C5-C6:0.0071;C5-H14:0.0002;C6-C7:0.0191;C6-H15:0.0345;C7-C8:0.0071;C7-H16:0.0345;C8-C9:0.0187;C8-H17:0.0002;C9-C10:0.0187;C10-H18:0.0002,True,B,,0.0,0.0,0.0,-0.1111111111111111,0.0,0.0,Lip1955,3.9286,0.4461,B2G,,mu
C10H8,6,internal,456.9152,bend,,0.0,0.0184434007122937,C1-C2:0.0000;C1-C10:0.0000;C1-H11:0.0000;C2-C3:0.0000;C2-H12:0.0000;C3-C4:0.0000;C3-H13:0.0000;C4-C5:0.0000;C4-C9:0.0000;C5-C6:0.0000;C5-H14:0.0000;C6-C7:0.0000;C6-H15:0.0000;C7-C8:0.0000;C7-H16:0.0000;C8-C9:0.0000;C8-H17:0.0000;C9-C10:0.0000;C10-H18:0.0000,C1-C2:0.0000;C1-C10:0.0103;C1-H11:0.0066;C2-C3:0.0103;C2-H12:0.0066;C3-C4:0.0300;C3-H13:0.0406;C4-C5:0.0300;C4-C9:0.0000;C5-C6:0.0103;C5-H14:0.0406;C6-C7:0.0000;C6-H15:0.0066;C7-C8:0.0103;C7-H16:0.0066;C8-C9:0.0300;C8-H17:0.0406;C9-C10:0.0300;C10-H18:0.0406,True,B,,0.0,0.0,-0.3333333333333333,0.0,0.0,0.0,Lip1955,3.0507,0.3753,B3U,,mu
C10H8,7,internal,526.5777,bend,,0.4485742127460548,0.0290752102894627,C1-C2:-0.0000;C1-C10:0.0287;C1-H11:0.0002;C2-C3:0.0287;C2-H12:0.0002;C3-C4:0.0830;C3-H13:0.0001;C4-C5:0.0830;C4-C9:-0.0009;C5-C6:0.0287;C5-H14:0.0001;C6-C7:-0.0000;C6-H15:0.0002;C7-C8:0.0287;C7-H16:0.0002;C8-C9:0.0830;C8-H17:0.0001;C9-C10:0.0830;C10-H18:0.0001,C1-C2:-0.0005;C1-C10:0.0408;C1-H11:0.0082;C2-C3:0.0408;C2-H12:0.0082;C3-C4:0.0825;C3-H13:0.0038;C4-C5:0.0825;C4-C9:-0.0104;C5-C6:0.0408;C5-H14:0.0038;C6-C7:-0.0005;C6-H15:0.0082;C7-C8:0.0408;C7-H16:0.0082;C8-C9:0.0825;C8-H17:0.0038;C9-C10:0.0825;C10-H18:0.0038,True,S,,0.0,6.167905692361981e-18,0.0,0.0,0.0,-6.167905692361981e-18,Lip1955,6.5826,1.0754,AG,,mu
C10H8,8,internal,532.1542,bend,,0.0846334356624891,0.0247437973094852,C1-C2:0.0000;C1-C10:0.0005;C1-H11:0.0000;C2-C3:-0.0005;C2-H12:-0.0000;C3-C4:0.0207;C3-H13:0.0000;C4-C5:-0.0207;C4-C9:0.0000;C5-C6:0.0005;C5-H14:-0.0000;C6-C7:0.0000;C6-H15:0.0000;C7-C8:-0.0005;C7-H16:-0.0000;C8-C9:0.0207;C8-H17:0.0000;C9-C10:-0.0207;C10-H18:-0.0000,C1-C2:0.0343;C1-C10:0.0112;C1-H11:0.0178;C2-C3:-0.0112;C2-H12:0.0178;C3-C4:0.0590;C3-H13:0.0076;C4-C5:-0.0520;C4-C9:0.0354;C5-C6:0.0112;C5-H14:0.0064;C6-C7:0.0343;C6-H15:0.0178;C7-C8:-0.0112;C7-H16:0.0178;C8-C9:0.0590;C8-H17:0.0076;C9-C10:-0.0520;C10-H18:0.0064,True,B,,0.0,-1.2335811384723961e-17,0.0,0.0,0.0,0.1876133085767821,Lip1955,7.0864,1.1824,B3G,,mu
C10H8,9,internal,553.732,bend,,0.0,0.0537254394673631,C1-C2:0.0000;C1-C10:0.0000;C1-H11:0.0000;C2-C3:0.0000;C2-H12:0.0000;C3-C4:0.0000;C3-H13:0.0000;C4-C5:0.0000;C4-C9:0.0000;C5-C6:0.0000;C5-H14:0.0000;C6-C7:0.0000;C6-H15:0.0000;C7-C8:0.0000;C7-H16:0.0000;C8-C9:0.0000;C8-H17:0.0000;C9-C10:0.0000;C10-H18:0.0000,C1-C2:0.0760;C1-C10:0.0719;C1-H11:0.0023;C2-C3:0.0719;C2-H12:0.0023;C3-C4:0.0853;C3-H13:0.0292;C4-C5:0.0853;C4-C9:0.1136;C5-C6:0.0719;C5-H14:0.0292;C6-C7:0.0760;C6-H15:0.0023;C7-C8:0.0719;C7-H16:0.0023;C8-C9:0.0853;C8-H17:0.0292;C9-C10:0.0853;C10-H18:0.0292,True,B,,0.0,0.0,0.0,-0.5555555555555556,0.0,0.0,Lip1955,10.0647,1.8182,B2G,,mu
C10H8,10,internal,591.3519,bend,,0.0,0.021657673483947,C1-C2:0.0000;C1-C10:0.0000;C1-H11:0.0000;C2-C3:0.0000;C2-H12:0.0000;C3-C4:0.0000;C3-H13:0.0000;C4-C5:0.0000;C4-C9:0.0000;C5-C6:0.0000;C5-H14:0.0000;C6-C7:0.0000;C6-H15:0.0000;C7-C8:0.0000;C7-H16:0.0000;C8-C9:0.0000;C8-H17:0.0000;C9-C10:0.0000;C10-H18:0.0000,C1-C2:0.0563;C1-C10:0.0545;C1-H11:0.0051;C2-C3:0.0545;C2-H12:0.0051;C3-C4:0.0118;C3-H13:0.0033;C4-C5:0.0118;C4-C9:0.0000;C5-C6:0.0545;C5-H14:0.0033;C6-C7:0.0563;C6-H15:0.0051;C7-C8:0.0545;C7-H16:0.0051;C8-C9:0.0118;C8-H17:0.0033;C9-C10:0.0118;C10-H18:0.0033,True,B,,0.0,0.0,0.0,0.0,0.0,0.0,Lip1955,5.7513,1.185,AU,,mu
C10H8,11,internal,653.335,bend,,0.0804987971961555,0.0222596071581311,C1-C2:-0.0071;C1-C10:0.0069;C1-H11:-0.0001;C2-C3:0.0069;C2-H12:-0.0001;C3-C4:-0.0096;C3-H13:0.0000;C4-C5:0.0096;C4-C9:0.0000;C5-C6:-0.0069;C5-H14:-0.0000;C6-C7:0.0071;C6-H15:0.0001;C7-C8:-0.0069;C7-H16:0.0001;C8-C9:0.0096;C8-H17:-0.0000;C9-C10:-0.0096;C10-H18:0.0000,C1-C2:-0.0550;C1-C10:0.0387;C1-H11:0.0258;C2-C3:0.0387;C2-H12:0.0258;C3-C4:0.0084;C3-H13:0.0002;C4-C5:0.0431;C4-C9:0.0000;C5-C6:0.0113;C5-H14:-0.0002;C6-C7:0.0550;C6-H15:0.0288;C7-C8:0.0113;C7-H16:0.0288;C8-C9:0.0431;C8-H17:-0.0002;C9-C10:0.0084;C10-H18:0.0002,True,B,,0.0465588727222503,0.0,0.0,0.0,0.0,6.167905692361981e-18,Lip1955,6.5395,1.6446,B2U,,mu
C10H8,12,internal,704.8208,bend,,0.0,0.0265318843761252,C1-C2:0.0000;C1-C10:0.0000;C1-H11:0.0000;C2-C3:0.0000;C2-H12:0.0000;C3-C4:0.0000;C3-H13:0.0000;C4-C5:0.0000;C4-C9:0.0000;C5-C6:0.0000;C5-H14:0.0000;C6-C7:0.0000;C6-H15:0.0000;C7-C8:0.0000;C7-H16:0.0000;C8-C9:0.0000;C8-H17:0.0000;C9-C10:0.0000;C10-H18:0.0000,C1-C2:0.0000;C1-C10:0.0001;C1-H11:0.0586;C2-C3:0.0001;C2-H12:0.0586;C3-C4:0.0006;C3-H13:0.0667;C4-C5:0.0006;C4-C9:0.0000;C5-C6:0.0001;C5-H14:0.0667;C6-C7:0.0000;C6-H15:0.0586;C7-C8:0.0001;C7-H16:0.0586;C8-C9:0.0006;C8-H17:0.0667;C9-C10:0.0006;C10-H18:0.0667,True,B,,0.0,0.0,0.0,0.0,0.0,0.0,Lip1955,1.1564,0.3385,B1G,,mu
C10H8,13,internal,761.6029,bend,,0.4739784302869582,0.0395717684432377,C1-C2:-0.0043;C1-C10:-0.0180;C1-H11:-0.0004;C2-C3:-0.0180;C2-H12:-0.0004;C3-C4:-0.0394;C3-H13:-0.0003;C4-C5:-0.0394;C4-C9:-0.2329;C5-C6:-0.0180;C5-H14:-0.0003;C6-C7:-0.0043;C6-H15:-0.0004;C7-C8:-0.0180;C7-H16:-0.0004;C8-C9:-0.0394;C8-H17:-0.0003;C9-C10:-0.0394;C10-H18:-0.0003,C1-C2:-0.0313;C1-C10:-0.0088;C1-H11:0.0106;C2-C3:-0.0088;C2-H12:0.0106;C3-C4:-0.0938;C3-H13:0.0019;C4-C5:-0.0938;C4-C9:-0.2288;C5-C6:-0.0088;C5-H14:0.0019;C6-C7:-0.0313;C6-H15:0.0106;C7-C8:-0.0088;C7-H16:0.0106;C8-C9:-0.0938;C8-H17:0.0019;C9-C10:-0.0938;C10-H18:0.0019,True,S,,0.0,-2.4671622769447922e-17,0.0,0.0,0.0,0.0,Lip1955,4.8913,1.6716,AG,,mu
C10H8,14,internal,763.1645,bend,,0.0,0.0278868935119355,C1-C2:0.0000;C1-C10:0.0000;C1-H11:0.0000;C2-C3:0.0000;C2-H12:0.0000;C3-C4:0.0000;C3-H13:0.0000;C4-C5:0.0000;C4-C9:0.0000;C5-C6:0.0000;C5-H14:0.0000;C6-C7:0.0000;C6-H15:0.0000;C7-C8:0.0000;C7-H16:0.0000;C8-C9:0.0000;C8-H17:0.0000;C9-C10:0.0000;C10-H18:0.0000,C1-C2:0.0000;C1-C10:0.0002;C1-H11:0.0669;C2-C3:0.0002;C2-H12:0.0669;C3-C4:0.0045;C3-H13:0.0609;C4-C5:0.0045;C4-C9:0.0000;C5-C6:0.0002;C5-H14:0.0609;C6-C7:0.0000;C6-H15:0.0669;C7-C8:0.0002;C7-H16:0.0669;C8-C9:0.0045;C8-H17:0.0609;C9-C10:0.0045;C10-H18:0.0609,True,B,,0.0,0.0,0.1111111111111111,0.0,0.0,0.0,Lip1955,1.3459,0.4618,B3U,,mu
C10H8,15,internal,813.1268,bend,,0.0,0.0278327900300464,C1-C2:0.0000;C1-C10:0.0000;C1-H11:0.0000;C2-C3:0.0000;C2-H12:0.0000;C3-C4:0.0000;C3-H13:0.0000;C4-C5:0.0000;C4-C9:0.0000;C5-C6:0.0000;C5-H14:0.0000;C6-C7:0.0000;C6-H15:0.0000;C7-C8:0.0000;C7-H16:0.0000;C8-C9:0.0000;C8-H17:0.0000;C9-C10:0.0000;C10-H18:0.0000,C1-C2:0.0029;C1-C10:0.0000;C1-H11:0.0304;C2-C3:0.0000;C2-H12:0.0304;C3-C4:0.0007;C3-H13:0.0996;C4-C5:0.0007;C4-C9:0.0000;C5-C6:0.0000;C5-H14:0.0996;C6-C7:0.0029;C6-H15:0.0304;C7-C8:0.0000;C7-H16:0.0304;C8-C9:0.0007;C8-H17:0.0996;C9-C10:0.0007;C10-H18:0.0996,True,B,,0.0,0.0,0.0,0.0,0.0,0.0,Lip1955,1.2658,0.4931,AU,,mu
C10H8,16,internal,822.494,bend,,0.0,0.027683012496149,C1-C2:0.0000;C1-C10:0.0000;C1-H11:0.0000;C2-C3:0.0000;C2-H12:0.0000;C3-C4:0.0000;C3-H13:0.0000;C4-C5:0.0000;C4-C9:0.0000;C5-C6:0.0000;C5-H14:0.0000;C6-C7:0.0000;C6-H15:0.0000;C7-C8:0.0000;C7-H16:0.0000;C8-C9:0.0000;C8-H17:0.0000;C9-C10:0.0000;C10-H18:0.0000,C1-C2:0.0034;C1-C10:0.0000;C1-H11:0.0261;C2-C3:0.0000;C2-H12:0.0261;C3-C4:0.0006;C3-H13:0.1030;C4-C5:0.0006;C4-C9:0.0000;C5-C6:0.0000;C5-H14:0.1030;C6-C7:0.0034;C6-H15:0.0261;C7-C8:0.0000;C7-H16:0.0261;C8-C9:0.0006;C8-H17:0.1030;C9-C10:0.0006;C10-H18:0.1030,True,B,,0.0,0.0,0.0,0.1111111111111111,0.0,0.0,Lip1955,1.2787,0.5097,B2G,,mu
C10H8,17,internal,823.5911,bend,,0.1597854536188277,0.0426271580588292,C1-C2:0.0000;C1-C10:0.0064;C1-H11:0.0001;C2-C3:-0.0064;C2-H12:-0.0001;C3-C4:-0.0334;C3-H13:-0.0001;C4-C5:-0.0334;C4-C9:0.0000;C5-C6:-0.0064;C5-H14:-0.0001;C6-C7:0.0000;C6-H15:-0.0001;C7-C8:0.0064;C7-H16:0.0001;C8-C9:0.0334;C8-H17:0.0001;C9-C10:0.0334;C10-H18:0.0001,C1-C2:0.0591;C1-C10:0.0287;C1-H11:0.0244;C2-C3:-0.0102;C2-H12:0.0208;C3-C4:-0.1138;C3-H13:0.0147;C4-C5:-0.1138;C4-C9:0.0000;C5-C6:-0.0102;C5-H14:0.0147;C6-C7:0.0591;C6-H15:0.0208;C7-C8:0.0287;C7-H16:0.0244;C8-C9:0.1142;C8-H17:0.0191;C9-C10:0.1142;C10-H18:0.0191,True,B,,0.0,-0.2231266562401697,0.0,0.0,0.0,-2.4671622769447922e-17,Lip1955,5.5235,2.2074,B1U,,mu
C10H8,18,internal,900.2875,bend,,0.0,0.0288691005588654,C1-C2:0.0000;C1-C10:0.0000;C1-H11:0.0000;C2-C3:0.0000;C2-H12:0.0000;C3-C4:0.0000;C3-H13:0.0000;C4-C5:0.0000;C4-C9:0.0000;C5-C6:0.0000;C5-H14:0.0000;C6-C7:0.0000;C6-H15:0.0000;C7-C8:0.0000;C7-H16:0.0000;C8-C9:0.0000;C8-H17:0.0000;C9-C10:0.0000;C10-H18:0.0000,C1-C2:0.0000;C1-C10:0.0031;C1-H11:0.0736;C2-C3:0.0031;C2-H12:0.0736;C3-C4:0.0007;C3-H13:0.0598;C4-C5:0.0007;C4-C9:0.0000;C5-C6:0.0031;C5-H14:0.0598;C6-C7:0.0000;C6-H15:0.0736;C7-C8:0.0031;C7-H16:0.0736;C8-C9:0.0007;C8-H17:0.0598;C9-C10:0.0007;C10-H18:0.0598,True,B,,0.0,0.0,0.0,0.0,0.0,0.0,Lip1955,1.271,0.6069,B1G,,mu
C10H8,19,internal,900.5384,bend,,0.0,0.026174030342551,C1-C2:0.0000;C1-C10:0.0000;C1-H11:0.0000;C2-C3:0.0000;C2-H12:0.0000;C3-C4:0.0000;C3-H13:0.0000;C4-C5:0.0000;C4-C9:0.0000;C5-C6:0.0000;C5-H14:0.0000;C6-C7:0.0000;C6-H15:0.0000;C7-C8:0.0000;C7-H16:0.0000;C8-C9:0.0000;C8-H17:0.0000;C9-C10:0.0000;C10-H18:0.0000,C1-C2:0.0022;C1-C10:0.0011;C1-H11:0.0919;C2-C3:0.0011;C2-H12:0.0919;C3-C4:0.0001;C3-H13:0.0302;C4-C5:0.0001;C4-C9:0.0000;C5-C6:0.0011;C5-H14:0.0302;C6-C7:0.0022;C6-H15:0.0919;C7-C8:0.0011;C7-H16:0.0919;C8-C9:0.0001;C8-H17:0.0302;C9-C10:0.0001;C10-H18:0.0302,True,B,,0.0,0.0,0.0,0.0,0.0,0.0,Lip1955,1.1212,0.5357,AU,,mu
C10H8,20,internal,902.3001,bend,,0.0,0.0288445471190768,C1-C2:0.0000;C1-C10:0.0000;C1-H11:0.0000;C2-C3:0.0000;C2-H12:0.0000;C3-C4:0.0000;C3-H13:0.0000;C4-C5:0.0000;C4-C9:0.0000;C5-C6:0.0000;C5-H14:0.0000;C6-C7:0.0000;C6-H15:0.0000;C7-C8:0.0000;C7-H16:0.0000;C8-C9:0.0000;C8-H17:0.0000;C9-C10:0.0000;C10-H18:0.0000,C1-C2:0.0000;C1-C10:0.0031;C1-H11:0.0681;C2-C3:0.0031;C2-H12:0.0681;C3-C4:0.0008;C3-H13:0.0651;C4-C5:0.0008;C4-C9:0.0000;C5-C6:0.0031;C5-H14:0.0651;C6-C7:0.0000;C6-H15:0.0681;C7-C8:0.0031;C7-H16:0.0681;C8-C9:0.0008;C8-H17:0.0651;C9-C10:0.0008;C10-H18:0.0651,True,B,,0.0,0.0,-0.1111111111111111,0.0,0.0,0.0,Lip1955,1.2673,0.6079,B3U,,mu
C10H8,21,internal,920.1052,bend,,0.0,0.0261501830045438,C1-C2:0.0000;C1-C10:0.0000;C1-H11:0.0000;C2-C3:0.0000;C2-H12:0.0000;C3-C4:0.0000;C3-H13:0.0000;C4-C5:0.0000;C4-C9:0.0000;C5-C6:0.0000;C5-H14:0.0000;C6-C7:0.0000;C6-H15:0.0000;C7-C8:0.0000;C7-H16:0.0000;C8-C9:0.0000;C8-H17:0.0000;C9-C10:0.0000;C10-H18:0.0000,C1-C2:0.0023;C1-C10:0.0010;C1-H11:0.0944;C2-C3:0.0010;C2-H12:0.0944;C3-C4:0.0004;C3-H13:0.0264;C4-C5:0.0004;C4-C9:0.0030;C5-C6:0.0010;C5-H14:0.0264;C6-C7:0.0023;C6-H15:0.0944;C7-C8:0.0010;C7-H16:0.0944;C8-C9:0.0004;C8-H17:0.0264;C9-C10:0.0004;C10-H18:0.0264,True,B,,0.0,0.0,0.0,0.1111111111111111,0.0,0.0,Lip1955,1.1893,0.5932,B2G,,mu
C10H8,22,internal,971.1753,bend,,0.1913256466783076,0.0304227587682155,C1-C2:0.0000;C1-C10:0.0219;C1-H11:0.0000;C2-C3:-0.0219;C2-H12:-0.0000;C3-C4:-0.0258;C3-H13:-0.0001;C4-C5:0.0258;C4-C9:0.0000;C5-C6:0.0219;C5-H14:0.0001;C6-C7:0.0000;C6-H15:0.0000;C7-C8:-0.0219;C7-H16:-0.0000;C8-C9:-0.0258;C8-H17:-0.0001;C9-C10:0.0258;C10-H18:0.0001,C1-C2:0.0174;C1-C10:0.0796;C1-H11:0.0046;C2-C3:-0.0004;C2-H12:0.0026;C3-C4:-0.0644;C3-H13:0.0115;C4-C5:0.0876;C4-C9:0.0006;C5-C6:0.0796;C5-H14:0.0205;C6-C7:0.0174;C6-H15:0.0046;C7-C8:-0.0004;C7-H16:0.0026;C8-C9:-0.0644;C8-H17:0.0115;C9-C10:0.0876;C10-H18:0.0205,True,B,,1.2335811384723961e-17,0.0,0.0,0.0,0.0,-0.2878802432330127,Lip1955,5.1263,2.8487,B3G,,mu
C10H8,23,internal,1018.2375,stretch,,0.7128420288556354,0.0571784103780756,C1-C2:0.2314;C1-C10:0.0472;C1-H11:0.0009;C2-C3:0.0472;C2-H12:0.0009;C3-C4:0.0135;C3-H13:0.0009;C4-C5:-0.0135;C4-C9:0.0000;C5-C6:-0.0472;C5-H14:-0.0009;C6-C7:-0.2314;C6-H15:-0.0009;C7-C8:-0.0472;C7-H16:-0.0009;C8-C9:-0.0135;C8-H17:-0.0009;C9-C10:0.0135;C10-H18:0.0009,C1-C2:0.2182;C1-C10:0.0823;C1-H11:0.0253;C2-C3:0.0823;C2-H12:0.0253;C3-C4:0.0476;C3-H13:0.0355;C4-C5:-0.0463;C4-C9:0.0000;C5-C6:-0.0700;C5-H14:0.0176;C6-C7:-0.2182;C6-H15:-0.0006;C7-C8:-0.0700;C7-H16:-0.0006;C8-C9:-0.0463;C8-H17:0.0176;C9-C10:0.0476;C10-H18:0.0355,True,S,,-0.2841548874348734,0.0,0.0,0.0,0.0,1.2335811384723961e-17,Lip1955,3.2227,1.9687,B2U,,mu
C10H8,24,internal,1031.5824,bend,,0.5378026765835757,0.0535586421217291,C1-C2:0.1836;C1-C10:0.0303;C1-H11:0.0005;C2-C3:0.0303;C2-H12:0.0005;C3-C4:0.0026;C3-H13:0.0009;C4-C5:0.0026;C4-C9:-0.0335;C5-C6:0.0303;C5-H14:0.0009;C6-C7:0.1836;C6-H15:0.0005;C7-C8:0.0303;C7-H16:0.0005;C8-C9:0.0026;C8-H17:0.0009;C9-C10:0.0026;C10-H18:0.0009,C1-C2:0.1914;C1-C10:0.0625;C1-H11:0.0163;C2-C3:0.0625;C2-H12:0.0163;C3-C4:0.0099;C3-H13:0.0498;C4-C5:0.0099;C4-C9:-0.0810;C5-C6:0.0625;C5-H14:0.0498;C6-C7:0.1914;C6-H15:0.0163;C7-C8:0.0625;C7-H16:0.0163;C8-C9:0.0099;C8-H17:0.0498;C9-C10:0.0099;C10-H18:0.0498,True,S,,-6.167905692361981e-18,-6.167905692361981e-18,0.0,0.0,0.0,0.0,Lip1955,2.5022,1.5688,AG,,mu
C10H8,25,internal,1171.7394,bend,,0.3667698888473922,0.0441651715741354,C1-C2:0.0000;C1-C10:0.0427;C1-H11:0.0002;C2-C3:-0.0427;C2-H12:-0.0002;C3-C4:-0.0482;C3-H13:-0.0005;C4-C5:-0.0482;C4-C9:0.0000;C5-C6:-0.0427;C5-H14:-0.0005;C6-C7:0.0000;C6-H15:-0.0002;C7-C8:0.0427;C7-H16:0.0002;C8-C9:0.0482;C8-H17:0.0005;C9-C10:0.0482;C10-H18:0.0005,C1-C2:0.0001;C1-C10:0.0848;C1-H11:0.0470;C2-C3:-0.0732;C2-H12:0.0438;C3-C4:-0.0522;C3-H13:0.0144;C4-C5:-0.0522;C4-C9:0.0000;C5-C6:-0.0732;C5-H14:0.0144;C6-C7:0.0001;C6-H15:0.0438;C7-C8:0.0848;C7-H16:0.0470;C8-C9:0.0771;C8-H17:0.0271;C9-C10:0.0771;C10-H18:0.0271,True,B,,0.0,-0.2100452645952208,0.0,0.0,0.0,-2.4671622769447922e-17,Lip1955,2.1968,1.777,B1U,,mu
C10H8,26,internal,1198.2343,bend,,0.3326742235843251,0.041707894474074,C1-C2:0.0000;C1-C10:-0.0749;C1-H11:-0.0006;C2-C3:0.0749;C2-H12:0.0006;C3-C4:0.0069;C3-H13:0.0008;C4-C5:-0.0069;C4-C9:0.0000;C5-C6:-0.0749;C5-H14:-0.0008;C6-C7:0.0000;C6-H15:-0.0006;C7-C8:0.0749;C7-H16:0.0006;C8-C9:0.0069;C8-H17:0.0008;C9-C10:-0.0069;C10-H18:-0.0008,C1-C2:0.0044;C1-C10:-0.0981;C1-H11:0.0451;C2-C3:0.0982;C2-H12:0.0503;C3-C4:0.0276;C3-H13:0.0260;C4-C5:-0.0274;C4-C9:0.0066;C5-C6:-0.0981;C5-H14:0.0160;C6-C7:0.0044;C6-H15:0.0451;C7-C8:0.0982;C7-H16:0.0503;C8-C9:0.0276;C8-H17:0.0260;C9-C10:-0.0274;C10-H18:0.0160,True,B,,0.0,0.0,0.0,0.0,0.0,-0.2011262537587707,Lip1955,1.5749,1.3322,B3G,,mu
C10H8,27,internal,1209.0796,bend,,0.7066178196727345,0.0673459031319779,C1-C2:-0.0185;C1-C10:0.0258;C1-H11:-0.0000;C2-C3:0.0258;C2-H12:-0.0000;C3-C4:-0.1408;C3-H13:-0.0007;C4-C5:0.1408;C4-C9:0.0000;C5-C6:-0.0258;C5-H14:0.0007;C6-C7:0.0185;C6-H15:0.0000;C7-C8:-0.0258;C7-H16:0.0000;C8-C9:0.1408;C8-H17:0.0007;C9-C10:-0.1408;C10-H18:-0.0007,C1-C2:-0.0598;C1-C10:0.0712;C1-H11:0.0016;C2-C3:0.0712;C2-H12:0.0016;C3-C4:-0.1544;C3-H13:0.0549;C4-C5:0.1595;C4-C9:0.0000;C5-C6:-0.0707;C5-H14:0.0635;C6-C7:0.0598;C6-H15:0.0041;C7-C8:-0.0707;C7-H16:0.0041;C8-C9:0.1595;C8-H17:0.0635;C9-C10:-0.1544;C10-H18:0.0549,True,S,,-0.1053365353492807,0.0,0.0,0.0,0.0,-1.2335811384723961e-17,Lip1955,2.0237,1.743,B2U,,mu
C10H8,28,internal,1234.5335,bend,,0.2293721224307907,0.0387428436015871,C1-C2:0.0116;C1-C10:-0.0031;C1-H11:0.0001;C2-C3:-0.0031;C2-H12:0.0001;C3-C4:-0.0221;C3-H13:-0.0000;C4-C5:-0.0221;C4-C9:0.1047;C5-C6:-0.0031;C5-H14:-0.0000;C6-C7:0.0116;C6-H15:0.0001;C7-C8:-0.0031;C7-H16:0.0001;C8-C9:-0.0221;C8-H17:-0.0000;C9-C10:-0.0221;C10-H18:-0.0000,C1-C2:0.0342;C1-C10:-0.0119;C1-H11:0.0684;C2-C3:-0.0119;C2-H12:0.0684;C3-C4:-0.0349;C3-H13:0.0263;C4-C5:-0.0349;C4-C9:0.1017;C5-C6:-0.0119;C5-H14:0.0263;C6-C7:0.0342;C6-H15:0.0684;C7-C8:-0.0119;C7-H16:0.0684;C8-C9:-0.0349;C8-H17:0.0263;C9-C10:-0.0349;C10-H18:0.0263,True,B,,0.0,-2.312964634635743e-18,0.0,0.0,0.0,-6.167905692361981e-18,Lip1955,1.1689,1.0496,AG,,mu
C10H8,29,internal,1251.0547,bend,,0.4167196697055695,0.0497945828173912,C1-C2:0.0197;C1-C10:-0.0269;C1-H11:-0.0013;C2-C3:-0.0269;C2-H12:-0.0013;C3-C4:-0.0658;C3-H13:-0.0003;C4-C5:0.0658;C4-C9:0.0000;C5-C6:0.0269;C5-H14:0.0003;C6-C7:-0.0197;C6-H15:0.0013;C7-C8:0.0269;C7-H16:0.0013;C8-C9:0.0658;C8-H17:0.0003;C9-C10:-0.0658;C10-H18:-0.0003,C1-C2:0.0448;C1-C10:-0.0508;C1-H11:0.0729;C2-C3:-0.0508;C2-H12:0.0729;C3-C4:-0.0807;C3-H13:-0.0036;C4-C5:0.0810;C4-C9:0.0000;C5-C6:0.0515;C5-H14:0.0076;C6-C7:-0.0448;C6-H15:0.0801;C7-C8:0.0515;C7-H16:0.0801;C8-C9:0.0810;C8-H17:0.0076;C9-C10:-0.0807;C10-H18:-0.0036,True,B,,0.0137261172016879,0.0,0.0,0.0,0.0,-1.2335811384723961e-17,Lip1955,1.4716,1.357,B2U,,mu
C10H8,30,internal,1299.8137,bend,,0.2376976119594537,0.0453262107909131,C1-C2:0.0000;C1-C10:0.0038;C1-H11:0.0001;C2-C3:-0.0038;C2-H12:-0.0001;C3-C4:-0.0542;C3-H13:-0.0013;C4-C5:0.0542;C4-C9:0.0000;C5-C6:0.0038;C5-H14:0.0013;C6-C7:0.0000;C6-H15:0.0001;C7-C8:-0.0038;C7-H16:-0.0001;C8-C9:-0.0542;C8-H17:-0.0013;C9-C10:0.0542;C10-H18:0.0013,C1-C2:0.0012;C1-C10:0.0201;C1-H11:0.0054;C2-C3:-0.0192;C2-H12:-0.0008;C3-C4:-0.0898;C3-H13:0.0904;C4-C5:0.0919;C4-C9:0.0227;C5-C6:0.0201;C5-H14:0.1005;C6-C7:0.0012;C6-H15:0.0054;C7-C8:-0.0192;C7-H16:-0.0008;C8-C9:-0.0898;C8-H17:0.0904;C9-C10:0.0919;C10-H18:0.1005,True,B,,0.0,0.0,0.0,0.0,0.0,0.0590910426953192,Lip1955,1.6251,1.6177,B3G,,mu
C10H8,31,internal,1315.3576,stretch,,0.4537884795468705,0.0468690874171587,C1-C2:0.0000;C1-C10:0.0209;C1-H11:-0.0000;C2-C3:-0.0209;C2-H12:0.0000;C3-C4:0.0924;C3-H13:-0.0001;C4-C5:0.0924;C4-C9:0.0000;C5-C6:-0.0209;C5-H14:-0.0001;C6-C7:0.0000;C6-H15:0.0000;C7-C8:0.0209;C7-H16:-0.0000;C8-C9:-0.0924;C8-H17:0.0001;C9-C10:-0.0924;C10-H18:0.0001,C1-C2:0.0018;C1-C10:0.0498;C1-H11:0.0066;C2-C3:-0.0458;C2-H12:0.0067;C3-C4:0.1106;C3-H13:0.0616;C4-C5:0.1106;C4-C9:0.0000;C5-C6:-0.0458;C5-H14:0.0616;C6-C7:0.0018;C6-H15:0.0067;C7-C8:0.0498;C7-H16:0.0066;C8-C9:-0.0994;C8-H17:0.0630;C9-C10:-0.0994;C10-H18:0.0630,True,S,,0.0,-0.2781040425776162,0.0,0.0,0.0,-2.4671622769447922e-17,Lip1955,1.881,1.9175,B1U,,mu
C10H8,32,internal,1368.2397,stretch,,0.9208961907230532,0.1510837802601007,C1-C2:0.0321;C1-C10:-0.0594;C1-H11:-0.0000;C2-C3:-0.0594;C2-H12:-0.0000;C3-C4:0.0824;C3-H13:-0.0001;C4-C5:0.0824;C4-C9:-0.2889;C5-C6:-0.0594;C5-H14:-0.0001;C6-C7:0.0321;C6-H15:-0.0000;C7-C8:-0.0594;C7-H16:-0.0000;C8-C9:0.0824;C8-H17:-0.0001;C9-C10:0.0824;C10-H18:-0.0001,C1-C2:0.1702;C1-C10:-0.2339;C1-H11:-0.0071;C2-C3:-0.2339;C2-H12:-0.0071;C3-C4:0.2584;C3-H13:-0.0067;C4-C5:0.2584;C4-C9:-0.5060;C5-C6:-0.2339;C5-H14:-0.0067;C6-C7:0.1702;C6-H15:-0.0071;C7-C8:-0.2339;C7-H16:-0.0071;C8-C9:0.2584;C8-H17:-0.0067;C9-C10:0.2584;C10-H18:-0.0067,True,S,,0.0,0.0,0.0,0.0,0.0,6.167905692361981e-18,Lip1955,6.9213,7.6341,AG,,mu
C10H8,33,internal,1393.3322,stretch,,0.6358857919163196,0.1083522468268279,C1-C2:0.0554;C1-C10:-0.1055;C1-H11:-0.0005;C2-C3:-0.1055;C2-H12:-0.0005;C3-C4:0.0241;C3-H13:-0.0011;C4-C5:-0.0241;C4-C9:0.0000;C5-C6:0.1055;C5-H14:0.0011;C6-C7:-0.0554;C6-H15:0.0005;C7-C8:0.1055;C7-H16:0.0005;C8-C9:-0.0241;C8-H17:0.0011;C9-C10:0.0241;C10-H18:-0.0011,C1-C2:0.1460;C1-C10:-0.2070;C1-H11:0.0279;C2-C3:-0.2070;C2-H12:0.0279;C3-C4:0.0802;C3-H13:0.1140;C4-C5:-0.0713;C4-C9:0.0000;C5-C6:0.2074;C5-H14:0.1310;C6-C7:-0.1460;C6-H15:0.0445;C7-C8:0.2074;C7-H16:0.0445;C8-C9:-0.0713;C8-H17:0.1310;C9-C10:0.0802;C10-H18:0.1140,True,S,,-0.2214895100669286,0.0,0.0,0.0,0.0,0.0,Lip1955,2.9246,3.3452,B2U,,mu
C10H8,34,internal,1452.4869,bend,,0.1360412507248013,0.0433565982505419,C1-C2:0.0000;C1-C10:-0.0052;C1-H11:0.0003;C2-C3:0.0052;C2-H12:-0.0003;C3-C4:-0.0274;C3-H13:-0.0011;C4-C5:-0.0274;C4-C9:0.0000;C5-C6:0.0052;C5-H14:-0.0011;C6-C7:0.0000;C6-H15:-0.0003;C7-C8:-0.0052;C7-H16:0.0003;C8-C9:0.0274;C8-H17:0.0011;C9-C10:0.0274;C10-H18:0.0011,C1-C2:0.0001;C1-C10:-0.0076;C1-H11:0.0780;C2-C3:0.0128;C2-H12:0.0757;C3-C4:-0.0608;C3-H13:0.0536;C4-C5:-0.0608;C4-C9:0.0000;C5-C6:0.0128;C5-H14:0.0536;C6-C7:0.0001;C6-H15:0.0757;C7-C8:-0.0076;C7-H16:0.0780;C8-C9:0.0608;C8-H17:0.0626;C9-C10:0.0608;C10-H18:0.0626,True,B,,0.0,-0.0339876302879873,0.0,0.0,0.0,0.0,Lip1955,1.41,1.7526,B1U,,mu
C10H8,35,internal,1501.0181,stretch,,0.2938491591096361,0.0638754968600954,C1-C2:0.0000;C1-C10:0.0243;C1-H11:0.0014;C2-C3:-0.0243;C2-H12:-0.0014;C3-C4:-0.0470;C3-H13:-0.0008;C4-C5:0.0470;C4-C9:0.0000;C5-C6:0.0243;C5-H14:0.0008;C6-C7:0.0000;C6-H15:0.0014;C7-C8:-0.0243;C7-H16:-0.0014;C8-C9:-0.0470;C8-H17:-0.0008;C9-C10:0.0470;C10-H18:0.0008,C1-C2:0.0054;C1-C10:0.0668;C1-H11:0.1237;C2-C3:-0.0641;C2-H12:0.1118;C3-C4:-0.0981;C3-H13:0.0062;C4-C5:0.0987;C4-C9:0.0109;C5-C6:0.0668;C5-H14:0.0265;C6-C7:0.0054;C6-H15:0.1237;C7-C8:-0.0641;C7-H16:0.1118;C8-C9:-0.0981;C8-H17:0.0062;C9-C10:0.0987;C10-H18:0.0265,True,B,,-1.2335811384723961e-17,-1.2335811384723961e-17,0.0,0.0,0.0,0.3727910474985165,Lip1955,1.82,2.416,B3G,,mu
C10H8,36,internal,1512.2086,stretch,,0.2763307347006118,0.0618711863768333,C1-C2:0.0640;C1-C10:0.0167;C1-H11:0.0014;C2-C3:0.0167;C2-H12:0.0014;C3-C4:-0.0172;C3-H13:-0.0005;C4-C5:-0.0172;C4-C9:-0.0053;C5-C6:0.0167;C5-H14:-0.0005;C6-C7:0.0640;C6-H15:0.0014;C7-C8:0.0167;C7-H16:0.0014;C8-C9:-0.0172;C8-H17:-0.0005;C9-C10:-0.0172;C10-H18:-0.0005,C1-C2:0.1074;C1-C10:0.0366;C1-H11:0.0555;C2-C3:0.0366;C2-H12:0.0555;C3-C4:-0.0494;C3-H13:0.0910;C4-C5:-0.0494;C4-C9:-0.0305;C5-C6:0.0366;C5-H14:0.0910;C6-C7:0.1074;C6-H15:0.0555;C7-C8:0.0366;C7-H16:0.0555;C8-C9:-0.0494;C8-H17:0.0910;C9-C10:-0.0494;C10-H18:0.0910,True,B,,0.0,-4.625929269271485e-18,0.0,0.0,0.0,6.167905692361981e-18,Lip1955,1.6324,2.1994,AG,,mu
C10H8,37,internal,1534.0098,stretch,,0.454500755791933,0.0805881033937931,C1-C2:0.1073;C1-C10:-0.0117;C1-H11:0.0009;C2-C3:-0.0117;C2-H12:0.0009;C3-C4:-0.0468;C3-H13:-0.0006;C4-C5:0.0468;C4-C9:0.0000;C5-C6:0.0117;C5-H14:0.0006;C6-C7:-0.1073;C6-H15:-0.0009;C7-C8:0.0117;C7-H16:-0.0009;C8-C9:0.0468;C8-H17:0.0006;C9-C10:-0.0468;C10-H18:-0.0006,C1-C2:0.1808;C1-C10:-0.0181;C1-H11:0.0899;C2-C3:-0.0181;C2-H12:0.0899;C3-C4:-0.1175;C3-H13:0.0592;C4-C5:0.1181;C4-C9:0.0000;C5-C6:0.0363;C5-H14:0.0697;C6-C7:-0.1808;C6-H15:0.0759;C7-C8:0.0363;C7-H16:0.0759;C8-C9:0.1181;C8-H17:0.0697;C9-C10:-0.1175;C10-H18:0.0592,True,S,,0.2641664810663345,0.0,0.0,0.0,0.0,-1.2335811384723961e-17,Lip1955,2.2918,3.1775,B2U,,mu
C10H8,38,internal,1569.5337,stretch,,0.6095033710954321,0.147941600715721,C1-C2:-0.0764;C1-C10:0.0666;C1-H11:0.0002;C2-C3:0.0666;C2-H12:0.0002;C3-C4:0.0161;C3-H13:0.0003;C4-C5:0.0161;C4-C9:-0.1240;C5-C6:0.0666;C5-H14:0.0003;C6-C7:-0.0764;C6-H15:0.0002;C7-C8:0.0666;C7-H16:0.0002;C8-C9:0.0161;C8-H17:0.0003;C9-C10:0.0161;C10-H18:0.0003,C1-C2:-0.2626;C1-C10:0.2450;C1-H11:0.0955;C2-C3:0.2450;C2-H12:0.0955;C3-C4:0.0857;C3-H13:0.0623;C4-C5:0.0857;C4-C9:-0.3317;C5-C6:0.2450;C5-H14:0.0623;C6-C7:-0.2626;C6-H15:0.0955;C7-C8:0.2450;C7-H16:0.0955;C8-C9:0.0857;C8-H17:0.0623;C9-C10:0.0857;C10-H18:0.0623,True,S,,0.0,-6.167905692361981e-18,0.0,0.0,0.0,-1.2335811384723961e-17,Lip1955,5.3737,7.7994,AG,,mu
C10H8,39,internal,1607.4474,stretch,,0.5416229256932453,0.1055076247996654,C1-C2:0.0000;C1-C10:0.1142;C1-H11:0.0012;C2-C3:-0.1142;C2-H12:-0.0012;C3-C4:0.0191;C3-H13:-0.0009;C4-C5:0.0191;C4-C9:0.0000;C5-C6:-0.1142;C5-H14:-0.0009;C6-C7:0.0000;C6-H15:-0.0012;C7-C8:0.1142;C7-H16:0.0012;C8-C9:-0.0191;C8-H17:0.0009;C9-C10:-0.0191;C10-H18:0.0009,C1-C2:0.0231;C1-C10:0.2482;C1-H11:0.1088;C2-C3:-0.2472;C2-H12:0.0796;C3-C4:0.0833;C3-H13:0.0562;C4-C5:0.0833;C4-C9:0.0000;C5-C6:-0.2472;C5-H14:0.0562;C6-C7:0.0231;C6-H15:0.0796;C7-C8:0.2482;C7-H16:0.1088;C8-C9:-0.0746;C8-H17:0.0813;C9-C10:-0.0746;C10-H18:0.0813,True,S,,0.0,0.128891380906021,0.0,0.0,0.0,-2.4671622769447922e-17,Lip1955,3.6668,5.5823,B1U,,mu
C10H8,40,internal,1634.0447,stretch,,0.6103202187438904,0.1420838369130517,C1-C2:0.0000;C1-C10:-0.0654;C1-H11:-0.0004;C2-C3:0.0654;C2-H12:0.0004;C3-C4:-0.0865;C3-H13:0.0003;C4-C5:0.0865;C4-C9:0.0000;C5-C6:-0.0654;C5-H14:-0.0003;C6-C7:0.0000;C6-H15:-0.0004;C7-C8:0.0654;C7-H16:0.0004;C8-C9:-0.0865;C8-H17:0.0003;C9-C10:0.0865;C10-H18:-0.0003,C1-C2:0.0167;C1-C10:-0.2430;C1-H11:0.0304;C2-C3:0.2476;C2-H12:0.0555;C3-C4:-0.2372;C3-H13:0.1196;C4-C5:0.2659;C4-C9:0.0476;C5-C6:-0.2430;C5-H14:0.1101;C6-C7:0.0167;C6-H15:0.0304;C7-C8:0.2476;C7-H16:0.0555;C8-C9:-0.2372;C8-H17:0.1196;C9-C10:0.2659;C10-H18:0.1101,True,S,,0.0,0.0,0.0,0.0,0.0,0.0490994467628263,Lip1955,5.0168,7.8922,B3G,,mu
C10H8,41,internal,3167.2827,stretch,,0.9408173022727292,0.1419628902555305,C1-C2:0.0000;C1-C10:-0.0033;C1-H11:-0.0341;C2-C3:0.0033;C2-H12:0.0341;C3-C4:0.0042;C3-H13:-0.1936;C4-C5:-0.0042;C4-C9:0.0000;C5-C6:-0.0033;C5-H14:0.1936;C6-C7:0.0000;C6-H15:-0.0341;C7-C8:0.0033;C7-H16:0.0341;C8-C9:0.0042;C8-H17:-0.1936;C9-C10:-0.0042;C10-H18:0.1936,C1-C2:0.0002;C1-C10:-0.0089;C1-H11:-0.1924;C2-C3:0.0101;C2-H12:0.1924;C3-C4:0.0149;C3-H13:-0.4577;C4-C5:-0.0143;C4-C9:0.0000;C5-C6:-0.0089;C5-H14:0.4577;C6-C7:0.0002;C6-H15:-0.1924;C7-C8:0.0101;C7-H16:0.1924;C8-C9:0.0149;C8-H17:-0.4577;C9-C10:-0.0143;C10-H18:0.4577,True,S,,5.204170427930421e-18,0.0,0.0,0.0,0.0,-0.1305345321338088,Lip1955,1.0879,6.4298,B3G,,mu
C10H8,42,internal,3169.1188,stretch,,0.9356775740161632,0.1436684343608813,C1-C2:0.0000;C1-C10:-0.0030;C1-H11:-0.0408;C2-C3:0.0030;C2-H12:0.0408;C3-C4:0.0037;C3-H13:-0.1863;C4-C5:0.0037;C4-C9:0.0000;C5-C6:0.0030;C5-H14:-0.1863;C6-C7:0.0000;C6-H15:0.0408;C7-C8:-0.0030;C7-H16:-0.0408;C8-C9:-0.0037;C8-H17:0.1863;C9-C10:-0.0037;C10-H18:0.1863,C1-C2:0.0002;C1-C10:-0.0080;C1-H11:-0.2109;C2-C3:0.0093;C2-H12:0.2109;C3-C4:0.0135;C3-H13:-0.4496;C4-C5:0.0135;C4-C9:0.0000;C5-C6:0.0093;C5-H14:-0.4496;C6-C7:0.0002;C6-H15:0.2109;C7-C8:-0.0080;C7-H16:-0.2109;C8-C9:-0.0129;C8-H17:0.4496;C9-C10:-0.0129;C10-H18:0.4496,True,S,,0.0,0.1212594582061457,0.0,0.0,0.0,0.0,Lip1955,1.088,6.4382,B1U,,mu
C10H8,43,internal,3169.8859,stretch,,0.9518526365063398,0.1361080244678191,C1-C2:-0.0009;C1-C10:0.0041;C1-H11:0.0173;C2-C3:0.0041;C2-H12:0.0173;C3-C4:0.0046;C3-H13:-0.2114;C4-C5:-0.0046;C4-C9:0.0000;C5-C6:-0.0041;C5-H14:0.2114;C6-C7:0.0009;C6-H15:-0.0173;C7-C8:-0.0041;C7-H16:-0.0173;C8-C9:-0.0046;C8-H17:0.2114;C9-C10:0.0046;C10-H18:-0.2114,C1-C2:-0.0092;C1-C10:0.0127;C1-H11:0.1369;C2-C3:0.0127;C2-H12:0.1369;C3-C4:0.0157;C3-H13:-0.4775;C4-C5:-0.0151;C4-C9:0.0000;C5-C6:-0.0116;C5-H14:0.4775;C6-C7:0.0092;C6-H15:-0.1369;C7-C8:-0.0116;C7-H16:-0.1369;C8-C9:-0.0151;C8-H17:0.4775;C9-C10:0.0157;C10-H18:-0.4775,True,S,,-0.0969773722561948,0.0,0.0,0.0,0.0,1.2335811384723961e-17,Lip1955,1.0892,6.4483,B2U,,mu
C10H8,44,internal,3172.266,stretch,,0.9497573060538615,0.1377660805387356,C1-C2:-0.0010;C1-C10:0.0039;C1-H11:0.0209;C2-C3:0.0039;C2-H12:0.0209;C3-C4:0.0040;C3-H13:-0.2082;C4-C5:0.0040;C4-C9:0.0000;C5-C6:0.0039;C5-H14:-0.2082;C6-C7:-0.0010;C6-H15:0.0209;C7-C8:0.0039;C7-H16:0.0209;C8-C9:0.0040;C8-H17:-0.2082;C9-C10:0.0040;C10-H18:-0.2082,C1-C2:-0.0100;C1-C10:0.0119;C1-H11:0.1501;C2-C3:0.0119;C2-H12:0.1501;C3-C4:0.0138;C3-H13:-0.4733;C4-C5:0.0138;C4-C9:0.0009;C5-C6:0.0119;C5-H14:-0.4733;C6-C7:-0.0100;C6-H15:0.1501;C7-C8:0.0119;C7-H16:0.1501;C8-C9:0.0138;C8-H17:-0.4733;C9-C10:0.0138;C10-H18:-0.4733,True,S,,0.0,0.0,0.0,0.0,0.0,0.0,Lip1955,1.0882,6.4523,AG,,mu
C10H8,45,internal,3194.1117,stretch,,0.9408789285088766,0.1434707177653918,C1-C2:0.0000;C1-C10:-0.0060;C1-H11:0.1943;C2-C3:0.0060;C2-H12:-0.1943;C3-C4:0.0008;C3-H13:-0.0341;C4-C5:-0.0008;C4-C9:0.0000;C5-C6:-0.0060;C5-H14:0.0341;C6-C7:0.0000;C6-H15:0.1943;C7-C8:0.0060;C7-H16:-0.1943;C8-C9:0.0008;C8-H17:-0.0341;C9-C10:-0.0008;C10-H18:0.0341,C1-C2:0.0013;C1-C10:-0.0230;C1-H11:0.4596;C2-C3:0.0232;C2-H12:-0.4595;C3-C4:0.0060;C3-H13:-0.1922;C4-C5:-0.0059;C4-C9:0.0000;C5-C6:-0.0230;C5-H14:0.1922;C6-C7:0.0013;C6-H15:0.4596;C7-C8:0.0232;C7-H16:-0.4595;C8-C9:0.0060;C8-H17:-0.1922;C9-C10:-0.0059;C10-H18:0.1922,True,S,,4.240435163498861e-18,0.0,0.0,0.0,0.0,-0.1735935311820815,Lip1955,1.092,6.5642,B3G,,mu
C10H8,46,internal,3194.4528,stretch,,0.9420721999132766,0.1456694505385028,C1-C2:0.0000;C1-C10:-0.0061;C1-H11:0.1876;C2-C3:0.0061;C2-H12:-0.1876;C3-C4:0.0008;C3-H13:-0.0410;C4-C5:0.0008;C4-C9:0.0000;C5-C6:0.0061;C5-H14:-0.0410;C6-C7:0.0000;C6-H15:-0.1876;C7-C8:-0.0061;C7-H16:0.1876;C8-C9:-0.0008;C8-H17:0.0410;C9-C10:-0.0008;C10-H18:0.0410,C1-C2:0.0012;C1-C10:-0.0235;C1-H11:0.4514;C2-C3:0.0237;C2-H12:-0.4513;C3-C4:0.0058;C3-H13:-0.2106;C4-C5:0.0058;C4-C9:0.0000;C5-C6:0.0237;C5-H14:-0.2106;C6-C7:0.0012;C6-H15:-0.4513;C7-C8:-0.0235;C7-H16:0.4514;C8-C9:-0.0056;C8-H17:0.2106;C9-C10:-0.0056;C10-H18:0.2106,True,S,,0.0,0.1219570118438624,0.0,0.0,0.0,0.0,Lip1955,1.0919,6.5646,B1U,,mu
C10H8,47,internal,3210.8921,stretch,,0.9894376341113204,0.1384331351223749,C1-C2:-0.0094;C1-C10:-0.0062;C1-H11:0.2183;C2-C3:-0.0062;C2-H12:0.2183;C3-C4:-0.0004;C3-H13:0.0178;C4-C5:0.0004;C4-C9:0.0000;C5-C6:0.0062;C5-H14:-0.0178;C6-C7:0.0094;C6-H15:-0.2183;C7-C8:0.0062;C7-H16:-0.2183;C8-C9:0.0004;C8-H17:-0.0178;C9-C10:-0.0004;C10-H18:0.0178,C1-C2:-0.0298;C1-C10:-0.0212;C1-H11:0.4802;C2-C3:-0.0212;C2-H12:0.4802;C3-C4:-0.0041;C3-H13:0.1369;C4-C5:0.0042;C4-C9:0.0000;C5-C6:0.0216;C5-H14:-0.1369;C6-C7:0.0298;C6-H15:-0.4802;C7-C8:0.0216;C7-H16:-0.4802;C8-C9:0.0042;C8-H17:-0.1369;C9-C10:-0.0041;C10-H18:0.1369,True,S,,0.138013720399611,0.0,0.0,0.0,0.0,-6.167905692361981e-18,Lip1955,1.0967,6.662,B2U,,mu
C10H8,48,internal,3211.7389,stretch,,0.9895841597733548,0.1402640715338428,C1-C2:-0.0092;C1-C10:-0.0062;C1-H11:0.2147;C2-C3:-0.0062;C2-H12:0.2147;C3-C4:-0.0004;C3-H13:0.0215;C4-C5:-0.0004;C4-C9:-0.0000;C5-C6:-0.0062;C5-H14:0.0215;C6-C7:-0.0092;C6-H15:0.2147;C7-C8:-0.0062;C7-H16:0.2147;C8-C9:-0.0004;C8-H17:0.0215;C9-C10:-0.0004;C10-H18:0.0215,C1-C2:-0.0295;C1-C10:-0.0216;C1-H11:0.4761;C2-C3:-0.0216;C2-H12:0.4761;C3-C4:-0.0035;C3-H13:0.1503;C4-C5:-0.0035;C4-C9:-0.0002;C5-C6:-0.0216;C5-H14:0.1503;C6-C7:-0.0295;C6-H15:0.4761;C7-C8:-0.0216;C7-H16:0.4761;C8-C9:-0.0035;C8-H17:0.1503;C9-C10:-0.0035;C10-H18:0.1503,True,S,,0.0,-1.2335811384723961e-17,0.0,0.0,0.0,6.167905692361981e-18,Lip1955,1.0965,6.664,AG,,mu
HOCl,Tx,external,0.0,translation,,0.0,,,,True,Tx,,1.0,0.0,0.0,0.0,0.0,-0.1620205442984376,,,,,,mu
HOCl,Ty,external,0.0,translation,,0.0,,,,True,Ty,,0.0,1.0,0.0,0.0,0.0,-0.2815898280582551,,,,,,mu
HOCl,Tz,external,0.0,translation,,0.0,,,,True,Tz,,0.0,0.0,1.0,0.3333333333333333,0.3333333333333333,0.0,,,,,,mu
HOCl,Rx,external,0.0,rotation,,0.0,,,,True,Rx,,0.0,0.0,0.3333333333333333,1.0,-0.3333333333333333,0.0,,,,,,mu
HOCl,Ry,external,0.0,rotation,,0.0,,,,True,Ry,,0.0,0.0,0.3333333333333333,-0.3333333333333333,1.0,0.0,,,,,,mu
HOCl,Rz,external,0.0,rotation,,6.668621864304652e-18,,,,True,Rz,,-0.1620205442984376,-0.2815898280582551,0.0,0.0,0.0,1.0,,,,,,mu
HOCl,1,internal,667.6406,stretch,,0.9843356286854044,0.4393962100864054,O1-H2:0.0019;O1-Cl3:0.9824,O1-H2:0.2014;O1-Cl3:0.6774,True,S,,-0.2998021173424668,0.1415331297901165,0.0,0.0,0.0,0.0390154877214655,manual,17.2105,4.5199,A',,mu
HOCl,2,internal,1256.0041,bend,,0.0248832293328899,0.2199529666204902,O1-H2:-0.0113;O1-Cl3:-0.0136,O1-H2:0.4291;O1-Cl3:-0.0108,True,B,,0.0871824493690494,-0.0410583886599224,0.0,0.0,0.0,-0.2833898771824529,manual,1.0682,0.9928,A',,mu
HOCl,3,internal,3368.5426,stretch,,0.9702902856874932,0.476527676702565,O1-H2:-0.9602;O1-Cl3:0.0101,O1-H2:-0.9438;O1-Cl3:0.0093,True,S,,0.3141528109422185,0.0516181952162806,0.0,0.0,0.0,-0.0369868432021096,manual,1.0676,7.1375,A',,mu
HCOOH,Tx,external,0.0,translation,,0.0,,,,True,Tx,,1.0,0.0,0.0,0.0,0.0,0.1921124215826856,,,,,,mu
HCOOH,Ty,external,0.0,translation,,0.0,,,,True,Ty,,0.0,1.0,0.0,0.0,0.0,0.0924905674962156,,,,,,mu
HCOOH,Tz,external,0.0,translation,,0.0,,,,True,Tz,,0.0,0.0,1.0,0.2,0.2,0.0,,,,,,mu
HCOOH,Rx,external,0.0,rotation,,0.0,,,,True,Rx,,0.0,0.0,0.2,1.0,-0.6,0.0,,,,,,mu
HCOOH,Ry,external,0.0,rotation,,0.0,,,,True,Ry,,0.0,0.0,0.2,-0.6,1.0,0.0,,,,,,mu
HCOOH,Rz,external,0.0,rotation,,4.3844932586578606e-17,,,,True,Rz,,0.1921124215826856,0.0924905674962156,0.0,0.0,0.0,1.0,,,,,,mu
HCOOH,1,internal,610.9187,bend,,0.1111888638525768,0.0930197768938775,O1-C2:0.0915;O1-H4:-0.0020;C2-O3:0.0174;C2-H5:0.0003,O1-C2:0.1015;O1-H4:0.1865;C2-O3:0.0711;C2-H5:0.0130,True,B,,0.2505241738934127,0.2352544378170546,0.0,0.0,0.0,-0.1218439125173234,Shi1972,3.6294,0.7981,A',,mu
HCOOH,2,internal,674.2108,bend,,0.0,0.1227533023789341,O1-C2:0.0000;O1-H4:0.0000;C2-O3:0.0000;C2-H5:0.0000,O1-C2:0.0105;O1-H4:0.4725;C2-O3:0.0076;C2-H5:0.0005,True,B,,0.0,0.0,-0.2,0.6,-0.2,0.0,Shi1972,1.3064,0.3499,"A""",,mu
HCOOH,3,internal,1055.8311,stretch,,0.6239828683306893,0.2664249089442564,O1-C2:0.5672;O1-H4:0.0131;C2-O3:0.0435;C2-H5:-0.0002,O1-C2:0.4254;O1-H4:0.5405;C2-O3:0.0976;C2-H5:0.0021,True,S,,-0.4712134511469069,-0.0868545510014103,0.0,0.0,0.0,-0.1400811932148546,Shi1972,3.8681,2.5406,A',,mu
HCOOH,4,internal,1084.1042,bend,,0.0,0.1264379578228058,O1-C2:0.0000;O1-H4:0.0000;C2-O3:0.0000;C2-H5:0.0000,O1-C2:0.0129;O1-H4:0.0144;C2-O3:0.0201;C2-H5:0.4584,True,B,,0.0,0.0,-0.6000000000000001,-0.6,0.2,0.0,Shi1972,1.4873,1.0299,"A""",,mu
HCOOH,5,internal,1343.6849,bend,,0.2697501732496521,0.142512890599314,O1-C2:0.2117;O1-H4:-0.0226;C2-O3:-0.0325;C2-H5:0.0029,O1-C2:0.1610;O1-H4:0.3339;C2-O3:-0.0076;C2-H5:0.0675,True,B,,0.3656155989920071,0.0979159546392761,0.0,0.0,0.0,-0.0019427337486358,Shi1972,1.6542,1.7597,A',,mu
HCOOH,6,internal,1462.6895,bend,,0.0974258861434349,0.1189839150636663,O1-C2:-0.0019;O1-H4:0.0027;C2-O3:0.0750;C2-H5:0.0179,O1-C2:-0.0102;O1-H4:0.0342;C2-O3:0.0817;C2-H5:0.3499,True,B,,-0.0624309626270929,-0.2755903869547304,0.0,0.0,0.0,0.0980755492125594,Shi1972,1.1455,1.4439,A',,mu
HCOOH,7,internal,1703.764,stretch,,0.7909272294599266,0.3513999932565723,O1-C2:-0.1813;O1-H4:-0.0021;C2-O3:0.6032;C2-H5:0.0044,O1-C2:-0.2118;O1-H4:0.0448;C2-O3:0.7561;C2-H5:0.3929,True,S,,-0.1302990260652585,-0.0216654370039368,0.0,0.0,0.0,-0.0672634830895519,Shi1972,6.6375,11.352,A',,mu
HCOOH,8,internal,3148.6776,stretch,,0.950390289987827,0.2780850798595276,O1-C2:-0.0133;O1-H4:0.0027;C2-O3:-0.0296;C2-H5:0.9048,O1-C2:-0.0166;O1-H4:0.0582;C2-O3:-0.0453;C2-H5:0.9922,True,S,,0.130950566828895,-0.1184587506051349,0.0,0.0,0.0,-0.0036066082304552,Shi1972,1.0913,6.3745,A',,mu
HCOOH,9,internal,3492.5084,stretch,,0.98868496376092,0.2490727843872954,O1-C2:0.0076;O1-H4:-0.9779;C2-O3:-0.0004;C2-H5:0.0028,O1-C2:0.0170;O1-H4:-0.9215;C2-O3:-0.0053;C2-H5:0.0525,True,S,,-0.0825884978159289,-0.2007081954026116,0.0,0.0,0.0,0.1781493420012084,Shi1972,1.0634,7.6425,A',,mu
C7H8,Tx,external,0.0,translation,,0.0,,,,True,Tx,,1.0,0.0,0.0,0.0,0.1535002735088241,0.0745586154366454,,,,,,mu
C7H8,Ty,external,0.0,translation,,0.0,,,,True,Ty,,0.0,1.0,0.0,0.1240678818899727,0.0,4.600662005350119e-18,,,,,,mu
C7H8,Tz,external,0.0,translation,,0.0,,,,True,Tz,,0.0,0.0,1.0,0.0304794413796392,-2.1439223579913196e-17,0.0,,,,,,mu
C7H8,Rx,external,0.0,rotation,,2.2941646309010677e-17,,,,True,Rx,,0.0,0.1240678818899728,0.0304794413796392,1.0,1.867297462674932e-17,-2.969696649878907e-17,,,,,,mu
C7H8,Ry,external,0.0,rotation,,3.152294255488321e-17,,,,True,Ry,,0.1535002735088241,0.0,-4.3643684072416316e-17,3.347594828841808e-17,1.0,0.0900508259679289,,,,,,mu
C7H8,Rz,external,0.0,rotation,,2.972437932226131e-17,,,,True,Rz,,0.0745586154366455,-2.8008248254842565e-18,0.0,-2.969696649878907e-17,0.0900508259679289,1.0,,,,,,mu
C7H8,1,internal,236.6616,bend,,0.0151762924596044,0.0153761430402193,C1-C2:-0.0001;C1-C7:0.0063;C1-H8:0.0001;C2-C3:-0.0007;C2-H9:0.0001;C3-C4:-0.0001;C3-H10:0.0000;C4-C5:-0.0007;C4-H11:0.0000;C5-C6:-0.0001;C5-H12:0.0001;C6-C7:0.0063;C6-H13:0.0001;C7-H14:0.0003;C7-H15:-0.0000,C1-C2:0.0005;C1-C7:0.0180;C1-H8:0.0131;C2-C3:0.0101;C2-H9:0.0113;C3-C4:-0.0039;C3-H10:0.0095;C4-C5:0.0101;C4-H11:0.0095;C5-C6:0.0005;C5-H12:0.0113;C6-C7:0.0180;C6-H13:0.0131;C7-H14:0.0473;C7-H15:0.0543,True,B,,-3.3679367930008212e-18,0.0543983289157786,0.0912520844238037,-0.0386178754381165,1.909673662708083e-17,9.604000920584459e-18,Jen2005,2.2012,0.0726,A',,mu
C7H8,2,internal,290.9831,bend,,0.0136028951009055,0.0151809038284622,C1-C2:-0.0032;C1-C7:0.0026;C1-H8:-0.0001;C2-C3:0.0009;C2-H9:0.0000;C3-C4:0.0000;C3-H10:-0.0000;C4-C5:-0.0009;C4-H11:0.0000;C5-C6:0.0032;C5-H12:-0.0000;C6-C7:-0.0026;C6-H13:0.0001;C7-H14:0.0000;C7-H15:0.0000,C1-C2:0.0212;C1-C7:0.0146;C1-H8:0.0349;C2-C3:0.0058;C2-H9:0.0028;C3-C4:0.0423;C3-H10:0.0085;C4-C5:-0.0002;C4-H11:0.0096;C5-C6:0.0288;C5-H12:0.0020;C6-C7:0.0069;C6-H13:0.0370;C7-H14:0.0007;C7-H15:0.0124,True,B,,0.1401760028481564,4.1256530631752925e-18,-3.6901833925975984e-19,-1.0453424951478973e-17,-0.0038842430701371,0.2509106702262592,Jen2005,3.0878,0.154,"A""",,mu
C7H8,3,internal,368.1859,bend,,0.0318710054894283,0.0141772430559487,C1-C2:0.0025;C1-C7:-0.0063;C1-H8:0.0001;C2-C3:-0.0061;C2-H9:0.0002;C3-C4:-0.0006;C3-H10:-0.0001;C4-C5:-0.0061;C4-H11:-0.0001;C5-C6:0.0025;C5-H12:0.0002;C6-C7:-0.0063;C6-H13:0.0001;C7-H14:-0.0000;C7-H15:-0.0007,C1-C2:0.0084;C1-C7:0.0077;C1-H8:0.0190;C2-C3:0.0063;C2-H9:0.0274;C3-C4:-0.0097;C3-H10:0.0040;C4-C5:0.0063;C4-H11:0.0040;C5-C6:0.0084;C5-H12:0.0274;C6-C7:0.0077;C6-H13:0.0190;C7-H14:0.0340;C7-H15:0.0233,True,B,,4.97248430827704e-18,0.0727911239802834,-0.1966896826698639,-0.0002722824217824,3.594912205407796e-17,-2.008157038582973e-17,Jen2005,3.1077,0.2482,A',,mu
C7H8,4,internal,415.9992,bend,,0.0587908893629829,0.0205684932030988,C1-C2:-0.0090;C1-C7:-0.0057;C1-H8:-0.0001;C2-C3:0.0143;C2-H9:0.0001;C3-C4:0.0000;C3-H10:0.0002;C4-C5:-0.0143;C4-H11:-0.0002;C5-C6:0.0090;C5-H12:-0.0001;C6-C7:0.0057;C6-H13:0.0001;C7-H14:-0.0000;C7-H15:0.0000,C1-C2:0.0129;C1-C7:-0.0014;C1-H8:0.0041;C2-C3:0.0386;C2-H9:0.0228;C3-C4:0.0459;C3-H10:0.0186;C4-C5:-0.0284;C4-H11:0.0136;C5-C6:0.0358;C5-H12:0.0202;C6-C7:0.0186;C6-H13:0.0089;C7-H14:0.0294;C7-H15:0.0091,True,B,,-0.0206334222093719,0.0,5.551115123125783e-18,1.8721582141531616e-18,-0.0579657974084874,0.0728180865380012,Jen2005,5.2086,0.5311,"A""",,mu
C7H8,5,internal,431.1003,bend,,0.0871770888313443,0.0236997047475152,C1-C2:0.0110;C1-C7:-0.0171;C1-H8:-0.0002;C2-C3:-0.0139;C2-H9:0.0000;C3-C4:0.0023;C3-H10:-0.0000;C4-C5:-0.0139;C4-H11:-0.0000;C5-C6:0.0110;C5-H12:0.0000;C6-C7:-0.0171;C6-H13:-0.0002;C7-H14:-0.0002;C7-H15:-0.0003,C1-C2:0.0339;C1-C7:-0.0152;C1-H8:0.0259;C2-C3:-0.0123;C2-H9:0.0021;C3-C4:0.0223;C3-H10:0.0614;C4-C5:-0.0123;C4-H11:0.0614;C5-C6:0.0339;C5-H12:0.0021;C6-C7:-0.0152;C6-H13:0.0259;C7-H14:0.0131;C7-H15:0.0184,True,B,,-1.0693560816354969e-17,0.1457180127448427,-0.054117329566862,-0.106583556664797,-2.5995831765020506e-17,-2.74215333959768e-18,Jen2005,2.1774,0.2384,A',,mu
C7H8,6,internal,605.7796,bend,,0.0304174240615271,0.0241621069127733,C1-C2:-0.0077;C1-C7:0.0013;C1-H8:0.0000;C2-C3:-0.0061;C2-H9:-0.0000;C3-C4:0.0000;C3-H10:-0.0000;C4-C5:0.0061;C4-H11:0.0000;C5-C6:0.0077;C5-H12:0.0000;C6-C7:-0.0013;C6-H13:-0.0000;C7-H14:0.0000;C7-H15:-0.0000,C1-C2:0.0083;C1-C7:0.0095;C1-H8:0.0323;C2-C3:0.0152;C2-H9:0.0709;C3-C4:0.0296;C3-H10:0.0012;C4-C5:0.0312;C4-H11:0.0016;C5-C6:0.0330;C5-H12:0.0716;C6-C7:0.0036;C6-H13:0.0313;C7-H14:0.0021;C7-H15:0.0211,True,B,,-0.1630505081684145,-3.700743415417189e-18,7.401486830834377e-18,-1.2974388460404729e-17,-0.0416188297466225,-0.0916872328099263,Jen2005,2.7284,0.5899,"A""",,mu
C7H8,7,internal,681.8588,bend,,0.0746498192240474,0.0316699022940929,C1-C2:-0.0070;C1-C7:0.0060;C1-H8:0.0002;C2-C3:-0.0215;C2-H9:-0.0002;C3-C4:0.0016;C3-H10:-0.0000;C4-C5:-0.0215;C4-H11:-0.0000;C5-C6:-0.0070;C5-H12:-0.0002;C6-C7:0.0060;C6-H13:0.0002;C7-H14:0.0010;C7-H15:-0.0022,C1-C2:-0.0000;C1-C7:0.0141;C1-H8:0.0661;C2-C3:-0.0171;C2-H9:0.0262;C3-C4:0.0160;C3-H10:0.0118;C4-C5:-0.0171;C4-H11:0.0118;C5-C6:-0.0000;C5-H12:0.0262;C6-C7:0.0141;C6-H13:0.0661;C7-H14:0.1032;C7-H15:0.0850,True,B,,-2.6808124434371508e-17,-0.034294819037589,-0.2202923064093918,-0.0356645731330351,9.623280100877498e-18,-3.9791986383025596e-18,Jen2005,1.9465,0.5332,A',,mu
C7H8,8,internal,735.093,bend,,0.0933608840024139,0.0394193109406631,C1-C2:-0.0024;C1-C7:-0.0350;C1-H8:-0.0004;C2-C3:-0.0075;C2-H9:-0.0006;C3-C4:-0.0001;C3-H10:-0.0005;C4-C5:-0.0075;C4-H11:-0.0005;C5-C6:-0.0024;C5-H12:-0.0006;C6-C7:-0.0350;C6-H13:-0.0004;C7-H14:-0.0000;C7-H15:-0.0002,C1-C2:0.0006;C1-C7:-0.0362;C1-H8:0.0501;C2-C3:-0.0250;C2-H9:0.0800;C3-C4:-0.0031;C3-H10:0.0900;C4-C5:-0.0250;C4-H11:0.0900;C5-C6:0.0006;C5-H12:0.0800;C6-C7:-0.0362;C6-H13:0.0501;C7-H14:0.0156;C7-H15:0.0087,True,B,,1.1631605074975608e-17,-0.0929246894865714,0.1500464177426522,-0.0631659550014104,-3.5466294782690534e-17,-1.605460576395702e-17,Jen2005,1.549,0.4932,A',,mu
C7H8,9,internal,771.1146,bend,,0.0519024069622927,0.0378703453087324,C1-C2:-0.0012;C1-C7:0.0033;C1-H8:-0.0000;C2-C3:-0.0210;C2-H9:-0.0004;C3-C4:0.0000;C3-H10:0.0000;C4-C5:0.0210;C4-H11:-0.0000;C5-C6:0.0012;C5-H12:0.0004;C6-C7:-0.0033;C6-H13:0.0000;C7-H14:0.0000;C7-H15:0.0000,C1-C2:-0.0037;C1-C7:0.0099;C1-H8:0.1398;C2-C3:-0.0166;C2-H9:0.0974;C3-C4:0.0045;C3-H10:0.0048;C4-C5:0.0301;C4-H11:0.0046;C5-C6:0.0054;C5-H12:0.1001;C6-C7:-0.0079;C6-H13:0.1399;C7-H14:0.0034;C7-H15:0.0001,True,B,,0.0742056656292852,-4.625929269271485e-18,-1.4802973661668754e-17,9.230072032098405e-18,-0.2670074181473977,-0.135357021415054,Jen2005,1.4955,0.5239,"A""",,mu
C7H8,10,internal,804.8776,bend,,0.1969495057245254,0.052796995606204,C1-C2:0.0077;C1-C7:0.0092;C1-H8:0.0010;C2-C3:0.0768;C2-H9:0.0006;C3-C4:0.0035;C3-H10:0.0013;C4-C5:0.0768;C4-H11:0.0013;C5-C6:0.0077;C5-H12:0.0006;C6-C7:0.0092;C6-H13:0.0010;C7-H14:0.0000;C7-H15:-0.0003,C1-C2:0.0228;C1-C7:0.0321;C1-H8:0.0519;C2-C3:0.0817;C2-H9:0.0272;C3-C4:0.0222;C3-H10:0.1596;C4-C5:0.0817;C4-H11:0.1596;C5-C6:0.0228;C5-H12:0.0272;C6-C7:0.0321;C6-H13:0.0519;C7-H14:0.0116;C7-H15:0.0075,True,B,,-9.184273792530876e-18,-0.123335549399113,-0.0688592297278136,-0.0572392676404042,-8.457144779277431e-18,-1.838133397287597e-19,Jen2005,1.7095,0.6525,A',,mu
C7H8,11,internal,908.3104,bend,,0.3761604864360077,0.0527091099693276,C1-C2:-0.0139;C1-C7:-0.0938;C1-H8:-0.0006;C2-C3:-0.0795;C2-H9:-0.0002;C3-C4:0.0000;C3-H10:-0.0001;C4-C5:0.0795;C4-H11:0.0001;C5-C6:0.0139;C5-H12:0.0002;C6-C7:0.0938;C6-H13:0.0006;C7-H14:-0.0000;C7-H15:0.0000,C1-C2:-0.0252;C1-C7:-0.1517;C1-H8:0.0589;C2-C3:-0.0553;C2-H9:0.0193;C3-C4:0.0140;C3-H10:0.0131;C4-C5:0.1253;C4-H11:0.0176;C5-C6:0.0458;C5-H12:0.0256;C6-C7:0.1606;C6-H13:0.0713;C7-H14:0.0036;C7-H15:0.0034,True,B,,0.1624896338900413,2.275281355466697e-18,-3.6901833925975984e-19,-4.9023098283531926e-18,0.2235773358113389,0.038307939304947,Jen2005,3.8604,1.8765,"A""",,mu
C7H8,12,internal,918.4362,stretch,,0.5089154787367851,0.0605179864862559,C1-C2:0.0173;C1-C7:0.2173;C1-H8:0.0004;C2-C3:-0.0184;C2-H9:0.0007;C3-C4:0.0004;C3-H10:0.0001;C4-C5:-0.0184;C4-H11:0.0001;C5-C6:0.0173;C5-H12:0.0007;C6-C7:0.2173;C6-H13:0.0004;C7-H14:0.0001;C7-H15:0.0002,C1-C2:0.0600;C1-C7:0.1917;C1-H8:0.0172;C2-C3:-0.0297;C2-H9:0.1009;C3-C4:0.0103;C3-H10:0.0110;C4-C5:-0.0297;C4-H11:0.0110;C5-C6:0.0600;C5-H12:0.1009;C6-C7:0.1917;C6-H13:0.0172;C7-H14:0.0270;C7-H15:0.0494,True,S,,-1.5824338762938815e-17,0.1461180558289659,-0.0384236422431361,0.1307106912145428,-2.6626743512208044e-17,2.5452912156328595e-17,Jen2005,2.6861,1.335,A',,mu
C7H8,13,internal,926.766,stretch,,0.4143532962494401,0.0531564233068085,C1-C2:-0.0176;C1-C7:-0.0031;C1-H8:-0.0004;C2-C3:-0.1626;C2-H9:-0.0002;C3-C4:-0.0430;C3-H10:-0.0014;C4-C5:-0.1626;C4-H11:-0.0014;C5-C6:-0.0176;C5-H12:-0.0002;C6-C7:-0.0031;C6-H13:-0.0004;C7-H14:-0.0004;C7-H15:0.0003,C1-C2:-0.0203;C1-C7:-0.0012;C1-H8:0.0972;C2-C3:-0.1631;C2-H9:-0.0013;C3-C4:-0.0991;C3-H10:0.0449;C4-C5:-0.1631;C4-H11:0.0449;C5-C6:-0.0203;C5-H12:-0.0013;C6-C7:-0.0012;C6-H13:0.0972;C7-H14:0.0194;C7-H15:0.0226,True,B,,2.9817271104435397e-18,0.1354216646829202,0.0693040833773677,0.2392594335755171,1.3134446598581485e-17,1.4774619555544304e-17,Jen2005,2.6866,1.3595,A',,mu
C7H8,14,internal,953.1952,stretch,,0.4289560345090921,0.0601164992725526,C1-C2:0.0346;C1-C7:0.1349;C1-H8:0.0004;C2-C3:0.0445;C2-H9:0.0001;C3-C4:-0.0000;C3-H10:-0.0000;C4-C5:-0.0445;C4-H11:0.0000;C5-C6:-0.0346;C5-H12:-0.0001;C6-C7:-0.1349;C6-H13:-0.0004;C7-H14:0.0000;C7-H15:0.0000,C1-C2:0.0861;C1-C7:0.1704;C1-H8:0.0200;C2-C3:0.0970;C2-H9:0.0083;C3-C4:0.0432;C3-H10:0.0242;C4-C5:-0.0875;C4-H11:0.0243;C5-C6:-0.0728;C5-H12:-0.0069;C6-C7:-0.1504;C6-H13:0.0060;C7-H14:0.0815;C7-H15:0.0233,True,S,,0.0700917056295197,7.401486830834377e-18,5.551115123125783e-18,-2.403304569376716e-17,-0.0544274524957687,0.3225444334097631,Jen2005,3.0714,1.6442,"A""",,mu
C7H8,15,internal,967.7494,bend,,0.1035869875778272,0.0473147199140031,C1-C2:0.0031;C1-C7:-0.0297;C1-H8:0.0002;C2-C3:0.0153;C2-H9:0.0001;C3-C4:0.0063;C3-H10:0.0001;C4-C5:0.0153;C4-H11:0.0001;C5-C6:0.0031;C5-H12:0.0001;C6-C7:-0.0297;C6-H13:0.0002;C7-H14:0.0001;C7-H15:-0.0002,C1-C2:0.0123;C1-C7:-0.0378;C1-H8:0.1136;C2-C3:0.0311;C2-H9:0.1322;C3-C4:0.0335;C3-H10:0.0055;C4-C5:0.0311;C4-H11:0.0055;C5-C6:0.0123;C5-H12:0.1322;C6-C7:-0.0378;C6-H13:0.1136;C7-H14:0.0057;C7-H15:0.0054,True,B,,-5.67786333991778e-07,0.014803738241145,-0.069957531853729,0.0134554900761285,-2.301466014407535e-07,4.290274771849889e-07,Jen2005,1.457,0.804,A',,mu
C7H8,16,internal,973.9899,bend,,0.0491721166126719,0.0400104819982234,C1-C2:-0.0014;C1-C7:-0.0048;C1-H8:-0.0000;C2-C3:0.0177;C2-H9:0.0001;C3-C4:0.0000;C3-H10:-0.0004;C4-C5:-0.0177;C4-H11:0.0004;C5-C6:0.0014;C5-H12:-0.0001;C6-C7:0.0048;C6-H13:0.0000;C7-H14:0.0000;C7-H15:-0.0000,C1-C2:0.0014;C1-C7:-0.0134;C1-H8:0.0623;C2-C3:0.0303;C2-H9:0.0962;C3-C4:0.0031;C3-H10:0.0938;C4-C5:-0.0244;C4-H11:0.0965;C5-C6:0.0061;C5-H12:0.0954;C6-C7:0.0148;C6-H13:0.0624;C7-H14:0.0001;C7-H15:0.0000,True,B,,0.1623826751423614,1.2452325747863964e-17,-3.6901833925975984e-19,4.34954871018978e-18,0.181755527417864,0.1917405362923058,Jen2005,1.2372,0.6915,"A""",,mu
C7H8,17,internal,975.9938,bend,,0.0230962386271799,0.0388007041932694,C1-C2:0.0000;C1-C7:-0.0022;C1-H8:0.0001;C2-C3:-0.0084;C2-H9:0.0000;C3-C4:-0.0000;C3-H10:-0.0009;C4-C5:0.0084;C4-H11:0.0009;C5-C6:-0.0000;C5-H12:-0.0000;C6-C7:0.0022;C6-H13:-0.0001;C7-H14:-0.0000;C7-H15:-0.0000,C1-C2:0.0030;C1-C7:-0.0092;C1-H8:0.0472;C2-C3:-0.0147;C2-H9:0.0477;C3-C4:0.0083;C3-H10:0.1613;C4-C5:0.0186;C4-H11:0.1651;C5-C6:0.0029;C5-H12:0.0476;C6-C7:0.0099;C6-H13:0.0463;C7-H14:0.0002;C7-H15:0.0000,True,B,,0.0522951581126161,0.0,-7.401486830834377e-18,-1.663155886293278e-17,0.0318407174900267,0.0394727836818361,Jen2005,1.3191,0.7403,"A""",,mu
C7H8,18,internal,1054.4368,stretch,,0.5521856735819088,0.0589202777449323,C1-C2:-0.0139;C1-C7:0.1279;C1-H8:0.0000;C2-C3:-0.1341;C2-H9:-0.0001;C3-C4:0.0000;C3-H10:-0.0001;C4-C5:0.1341;C4-H11:0.0001;C5-C6:0.0139;C5-H12:0.0001;C6-C7:-0.1279;C6-H13:-0.0000;C7-H14:-0.0000;C7-H15:0.0000,C1-C2:-0.0131;C1-C7:0.1537;C1-H8:0.0229;C2-C3:-0.1632;C2-H9:0.0323;C3-C4:0.0144;C3-H10:0.0340;C4-C5:0.1653;C4-H11:0.0362;C5-C6:0.0332;C5-H12:0.0339;C6-C7:-0.1510;C6-H13:0.0223;C7-H14:0.0076;C7-H15:0.0007,True,S,,-0.0029142113533794,-5.9760247708838856e-18,4.0697617546769486e-18,-3.395549603352729e-17,-0.0242274221140803,0.0126221561243421,Jen2005,2.2363,1.4649,"A""",,mu
C7H8,19,internal,1068.0099,bend,,0.2269043440007047,0.0513461992438191,C1-C2:0.0014;C1-C7:0.1033;C1-H8:0.0001;C2-C3:-0.0027;C2-H9:0.0003;C3-C4:-0.0059;C3-H10:-0.0001;C4-C5:-0.0027;C4-H11:-0.0001;C5-C6:0.0014;C5-H12:0.0003;C6-C7:0.1033;C6-H13:0.0001;C7-H14:0.0019;C7-H15:-0.0034,C1-C2:0.0176;C1-C7:0.1258;C1-H8:0.0064;C2-C3:-0.0095;C2-H9:0.0404;C3-C4:-0.0421;C3-H10:0.0113;C4-C5:-0.0095;C4-H11:0.0113;C5-C6:0.0176;C5-H12:0.0404;C6-C7:0.1258;C6-H13:0.0064;C7-H14:0.1620;C7-H15:0.1439,True,B,,-9.459493635970528e-18,-0.0856767910272388,0.0011172917171665,0.2492842107864719,-1.0792719435732252e-17,4.4236766748902074e-18,Jen2005,2.3558,1.5832,A',,mu
C7H8,20,internal,1265.8225,bend,,0.2377922954370901,0.0420052889631432,C1-C2:-0.0521;C1-C7:0.0200;C1-H8:0.0001;C2-C3:-0.0075;C2-H9:-0.0003;C3-C4:0.0768;C3-H10:0.0004;C4-C5:-0.0075;C4-H11:0.0004;C5-C6:-0.0521;C5-H12:-0.0003;C6-C7:0.0200;C6-H13:0.0001;C7-H14:-0.0001;C7-H15:-0.0000,C1-C2:-0.0685;C1-C7:0.0353;C1-H8:0.0786;C2-C3:-0.0103;C2-H9:0.0503;C3-C4:0.0837;C3-H10:0.0276;C4-C5:-0.0103;C4-H11:0.0276;C5-C6:-0.0685;C5-H12:0.0503;C6-C7:0.0353;C6-H13:0.0786;C7-H14:0.0032;C7-H15:0.0019,True,B,,2.4860628009003723e-19,-0.0773298060277468,-0.0333002768576562,-0.0528331975970111,2.567381635602184e-18,-1.4048515796296521e-18,Jen2005,1.2178,1.1497,A',,mu
C7H8,21,internal,1267.5811,bend,,0.0508618482988355,0.0318097330766656,C1-C2:-0.0154;C1-C7:-0.0026;C1-H8:0.0004;C2-C3:0.0065;C2-H9:-0.0005;C3-C4:0.0000;C3-H10:-0.0000;C4-C5:-0.0065;C4-H11:0.0000;C5-C6:0.0154;C5-H12:0.0005;C6-C7:0.0026;C6-H13:-0.0004;C7-H14:0.0000;C7-H15:0.0000,C1-C2:-0.0248;C1-C7:-0.0062;C1-H8:0.0811;C2-C3:0.0153;C2-H9:0.0571;C3-C4:0.0008;C3-H10:0.0023;C4-C5:-0.0143;C4-H11:0.0034;C5-C6:0.0270;C5-H12:0.0595;C6-C7:0.0069;C6-H13:0.0796;C7-H14:0.0608;C7-H15:0.0379,True,B,,-0.1170846509913541,1.4802973661668754e-17,-3.700743415417189e-18,2.777736212207348e-17,-0.1667275778954191,0.0451443821525143,Jen2005,1.1018,1.0431,"A""",,mu
C7H8,22,internal,1307.106,bend,,0.0754382301629567,0.0318383707561827,C1-C2:-0.0001;C1-C7:0.0031;C1-H8:0.0003;C2-C3:0.0092;C2-H9:-0.0003;C3-C4:-0.0469;C3-H10:-0.0012;C4-C5:0.0092;C4-H11:-0.0012;C5-C6:-0.0001;C5-H12:-0.0003;C6-C7:0.0031;C6-H13:0.0003;C7-H14:0.0001;C7-H15:-0.0002,C1-C2:-0.0002;C1-C7:0.0060;C1-H8:0.0141;C2-C3:0.0257;C2-H9:0.0333;C3-C4:-0.0623;C3-H10:0.1262;C4-C5:0.0257;C4-H11:0.1262;C5-C6:-0.0002;C5-H12:0.0333;C6-C7:0.0060;C6-H13:0.0141;C7-H14:0.0030;C7-H15:0.0015,True,B,,8.155888132211693e-18,-0.1035185044193689,-0.0998699328756271,-0.0263673874092376,-2.090296000838912e-18,-2.3365657880173877e-18,Jen2005,1.0904,1.0976,A',,mu
C7H8,23,internal,1326.9812,bend,,0.2216727204475456,0.0432953461746596,C1-C2:-0.0392;C1-C7:0.0577;C1-H8:0.0004;C2-C3:0.0134;C2-H9:0.0000;C3-C4:0.0000;C3-H10:-0.0000;C4-C5:-0.0134;C4-H11:0.0000;C5-C6:0.0392;C5-H12:-0.0000;C6-C7:-0.0577;C6-H13:-0.0004;C7-H14:0.0000;C7-H15:-0.0000,C1-C2:-0.0526;C1-C7:0.0675;C1-H8:0.0153;C2-C3:0.0287;C2-H9:0.0261;C3-C4:0.0002;C3-H10:0.0000;C4-C5:-0.0277;C4-H11:0.0019;C5-C6:0.0552;C5-H12:0.0259;C6-C7:-0.0672;C6-H13:0.0096;C7-H14:0.1381;C7-H15:0.1333,True,B,,-0.0994170927516582,4.108650548026103e-34,0.0,3.8836019355435906e-17,-0.0947990003746068,0.1242466038180535,Jen2005,1.1959,1.2407,"A""",,mu
C7H8,24,internal,1351.1449,bend,,0.1829095060826955,0.0520680512131541,C1-C2:0.0060;C1-C7:-0.0841;C1-H8:0.0000;C2-C3:-0.0014;C2-H9:-0.0000;C3-C4:0.0000;C3-H10:0.0000;C4-C5:0.0014;C4-H11:-0.0000;C5-C6:-0.0060;C5-H12:0.0000;C6-C7:0.0841;C6-H13:-0.0000;C7-H14:-0.0000;C7-H15:-0.0000,C1-C2:0.0270;C1-C7:-0.0872;C1-H8:0.0009;C2-C3:-0.0096;C2-H9:0.0002;C3-C4:0.0001;C3-H10:0.0003;C4-C5:0.0099;C4-H11:-0.0003;C5-C6:-0.0264;C5-H12:0.0009;C6-C7:0.0929;C6-H13:0.0008;C7-H14:0.2268;C7-H15:0.2974,True,B,,-0.1293367329368215,8.826948890784868e-18,3.6901833925975984e-19,-1.9152522371858528e-17,0.0231438604850071,0.1236020369247094,Jen2005,1.2927,1.3904,"A""",,mu
C7H8,25,internal,1442.8455,bend,,0.0869792459276568,0.0459341124232055,C1-C2:-0.0104;C1-C7:0.0274;C1-H8:-0.0011;C2-C3:-0.0037;C2-H9:0.0004;C3-C4:0.0000;C3-H10:-0.0005;C4-C5:0.0037;C4-H11:0.0005;C5-C6:0.0104;C5-H12:-0.0004;C6-C7:-0.0274;C6-H13:0.0011;C7-H14:-0.0000;C7-H15:0.0000,C1-C2:-0.0157;C1-C7:0.0513;C1-H8:0.0944;C2-C3:-0.0157;C2-H9:0.1065;C3-C4:0.0004;C3-H10:0.0464;C4-C5:0.0161;C4-H11:0.0506;C5-C6:0.0207;C5-H12:0.1048;C6-C7:-0.0510;C6-H13:0.1001;C7-H14:0.0144;C7-H15:0.0009,True,B,,0.0470781585747437,-2.96059473233375e-17,3.7007434154171884e-18,-9.230072032098405e-18,0.0522358735922145,0.0439753009573861,Jen2005,1.2744,1.5631,"A""",,mu
C7H8,26,internal,1469.3393,bend,,0.2209631557782139,0.0629617346352523,C1-C2:0.0095;C1-C7:0.0314;C1-H8:0.0000;C2-C3:-0.0638;C2-H9:0.0000;C3-C4:0.0114;C3-H10:-0.0001;C4-C5:-0.0638;C4-H11:-0.0001;C5-C6:0.0095;C5-H12:0.0000;C6-C7:0.0314;C6-H13:0.0000;C7-H14:0.0002;C7-H15:0.0000,C1-C2:0.0206;C1-C7:0.0642;C1-H8:0.1258;C2-C3:-0.0972;C2-H9:0.1350;C3-C4:0.0438;C3-H10:-0.0042;C4-C5:-0.0972;C4-H11:-0.0042;C5-C6:0.0206;C5-H12:0.1350;C6-C7:0.0642;C6-H13:0.1258;C7-H14:0.0062;C7-H15:0.0006,True,B,,-3.2973471225368697e-18,-0.4024299647775327,0.0110047319163961,-0.0025231187419977,-4.532482198515712e-18,1.7505003077889288e-17,Jen2005,1.4643,1.8626,A',,mu
C7H8,27,internal,1506.8695,bend,,0.2393165003931367,0.0579803378406401,C1-C2:-0.0022;C1-C7:0.0059;C1-H8:-0.0006;C2-C3:-0.1090;C2-H9:-0.0006;C3-C4:0.0000;C3-H10:-0.0014;C4-C5:0.1090;C4-H11:0.0014;C5-C6:0.0022;C5-H12:0.0006;C6-C7:-0.0059;C6-H13:0.0006;C7-H14:-0.0000;C7-H15:0.0000,C1-C2:-0.0038;C1-C7:0.0297;C1-H8:0.0278;C2-C3:-0.1333;C2-H9:0.0065;C3-C4:0.0116;C3-H10:0.2106;C4-C5:0.1335;C4-H11:0.2169;C5-C6:0.0085;C5-H12:0.0205;C6-C7:-0.0296;C6-H13:0.0361;C7-H14:0.0012;C7-H15:0.0003,True,B,,-0.2037741837822135,-1.4802973661668754e-17,-3.700743415417189e-18,5.5729016295703504e-18,-0.0648475695151071,-0.092132790457255,Jen2005,1.53,2.0469,"A""",,mu
C7H8,28,internal,1548.8901,stretch,,0.8157734753944386,0.1622177623827007,C1-C2:-0.0912;C1-C7:0.0276;C1-H8:-0.0007;C2-C3:0.1253;C2-H9:-0.0002;C3-C4:-0.3225;C3-H10:-0.0016;C4-C5:0.1253;C4-H11:-0.0016;C5-C6:-0.0912;C5-H12:-0.0002;C6-C7:0.0276;C6-H13:-0.0007;C7-H14:0.0001;C7-H15:-0.0000,C1-C2:-0.2837;C1-C7:0.1182;C1-H8:0.0616;C2-C3:0.3065;C2-H9:-0.0080;C3-C4:-0.5342;C3-H10:0.1568;C4-C5:0.3065;C4-H11:0.1568;C5-C6:-0.2837;C5-H12:-0.0080;C6-C7:0.1182;C6-H13:0.0616;C7-H14:0.0270;C7-H15:-0.0025,True,S,,1.0830658545321501e-17,-0.3552726416190405,0.1139770072456448,-0.1986392711145366,-2.6102653044652897e-17,-1.1441884214838284e-17,Jen2005,5.9724,8.4419,A',,mu
C7H8,29,internal,1559.8316,bend,,0.090929996302459,0.04176782403053,C1-C2:0.0046;C1-C7:-0.0286;C1-H8:0.0000;C2-C3:-0.0010;C2-H9:0.0000;C3-C4:0.0002;C3-H10:-0.0000;C4-C5:-0.0010;C4-H11:-0.0000;C5-C6:0.0046;C5-H12:0.0000;C6-C7:-0.0286;C6-H13:0.0000;C7-H14:0.0139;C7-H15:0.0083,C1-C2:0.0221;C1-C7:-0.0406;C1-H8:0.0013;C2-C3:-0.0080;C2-H9:0.0016;C3-C4:0.0043;C3-H10:-0.0001;C4-C5:-0.0080;C4-H11:-0.0001;C5-C6:0.0221;C5-H12:0.0016;C6-C7:-0.0406;C6-H13:0.0013;C7-H14:0.2421;C7-H15:0.2328,True,B,,2.5659546719317562e-18,-0.0188251720390262,-0.1074703930528677,0.1501024961595483,-6.02264137591912e-19,-1.8363880084694648e-17,Jen2005,1.1006,1.5778,A',,mu
C7H8,30,internal,1637.6737,stretch,,0.7240511038152633,0.1334312186690078,C1-C2:-0.2499;C1-C7:0.0332;C1-H8:-0.0020;C2-C3:0.0750;C2-H9:-0.0019;C3-C4:-0.0000;C3-H10:-0.0000;C4-C5:-0.0750;C4-H11:0.0000;C5-C6:0.2499;C5-H12:0.0019;C6-C7:-0.0332;C6-H13:0.0020;C7-H14:-0.0000;C7-H15:0.0000,C1-C2:-0.4265;C1-C7:0.1155;C1-H8:0.0485;C2-C3:0.1985;C2-H9:0.1348;C3-C4:0.0045;C3-H10:0.0032;C4-C5:-0.1670;C4-H11:0.0040;C5-C6:0.4274;C5-H12:0.1772;C6-C7:-0.0929;C6-H13:0.1147;C7-H14:0.0852;C7-H15:0.0014,True,S,,-0.2905249511719061,-5.551115123125783e-18,-7.401486830834377e-18,1.2974388460404729e-17,-0.1740427754183226,0.1397272140025347,Jen2005,4.8979,7.7396,"A""",,mu
C7H8,31,internal,1644.219,stretch,,0.5389653571376455,0.1134305675857149,C1-C2:-0.1551;C1-C7:0.0339;C1-H8:-0.0017;C2-C3:-0.0020;C2-H9:-0.0016;C3-C4:0.1470;C3-H10:0.0016;C4-C5:-0.0020;C4-H11:0.0016;C5-C6:-0.1551;C5-H12:-0.0016;C6-C7:0.0339;C6-H13:-0.0017;C7-H14:0.0001;C7-H15:0.0000,C1-C2:-0.2966;C1-C7:0.1035;C1-H8:0.0496;C2-C3:0.0200;C2-H9:0.0818;C3-C4:0.2870;C3-H10:0.1430;C4-C5:0.0200;C4-H11:0.1430;C5-C6:-0.2966;C5-H12:0.0818;C6-C7:0.1035;C6-H13:0.0496;C7-H14:0.0216;C7-H15:0.0036,True,S,,-3.935764571349045e-18,-0.00926468903418,0.2283063412118625,0.0163013587165656,-8.886010441700816e-18,-3.3817185283265303e-17,Jen2005,3.7107,5.9105,A',,mu
C7H8,32,internal,3069.1635,stretch,,0.9729231939673416,0.0886769133902863,C1-C2:-0.0000;C1-C7:-0.0137;C1-H8:0.0000;C2-C3:0.0000;C2-H9:-0.0000;C3-C4:-0.0000;C3-H10:0.0000;C4-C5:0.0000;C4-H11:0.0000;C5-C6:-0.0000;C5-H12:-0.0000;C6-C7:-0.0137;C6-H13:0.0000;C7-H14:0.1279;C7-H15:0.8176,C1-C2:-0.0001;C1-C7:-0.0228;C1-H8:0.0039;C2-C3:0.0005;C2-H9:-0.0059;C3-C4:-0.0010;C3-H10:0.0053;C4-C5:0.0005;C4-H11:0.0053;C5-C6:-0.0001;C5-H12:-0.0059;C6-C7:-0.0228;C6-H13:0.0039;C7-H14:0.3554;C7-H15:0.8966,True,S,,2.778342181484799e-18,-0.1066338050962036,-0.1471298938252928,0.1569829420301012,4.135228874072477e-18,-1.4329009995562013e-17,Jen2005,1.0621,5.8948,A',,mu
C7H8,33,internal,3146.2346,stretch,,0.9095647832730496,0.1261290430284841,C1-C2:0.0005;C1-C7:-0.0046;C1-H8:-0.0319;C2-C3:-0.0001;C2-H9:0.0069;C3-C4:0.0001;C3-H10:-0.0011;C4-C5:-0.0001;C4-H11:-0.0011;C5-C6:0.0005;C5-H12:0.0069;C6-C7:-0.0046;C6-H13:-0.0319;C7-H14:0.6996;C7-H15:-0.1195,C1-C2:0.0040;C1-C7:-0.0043;C1-H8:-0.1895;C2-C3:-0.0016;C2-H9:0.0882;C3-C4:0.0024;C3-H10:-0.0356;C4-C5:-0.0016;C4-H11:-0.0356;C5-C6:0.0040;C5-H12:0.0882;C6-C7:-0.0043;C6-H13:-0.1895;C7-H14:0.8830;C7-H15:-0.3602,True,S,,3.962004309831964e-18,-0.0319218511161156,-0.0349424107293748,0.0662023382384429,4.6315969914002544e-18,-5.301686343000835e-18,Jen2005,1.0963,6.3939,A',,mu
C7H8,34,internal,3152.1006,stretch,,0.9118860491640391,0.1382931177326077,C1-C2:-0.0013;C1-C7:0.0001;C1-H8:-0.0083;C2-C3:0.0046;C2-H9:0.0795;C3-C4:-0.0000;C3-H10:-0.3621;C4-C5:-0.0046;C4-H11:0.3621;C5-C6:0.0013;C5-H12:-0.0795;C6-C7:-0.0001;C6-H13:0.0083;C7-H14:-0.0000;C7-H15:-0.0000,C1-C2:-0.0063;C1-C7:0.0023;C1-H8:-0.0953;C2-C3:0.0102;C2-H9:0.2944;C3-C4:0.0023;C3-H10:-0.6284;C4-C5:-0.0081;C4-H11:0.6284;C5-C6:0.0067;C5-H12:-0.2944;C6-C7:-0.0023;C6-H13:0.0953;C7-H14:0.0000;C7-H15:0.0000,True,S,,-0.0641428249349521,8.826948890784868e-18,4.0697617546769486e-18,1.2015664129360042e-18,-0.0729379265445104,-0.0830923014230014,Jen2005,1.0837,6.3437,"A""",,mu
C7H8,35,internal,3163.447,stretch,,0.9362750662775704,0.1669727130403486,C1-C2:0.0058;C1-C7:-0.0008;C1-H8:0.0346;C2-C3:0.0039;C2-H9:-0.3255;C3-C4:-0.0033;C3-H10:0.0753;C4-C5:0.0039;C4-H11:0.0753;C5-C6:0.0058;C5-H12:-0.3255;C6-C7:-0.0008;C6-H13:0.0346;C7-H14:0.0334;C7-H15:-0.0078,C1-C2:0.0149;C1-C7:-0.0077;C1-H8:0.1936;C2-C3:0.0089;C2-H9:-0.5928;C3-C4:-0.0187;C3-H10:0.2851;C4-C5:0.0089;C4-H11:0.2851;C5-C6:0.0149;C5-H12:-0.5928;C6-C7:-0.0077;C6-H13:0.1936;C7-H14:0.1892;C7-H15:-0.0907,True,S,,1.1432309760143172e-17,-0.0296840697532926,-0.0328722809448675,-0.0120201294861668,-4.627553068913665e-18,2.9284127665719593e-18,Jen2005,1.0865,6.4063,A',,mu
C7H8,36,internal,3167.8923,stretch,,0.9477196356737037,0.1601293644267839,C1-C2:0.0036;C1-C7:-0.0016;C1-H8:0.0850;C2-C3:0.0071;C2-H9:-0.2889;C3-C4:-0.0000;C3-H10:-0.0876;C4-C5:-0.0071;C4-H11:0.0876;C5-C6:-0.0036;C5-H12:0.2889;C6-C7:0.0016;C6-H13:-0.0850;C7-H14:-0.0000;C7-H15:0.0000,C1-C2:0.0092;C1-C7:-0.0081;C1-H8:0.3014;C2-C3:0.0231;C2-H9:-0.5547;C3-C4:0.0006;C3-H10:-0.3053;C4-C5:-0.0228;C4-H11:0.3054;C5-C6:-0.0071;C5-H12:0.5547;C6-C7:0.0083;C6-H13:-0.3014;C7-H14:0.0000;C7-H15:0.0000,True,S,,0.0612356414000626,7.401486830834377e-18,0.0,-7.37970032438981e-18,0.0548158148790725,0.0776521378493267,Jen2005,1.0853,6.4174,"A""",,mu
C7H8,37,internal,3181.439,stretch,,0.9792244036925576,0.1568068442805657,C1-C2:-0.0004;C1-C7:-0.0009;C1-H8:0.0513;C2-C3:0.0081;C2-H9:-0.0425;C3-C4:0.0168;C3-H10:-0.3745;C4-C5:0.0081;C4-H11:-0.3745;C5-C6:-0.0004;C5-H12:-0.0425;C6-C7:-0.0009;C6-H13:0.0513;C7-H14:0.0061;C7-H15:-0.0009,C1-C2:-0.0014;C1-C7:-0.0074;C1-H8:0.2323;C2-C3:0.0220;C2-H9:-0.2111;C3-C4:0.0415;C3-H10:-0.6264;C4-C5:0.0220;C4-H11:-0.6264;C5-C6:-0.0014;C5-H12:-0.2111;C6-C7:-0.0074;C6-H13:0.2323;C7-H14:0.0793;C7-H15:-0.0302,True,S,,-3.4467637838853207e-18,-0.0384673960143598,-0.0453643425917467,0.0008940570459441,-9.936799978164868e-19,-2.515127963574548e-18,Jen2005,1.0923,6.514,A',,mu
C7H8,38,internal,3196.8387,stretch,,0.9743194945107868,0.1405622761218025,C1-C2:-0.0132;C1-C7:-0.0073;C1-H8:0.3708;C2-C3:-0.0018;C2-H9:0.0917;C3-C4:0.0000;C3-H10:0.0025;C4-C5:0.0018;C4-H11:-0.0025;C5-C6:0.0132;C5-H12:-0.0917;C6-C7:0.0073;C6-H13:-0.3708;C7-H14:-0.0000;C7-H15:0.0000,C1-C2:-0.0354;C1-C7:-0.0159;C1-H8:0.6296;C2-C3:-0.0086;C2-H9:0.3126;C3-C4:0.0000;C3-H10:0.0513;C4-C5:0.0089;C4-H11:-0.0513;C5-C6:0.0357;C5-H12:-0.3125;C6-C7:0.0170;C6-H13:-0.6295;C7-H14:0.0000;C7-H15:0.0000,True,S,,0.0934826549469467,-7.401486830834377e-18,-1.1102230246251566e-17,2.1786506444567588e-20,0.0561953061500275,0.0477693110319218,Jen2005,1.0952,6.5943,"A""",,mu
C7H8,39,internal,3202.1559,stretch,,0.9892230217968928,0.1653853619873293,C1-C2:-0.0124;C1-C7:-0.0059;C1-H8:0.3521;C2-C3:-0.0018;C2-H9:0.0851;C3-C4:-0.0007;C3-H10:0.0181;C4-C5:-0.0018;C4-H11:0.0181;C5-C6:-0.0124;C5-H12:0.0851;C6-C7:-0.0059;C6-H13:0.3521;C7-H14:0.0317;C7-H15:-0.0059,C1-C2:-0.0339;C1-C7:-0.0178;C1-H8:0.6083;C2-C3:-0.0103;C2-H9:0.2986;C3-C4:-0.0084;C3-H10:0.1375;C4-C5:-0.0103;C4-H11:0.1375;C5-C6:-0.0339;C5-H12:0.2986;C6-C7:-0.0178;C6-H13:0.6083;C7-H14:0.1816;C7-H15:-0.0778,True,S,,6.29140131284703e-07,-0.032885045098117,-0.0495593763648263,0.01058120236614,-1.0076548815548638e-06,-6.683869591180932e-07,Jen2005,1.0967,6.6253,A',,mu
